# 3ds Max Wavefront OBJ Exporter v0.97b - (c)2007 guruware
# File Created: 14.12.2018 00:02:57

mtllib Switch.mtl

#
# object SwitchMain
#

v  -2.5590 -4.5126 -0.2845
v  2.5470 -4.5126 -0.2845
v  -2.5590 2.9163 -0.2845
v  2.5470 2.9163 -0.2845
v  -2.5590 -4.5126 0.4319
v  2.5470 -4.5126 0.4319
v  -2.5590 2.9163 0.4319
v  2.5470 2.9163 0.4319
v  1.0201 -0.3521 0.4256
v  1.8816 -0.3521 0.4256
v  1.0201 2.0596 0.4256
v  1.8816 2.0596 0.4256
v  1.0201 -0.3521 0.5146
v  1.8816 -0.3521 0.5146
v  1.0201 2.0596 0.5146
v  1.8816 2.0596 0.5146
v  1.1462 -0.0862 0.5121
v  1.7661 -0.0862 0.5121
v  1.7661 1.7938 0.5121
v  1.1462 1.7938 0.5121
v  1.3474 -0.0862 0.5121
v  1.5650 -0.0862 0.5121
v  1.5650 1.7938 0.5121
v  1.3474 1.7938 0.5121
v  1.7661 -0.0862 1.0783
v  1.7661 1.7938 1.0783
v  1.6241 1.7938 1.0783
v  1.6241 -0.0862 1.0783
v  1.1462 -0.0862 1.0783
v  1.2882 -0.0862 1.0783
v  1.2882 1.7938 1.0783
v  1.1462 1.7938 1.0783
v  1.4508 1.9267 0.6127
v  1.4508 1.9769 0.5993
v  1.4257 1.9702 0.5993
v  1.4074 1.9518 0.5993
v  1.4007 1.9267 0.5993
v  1.4074 1.9016 0.5993
v  1.4257 1.8833 0.5993
v  1.4508 1.8765 0.5993
v  1.4759 1.8833 0.5993
v  1.4943 1.9016 0.5993
v  1.5010 1.9267 0.5993
v  1.4943 1.9518 0.5993
v  1.4759 1.9702 0.5993
v  1.4508 2.0136 0.5626
v  1.4074 2.0020 0.5626
v  1.3756 1.9702 0.5626
v  1.3639 1.9267 0.5626
v  1.3756 1.8833 0.5626
v  1.4074 1.8515 0.5626
v  1.4508 1.8398 0.5626
v  1.4943 1.8515 0.5626
v  1.5261 1.8833 0.5626
v  1.5377 1.9267 0.5626
v  1.5261 1.9702 0.5626
v  1.4943 2.0020 0.5626
v  1.4508 2.0270 0.5124
v  1.4007 2.0136 0.5124
v  1.3639 1.9769 0.5124
v  1.3505 1.9267 0.5124
v  1.3639 1.8765 0.5124
v  1.4007 1.8398 0.5124
v  1.4508 1.8264 0.5124
v  1.5010 1.8398 0.5124
v  1.5377 1.8765 0.5124
v  1.5512 1.9267 0.5124
v  1.5377 1.9769 0.5124
v  1.5010 2.0136 0.5124
v  1.4508 -0.2194 0.6127
v  1.4508 -0.1692 0.5993
v  1.4257 -0.1759 0.5993
v  1.4074 -0.1943 0.5993
v  1.4007 -0.2194 0.5993
v  1.4074 -0.2445 0.5993
v  1.4257 -0.2628 0.5993
v  1.4508 -0.2695 0.5993
v  1.4759 -0.2628 0.5993
v  1.4943 -0.2445 0.5993
v  1.5010 -0.2194 0.5993
v  1.4943 -0.1943 0.5993
v  1.4759 -0.1759 0.5993
v  1.4508 -0.1325 0.5626
v  1.4074 -0.1441 0.5626
v  1.3756 -0.1759 0.5626
v  1.3639 -0.2194 0.5626
v  1.3756 -0.2628 0.5626
v  1.4074 -0.2946 0.5626
v  1.4508 -0.3063 0.5626
v  1.4943 -0.2946 0.5626
v  1.5261 -0.2628 0.5626
v  1.5377 -0.2194 0.5626
v  1.5261 -0.1759 0.5626
v  1.4943 -0.1441 0.5626
v  1.4508 -0.1190 0.5124
v  1.4007 -0.1325 0.5124
v  1.3639 -0.1692 0.5124
v  1.3505 -0.2194 0.5124
v  1.3639 -0.2695 0.5124
v  1.4007 -0.3063 0.5124
v  1.4508 -0.3197 0.5124
v  1.5010 -0.3063 0.5124
v  1.5377 -0.2695 0.5124
v  1.5512 -0.2194 0.5124
v  1.5377 -0.1692 0.5124
v  1.5010 -0.1325 0.5124
v  -1.8762 -0.3521 0.4256
v  -1.0148 -0.3521 0.4256
v  -1.8762 2.0596 0.4256
v  -1.0148 2.0596 0.4256
v  -1.8762 -0.3521 0.5146
v  -1.0148 -0.3521 0.5146
v  -1.8762 2.0596 0.5146
v  -1.0148 2.0596 0.5146
v  -1.7501 -0.0862 0.5121
v  -1.1302 -0.0862 0.5121
v  -1.1302 1.7938 0.5121
v  -1.7501 1.7938 0.5121
v  -1.5490 -0.0862 0.5121
v  -1.3314 -0.0862 0.5121
v  -1.3314 1.7938 0.5121
v  -1.5490 1.7938 0.5121
v  -1.1302 -0.0862 1.0783
v  -1.1302 1.7938 1.0783
v  -1.2722 1.7938 1.0783
v  -1.2722 -0.0862 1.0783
v  -1.7501 -0.0862 1.0783
v  -1.6081 -0.0862 1.0783
v  -1.6081 1.7938 1.0783
v  -1.7501 1.7938 1.0783
v  -1.4455 1.9267 0.6127
v  -1.4455 1.9769 0.5993
v  -1.4706 1.9702 0.5993
v  -1.4890 1.9518 0.5993
v  -1.4957 1.9267 0.5993
v  -1.4890 1.9016 0.5993
v  -1.4706 1.8833 0.5993
v  -1.4455 1.8765 0.5993
v  -1.4204 1.8833 0.5993
v  -1.4021 1.9016 0.5993
v  -1.3954 1.9267 0.5993
v  -1.4021 1.9518 0.5993
v  -1.4204 1.9702 0.5993
v  -1.4455 2.0136 0.5626
v  -1.4890 2.0020 0.5626
v  -1.5208 1.9702 0.5626
v  -1.5324 1.9267 0.5626
v  -1.5208 1.8833 0.5626
v  -1.4890 1.8515 0.5626
v  -1.4455 1.8398 0.5626
v  -1.4021 1.8515 0.5626
v  -1.3703 1.8833 0.5626
v  -1.3586 1.9267 0.5626
v  -1.3703 1.9702 0.5626
v  -1.4021 2.0020 0.5626
v  -1.4455 2.0270 0.5124
v  -1.4957 2.0136 0.5124
v  -1.5324 1.9769 0.5124
v  -1.5459 1.9267 0.5124
v  -1.5324 1.8765 0.5124
v  -1.4957 1.8398 0.5124
v  -1.4455 1.8264 0.5124
v  -1.3954 1.8398 0.5124
v  -1.3586 1.8765 0.5124
v  -1.3452 1.9267 0.5124
v  -1.3586 1.9769 0.5124
v  -1.3954 2.0136 0.5124
v  -1.4455 -0.2194 0.6127
v  -1.4455 -0.1692 0.5993
v  -1.4706 -0.1759 0.5993
v  -1.4890 -0.1943 0.5993
v  -1.4957 -0.2194 0.5993
v  -1.4890 -0.2445 0.5993
v  -1.4706 -0.2628 0.5993
v  -1.4455 -0.2695 0.5993
v  -1.4204 -0.2628 0.5993
v  -1.4021 -0.2445 0.5993
v  -1.3954 -0.2194 0.5993
v  -1.4021 -0.1943 0.5993
v  -1.4204 -0.1759 0.5993
v  -1.4455 -0.1325 0.5626
v  -1.4890 -0.1441 0.5626
v  -1.5208 -0.1759 0.5626
v  -1.5324 -0.2194 0.5626
v  -1.5208 -0.2628 0.5626
v  -1.4890 -0.2946 0.5626
v  -1.4455 -0.3063 0.5626
v  -1.4021 -0.2946 0.5626
v  -1.3703 -0.2628 0.5626
v  -1.3586 -0.2194 0.5626
v  -1.3703 -0.1759 0.5626
v  -1.4021 -0.1441 0.5626
v  -1.4455 -0.1190 0.5124
v  -1.4957 -0.1325 0.5124
v  -1.5324 -0.1692 0.5124
v  -1.5459 -0.2194 0.5124
v  -1.5324 -0.2695 0.5124
v  -1.4957 -0.3063 0.5124
v  -1.4455 -0.3197 0.5124
v  -1.3954 -0.3063 0.5124
v  -1.3586 -0.2695 0.5124
v  -1.3452 -0.2194 0.5124
v  -1.3586 -0.1692 0.5124
v  -1.3954 -0.1325 0.5124
v  -1.8762 -4.1934 0.4256
v  -1.0148 -4.1934 0.4256
v  -1.8762 -2.4935 0.4256
v  -1.0148 -2.4935 0.4256
v  -1.8762 -4.1934 0.5146
v  -1.0148 -4.1934 0.5146
v  -1.8762 -2.4935 0.5146
v  -1.0148 -2.4935 0.5146
v  -1.7174 -3.9276 0.5121
v  -1.1683 -3.9276 0.5121
v  -1.1683 -2.7593 0.5121
v  -1.7174 -2.7593 0.5121
v  -1.5741 -3.9276 0.5121
v  -1.3116 -3.9276 0.5121
v  -1.3116 -2.7593 0.5121
v  -1.5741 -2.7593 0.5121
v  -1.1683 -3.9276 0.9168
v  -1.1683 -2.7593 0.9168
v  -1.3103 -2.7593 0.9168
v  -1.3103 -3.9276 0.9168
v  -1.7174 -3.9276 0.9168
v  -1.5754 -3.9276 0.9168
v  -1.5754 -2.7593 0.9168
v  -1.7174 -2.7593 0.9168
v  -1.4455 -2.6264 0.6127
v  -1.4455 -2.5762 0.5993
v  -1.4706 -2.5829 0.5993
v  -1.4890 -2.6013 0.5993
v  -1.4957 -2.6264 0.5993
v  -1.4890 -2.6514 0.5993
v  -1.4706 -2.6698 0.5993
v  -1.4455 -2.6765 0.5993
v  -1.4204 -2.6698 0.5993
v  -1.4021 -2.6514 0.5993
v  -1.3954 -2.6264 0.5993
v  -1.4021 -2.6013 0.5993
v  -1.4204 -2.5829 0.5993
v  -1.4455 -2.5395 0.5626
v  -1.4890 -2.5511 0.5626
v  -1.5208 -2.5829 0.5626
v  -1.5324 -2.6264 0.5626
v  -1.5208 -2.6698 0.5626
v  -1.4890 -2.7016 0.5626
v  -1.4455 -2.7133 0.5626
v  -1.4021 -2.7016 0.5626
v  -1.3703 -2.6698 0.5626
v  -1.3586 -2.6264 0.5626
v  -1.3703 -2.5829 0.5626
v  -1.4021 -2.5511 0.5626
v  -1.4455 -2.5260 0.5124
v  -1.4957 -2.5395 0.5124
v  -1.5324 -2.5762 0.5124
v  -1.5459 -2.6264 0.5124
v  -1.5324 -2.6765 0.5124
v  -1.4957 -2.7133 0.5124
v  -1.4455 -2.7267 0.5124
v  -1.3954 -2.7133 0.5124
v  -1.3586 -2.6765 0.5124
v  -1.3452 -2.6264 0.5124
v  -1.3586 -2.5762 0.5124
v  -1.3954 -2.5395 0.5124
v  -1.4455 -4.0607 0.6127
v  -1.4455 -4.0105 0.5993
v  -1.4706 -4.0173 0.5993
v  -1.4890 -4.0356 0.5993
v  -1.4957 -4.0607 0.5993
v  -1.4890 -4.0858 0.5993
v  -1.4706 -4.1041 0.5993
v  -1.4455 -4.1109 0.5993
v  -1.4204 -4.1041 0.5993
v  -1.4021 -4.0858 0.5993
v  -1.3954 -4.0607 0.5993
v  -1.4021 -4.0356 0.5993
v  -1.4204 -4.0173 0.5993
v  -1.4455 -3.9738 0.5626
v  -1.4890 -3.9854 0.5626
v  -1.5208 -4.0173 0.5626
v  -1.5324 -4.0607 0.5626
v  -1.5208 -4.1041 0.5626
v  -1.4890 -4.1360 0.5626
v  -1.4455 -4.1476 0.5626
v  -1.4021 -4.1360 0.5626
v  -1.3703 -4.1041 0.5626
v  -1.3586 -4.0607 0.5626
v  -1.3703 -4.0173 0.5626
v  -1.4021 -3.9854 0.5626
v  -1.4455 -3.9604 0.5124
v  -1.4957 -3.9738 0.5124
v  -1.5324 -4.0105 0.5124
v  -1.5459 -4.0607 0.5124
v  -1.5324 -4.1109 0.5124
v  -1.4957 -4.1476 0.5124
v  -1.4455 -4.1610 0.5124
v  -1.3954 -4.1476 0.5124
v  -1.3586 -4.1109 0.5124
v  -1.3452 -4.0607 0.5124
v  -1.3586 -4.0105 0.5124
v  -1.3954 -3.9738 0.5124
v  -1.1683 -3.8161 1.0350
v  -1.1683 -3.5797 1.1348
v  -1.1683 -3.3434 1.1668
v  -1.1683 -3.1071 1.1348
v  -1.1683 -2.8708 1.0350
v  -1.3103 -2.8708 1.0350
v  -1.3103 -3.1071 1.1348
v  -1.3103 -3.3434 1.1668
v  -1.3103 -3.5797 1.1348
v  -1.3103 -3.8161 1.0350
v  -1.5754 -3.8161 1.0350
v  -1.5754 -3.5797 1.1348
v  -1.5754 -3.3434 1.1668
v  -1.5754 -3.1071 1.1348
v  -1.5754 -2.8708 1.0350
v  -1.7174 -2.8708 1.0350
v  -1.7174 -3.1071 1.1348
v  -1.7174 -3.3434 1.1668
v  -1.7174 -3.5797 1.1348
v  -1.7174 -3.8161 1.0350
v  1.0203 -4.1950 0.4256
v  1.8817 -4.1950 0.4256
v  1.0203 -2.4950 0.4256
v  1.8817 -2.4950 0.4256
v  1.0203 -4.1950 0.5146
v  1.8817 -4.1950 0.5146
v  1.0203 -2.4950 0.5146
v  1.8817 -2.4950 0.5146
v  1.1826 -3.9291 0.5121
v  1.7280 -3.9291 0.5121
v  1.7280 -2.7609 0.5121
v  1.1826 -2.7609 0.5121
v  1.3259 -3.9291 0.5121
v  1.5847 -3.9291 0.5121
v  1.5847 -2.7609 0.5121
v  1.3259 -2.7609 0.5121
v  1.7280 -3.9291 0.9168
v  1.7280 -2.7609 0.9168
v  1.5860 -2.7609 0.9168
v  1.5860 -3.9291 0.9168
v  1.1826 -3.9291 0.9168
v  1.3246 -3.9291 0.9168
v  1.3246 -2.7609 0.9168
v  1.1826 -2.7609 0.9168
v  1.4510 -2.6279 0.6127
v  1.4510 -2.5778 0.5993
v  1.4259 -2.5845 0.5993
v  1.4075 -2.6029 0.5993
v  1.4008 -2.6279 0.5993
v  1.4075 -2.6530 0.5993
v  1.4259 -2.6714 0.5993
v  1.4510 -2.6781 0.5993
v  1.4761 -2.6714 0.5993
v  1.4944 -2.6530 0.5993
v  1.5012 -2.6279 0.5993
v  1.4944 -2.6029 0.5993
v  1.4761 -2.5845 0.5993
v  1.4510 -2.5410 0.5626
v  1.4075 -2.5527 0.5626
v  1.3757 -2.5845 0.5626
v  1.3641 -2.6279 0.5626
v  1.3757 -2.6714 0.5626
v  1.4075 -2.7032 0.5626
v  1.4510 -2.7148 0.5626
v  1.4944 -2.7032 0.5626
v  1.5262 -2.6714 0.5626
v  1.5379 -2.6279 0.5626
v  1.5262 -2.5845 0.5626
v  1.4944 -2.5527 0.5626
v  1.4510 -2.5276 0.5124
v  1.4008 -2.5410 0.5124
v  1.3641 -2.5778 0.5124
v  1.3506 -2.6279 0.5124
v  1.3641 -2.6781 0.5124
v  1.4008 -2.7148 0.5124
v  1.4510 -2.7283 0.5124
v  1.5012 -2.7148 0.5124
v  1.5379 -2.6781 0.5124
v  1.5513 -2.6279 0.5124
v  1.5379 -2.5778 0.5124
v  1.5012 -2.5410 0.5124
v  1.4510 -4.0623 0.6127
v  1.4510 -4.0121 0.5993
v  1.4259 -4.0188 0.5993
v  1.4075 -4.0372 0.5993
v  1.4008 -4.0623 0.5993
v  1.4075 -4.0874 0.5993
v  1.4259 -4.1057 0.5993
v  1.4510 -4.1124 0.5993
v  1.4761 -4.1057 0.5993
v  1.4944 -4.0874 0.5993
v  1.5012 -4.0623 0.5993
v  1.4944 -4.0372 0.5993
v  1.4761 -4.0188 0.5993
v  1.4510 -3.9754 0.5626
v  1.4075 -3.9870 0.5626
v  1.3757 -4.0188 0.5626
v  1.3641 -4.0623 0.5626
v  1.3757 -4.1057 0.5626
v  1.4075 -4.1375 0.5626
v  1.4510 -4.1492 0.5626
v  1.4944 -4.1375 0.5626
v  1.5262 -4.1057 0.5626
v  1.5379 -4.0623 0.5626
v  1.5262 -4.0188 0.5626
v  1.4944 -3.9870 0.5626
v  1.4510 -3.9619 0.5124
v  1.4008 -3.9754 0.5124
v  1.3641 -4.0121 0.5124
v  1.3506 -4.0623 0.5124
v  1.3641 -4.1124 0.5124
v  1.4008 -4.1492 0.5124
v  1.4510 -4.1626 0.5124
v  1.5012 -4.1492 0.5124
v  1.5379 -4.1124 0.5124
v  1.5513 -4.0623 0.5124
v  1.5379 -4.0121 0.5124
v  1.5012 -3.9754 0.5124
v  1.7280 -3.8176 1.0350
v  1.7280 -3.5813 1.1348
v  1.7280 -3.3450 1.1668
v  1.7280 -3.1087 1.1348
v  1.7280 -2.8724 1.0350
v  1.5860 -2.8724 1.0350
v  1.5860 -3.1087 1.1348
v  1.5860 -3.3450 1.1668
v  1.5860 -3.5813 1.1348
v  1.5860 -3.8176 1.0350
v  1.3246 -3.8176 1.0350
v  1.3246 -3.5813 1.1348
v  1.3246 -3.3450 1.1668
v  1.3246 -3.1087 1.1348
v  1.3246 -2.8724 1.0350
v  1.1826 -2.8724 1.0350
v  1.1826 -3.1087 1.1348
v  1.1826 -3.3450 1.1668
v  1.1826 -3.5813 1.1348
v  1.1826 -3.8176 1.0350
v  -1.8149 -3.3442 0.9356
v  -1.8015 -3.2940 0.9356
v  -1.8015 -3.3008 0.9105
v  -1.8015 -3.3191 0.8921
v  -1.8015 -3.3442 0.8854
v  -1.8015 -3.3693 0.8921
v  -1.8015 -3.3877 0.9105
v  -1.8015 -3.3944 0.9356
v  -1.8015 -3.3877 0.9607
v  -1.8015 -3.3693 0.9790
v  -1.8015 -3.3442 0.9858
v  -1.8015 -3.3191 0.9790
v  -1.8015 -3.3008 0.9607
v  -1.7647 -3.2573 0.9356
v  -1.7647 -3.2690 0.8921
v  -1.7647 -3.3008 0.8603
v  -1.7647 -3.3442 0.8487
v  -1.7647 -3.3877 0.8603
v  -1.7647 -3.4195 0.8921
v  -1.7647 -3.4311 0.9356
v  -1.7647 -3.4195 0.9790
v  -1.7647 -3.3877 1.0108
v  -1.7647 -3.3442 1.0225
v  -1.7647 -3.3008 1.0108
v  -1.7647 -3.2690 0.9790
v  -1.7146 -3.2439 0.9356
v  -1.7146 -3.2573 0.8854
v  -1.7146 -3.2940 0.8487
v  -1.7146 -3.3442 0.8353
v  -1.7146 -3.3944 0.8487
v  -1.7146 -3.4311 0.8854
v  -1.7146 -3.4446 0.9356
v  -1.7146 -3.4311 0.9858
v  -1.7146 -3.3944 1.0225
v  -1.7146 -3.3442 1.0359
v  -1.7146 -3.2940 1.0225
v  -1.7146 -3.2573 0.9858
v  -1.0695 -3.3442 0.9356
v  -1.0830 -3.2940 0.9356
v  -1.0830 -3.3008 0.9607
v  -1.0830 -3.3191 0.9790
v  -1.0830 -3.3442 0.9858
v  -1.0830 -3.3693 0.9790
v  -1.0830 -3.3877 0.9607
v  -1.0830 -3.3944 0.9356
v  -1.0830 -3.3877 0.9105
v  -1.0830 -3.3693 0.8921
v  -1.0830 -3.3442 0.8854
v  -1.0830 -3.3191 0.8921
v  -1.0830 -3.3008 0.9105
v  -1.1197 -3.2573 0.9356
v  -1.1197 -3.2690 0.9790
v  -1.1197 -3.3008 1.0108
v  -1.1197 -3.3442 1.0225
v  -1.1197 -3.3877 1.0108
v  -1.1197 -3.4195 0.9790
v  -1.1197 -3.4311 0.9356
v  -1.1197 -3.4195 0.8921
v  -1.1197 -3.3877 0.8603
v  -1.1197 -3.3442 0.8487
v  -1.1197 -3.3008 0.8603
v  -1.1197 -3.2690 0.8921
v  -1.1699 -3.2439 0.9356
v  -1.1699 -3.2573 0.9858
v  -1.1699 -3.2940 1.0225
v  -1.1699 -3.3442 1.0359
v  -1.1699 -3.3944 1.0225
v  -1.1699 -3.4311 0.9858
v  -1.1699 -3.4446 0.9356
v  -1.1699 -3.4311 0.8854
v  -1.1699 -3.3944 0.8487
v  -1.1699 -3.3442 0.8353
v  -1.1699 -3.2940 0.8487
v  -1.1699 -3.2573 0.8854
v  1.0848 -3.3442 0.9356
v  1.0982 -3.2940 0.9356
v  1.0982 -3.3008 0.9105
v  1.0982 -3.3191 0.8921
v  1.0982 -3.3442 0.8854
v  1.0982 -3.3693 0.8921
v  1.0982 -3.3877 0.9105
v  1.0982 -3.3944 0.9356
v  1.0982 -3.3877 0.9607
v  1.0982 -3.3693 0.9790
v  1.0982 -3.3442 0.9858
v  1.0982 -3.3191 0.9790
v  1.0982 -3.3008 0.9607
v  1.1349 -3.2573 0.9356
v  1.1349 -3.2690 0.8921
v  1.1349 -3.3008 0.8603
v  1.1349 -3.3442 0.8487
v  1.1349 -3.3877 0.8603
v  1.1349 -3.4195 0.8921
v  1.1349 -3.4311 0.9356
v  1.1349 -3.4195 0.9790
v  1.1349 -3.3877 1.0108
v  1.1349 -3.3442 1.0225
v  1.1349 -3.3008 1.0108
v  1.1349 -3.2690 0.9790
v  1.1851 -3.2439 0.9356
v  1.1851 -3.2573 0.8854
v  1.1851 -3.2940 0.8487
v  1.1851 -3.3442 0.8353
v  1.1851 -3.3944 0.8487
v  1.1851 -3.4311 0.8854
v  1.1851 -3.4446 0.9356
v  1.1851 -3.4311 0.9858
v  1.1851 -3.3944 1.0225
v  1.1851 -3.3442 1.0359
v  1.1851 -3.2940 1.0225
v  1.1851 -3.2573 0.9858
v  1.8264 -3.3442 0.9356
v  1.8129 -3.2940 0.9356
v  1.8129 -3.3008 0.9607
v  1.8129 -3.3191 0.9790
v  1.8129 -3.3442 0.9858
v  1.8129 -3.3693 0.9790
v  1.8129 -3.3877 0.9607
v  1.8129 -3.3944 0.9356
v  1.8129 -3.3877 0.9105
v  1.8129 -3.3693 0.8921
v  1.8129 -3.3442 0.8854
v  1.8129 -3.3191 0.8921
v  1.8129 -3.3008 0.9105
v  1.7762 -3.2573 0.9356
v  1.7762 -3.2690 0.9790
v  1.7762 -3.3008 1.0108
v  1.7762 -3.3442 1.0225
v  1.7762 -3.3877 1.0108
v  1.7762 -3.4195 0.9790
v  1.7762 -3.4311 0.9356
v  1.7762 -3.4195 0.8921
v  1.7762 -3.3877 0.8603
v  1.7762 -3.3442 0.8487
v  1.7762 -3.3008 0.8603
v  1.7762 -3.2690 0.8921
v  1.7260 -3.2439 0.9356
v  1.7260 -3.2573 0.9858
v  1.7260 -3.2940 1.0225
v  1.7260 -3.3442 1.0359
v  1.7260 -3.3944 1.0225
v  1.7260 -3.4311 0.9858
v  1.7260 -3.4446 0.9356
v  1.7260 -3.4311 0.8854
v  1.7260 -3.3944 0.8487
v  1.7260 -3.3442 0.8353
v  1.7260 -3.2940 0.8487
v  1.7260 -3.2573 0.8854
# 588 vertices

vn 0.0000 -0.0000 1.0000
vn 0.0000 -0.0000 1.0000
vn 0.0000 -0.0000 1.0000
vn 0.0000 -0.0000 1.0000
vn 0.0000 -1.0000 -0.0000
vn 0.0000 -1.0000 -0.0000
vn 0.0000 -1.0000 -0.0000
vn 0.0000 -1.0000 -0.0000
vn 1.0000 0.0000 -0.0000
vn 1.0000 0.0000 -0.0000
vn 1.0000 0.0000 -0.0000
vn 1.0000 0.0000 -0.0000
vn 0.0000 1.0000 -0.0000
vn 0.0000 1.0000 -0.0000
vn 0.0000 1.0000 -0.0000
vn 0.0000 1.0000 -0.0000
vn -1.0000 0.0000 0.0000
vn -1.0000 0.0000 0.0000
vn -1.0000 0.0000 0.0000
vn -1.0000 0.0000 0.0000
vn 0.0000 -1.0000 -0.0000
vn 0.0000 -1.0000 -0.0000
vn 0.0000 -1.0000 -0.0000
vn 0.0000 -1.0000 -0.0000
vn 1.0000 0.0000 -0.0000
vn 1.0000 0.0000 -0.0000
vn 1.0000 0.0000 -0.0000
vn 1.0000 0.0000 -0.0000
vn 0.0000 1.0000 -0.0000
vn 0.0000 1.0000 -0.0000
vn 0.0000 1.0000 -0.0000
vn 0.0000 1.0000 -0.0000
vn -1.0000 -0.0000 -0.0000
vn -1.0000 -0.0000 -0.0000
vn -1.0000 -0.0000 -0.0000
vn -1.0000 -0.0000 -0.0000
vn 0.0000 0.0000 1.0000
vn 0.0000 0.0000 1.0000
vn 0.0000 0.0000 1.0000
vn 0.0000 0.0000 1.0000
vn 0.0000 0.0000 1.0000
vn 0.0000 0.0000 1.0000
vn 0.0000 0.0000 1.0000
vn 0.0000 0.0000 1.0000
vn 1.0000 0.0000 -0.0000
vn 1.0000 0.0000 -0.0000
vn 1.0000 0.0000 -0.0000
vn 1.0000 0.0000 -0.0000
vn 0.0000 1.0000 -0.0000
vn 0.0000 1.0000 -0.0000
vn 0.0000 1.0000 -0.0000
vn 0.0000 1.0000 -0.0000
vn -0.9946 -0.0000 0.1039
vn -0.9946 -0.0000 0.1039
vn -0.9946 -0.0000 0.1039
vn -0.9946 -0.0000 0.1039
vn 0.0000 -1.0000 -0.0000
vn 0.0000 -1.0000 -0.0000
vn 0.0000 -1.0000 -0.0000
vn 0.0000 -1.0000 -0.0000
vn 0.0000 -1.0000 -0.0000
vn 0.0000 -1.0000 -0.0000
vn 0.0000 -1.0000 -0.0000
vn 0.0000 -1.0000 -0.0000
vn 0.9946 0.0000 0.1039
vn 0.9946 0.0000 0.1039
vn 0.9946 0.0000 0.1039
vn 0.9946 0.0000 0.1039
vn 0.0000 1.0000 -0.0000
vn 0.0000 1.0000 -0.0000
vn 0.0000 1.0000 -0.0000
vn 0.0000 1.0000 -0.0000
vn -1.0000 -0.0000 -0.0000
vn -1.0000 -0.0000 -0.0000
vn -1.0000 -0.0000 -0.0000
vn -1.0000 -0.0000 -0.0000
vn 0.0000 0.0000 1.0000
vn 0.0000 0.5309 0.8474
vn -0.2655 0.4598 0.8474
vn 0.0000 0.0000 1.0000
vn -0.2655 0.4598 0.8474
vn -0.4598 0.2655 0.8474
vn 0.0000 0.0000 1.0000
vn -0.4598 0.2655 0.8474
vn -0.5309 -0.0000 0.8474
vn 0.0000 0.0000 1.0000
vn -0.5309 -0.0000 0.8474
vn -0.4598 -0.2654 0.8474
vn 0.0000 0.0000 1.0000
vn -0.4598 -0.2654 0.8474
vn -0.2655 -0.4598 0.8474
vn 0.0000 0.0000 1.0000
vn -0.2655 -0.4598 0.8474
vn 0.0000 -0.5309 0.8474
vn 0.0000 0.0000 1.0000
vn 0.0000 -0.5309 0.8474
vn 0.2655 -0.4598 0.8474
vn 0.0000 0.0000 1.0000
vn 0.2655 -0.4598 0.8474
vn 0.4598 -0.2654 0.8474
vn 0.0000 0.0000 1.0000
vn 0.4598 -0.2654 0.8474
vn 0.5309 -0.0000 0.8474
vn 0.0000 0.0000 1.0000
vn 0.5309 -0.0000 0.8474
vn 0.4598 0.2655 0.8474
vn 0.0000 0.0000 1.0000
vn 0.4598 0.2655 0.8474
vn 0.2654 0.4598 0.8474
vn 0.0000 0.0000 1.0000
vn 0.2654 0.4598 0.8474
vn 0.0000 0.5309 0.8474
vn 0.0000 0.5309 0.8474
vn -0.0000 0.8760 0.4823
vn -0.4380 0.7586 0.4823
vn -0.2655 0.4598 0.8474
vn -0.2655 0.4598 0.8474
vn -0.4380 0.7586 0.4823
vn -0.7586 0.4380 0.4823
vn -0.4598 0.2655 0.8474
vn -0.4598 0.2655 0.8474
vn -0.7586 0.4380 0.4823
vn -0.8760 0.0000 0.4823
vn -0.5309 -0.0000 0.8474
vn -0.5309 -0.0000 0.8474
vn -0.8760 0.0000 0.4823
vn -0.7586 -0.4380 0.4823
vn -0.4598 -0.2654 0.8474
vn -0.4598 -0.2654 0.8474
vn -0.7586 -0.4380 0.4823
vn -0.4380 -0.7586 0.4823
vn -0.2655 -0.4598 0.8474
vn -0.2655 -0.4598 0.8474
vn -0.4380 -0.7586 0.4823
vn -0.0000 -0.8760 0.4823
vn 0.0000 -0.5309 0.8474
vn 0.0000 -0.5309 0.8474
vn -0.0000 -0.8760 0.4823
vn 0.4380 -0.7586 0.4823
vn 0.2655 -0.4598 0.8474
vn 0.2655 -0.4598 0.8474
vn 0.4380 -0.7586 0.4823
vn 0.7586 -0.4380 0.4823
vn 0.4598 -0.2654 0.8474
vn 0.4598 -0.2654 0.8474
vn 0.7586 -0.4380 0.4823
vn 0.8760 0.0000 0.4823
vn 0.5309 -0.0000 0.8474
vn 0.5309 -0.0000 0.8474
vn 0.8760 0.0000 0.4823
vn 0.7586 0.4380 0.4823
vn 0.4598 0.2655 0.8474
vn 0.4598 0.2655 0.8474
vn 0.7586 0.4380 0.4823
vn 0.4380 0.7586 0.4823
vn 0.2654 0.4598 0.8474
vn 0.2654 0.4598 0.8474
vn 0.4380 0.7586 0.4823
vn -0.0000 0.8760 0.4823
vn 0.0000 0.5309 0.8474
vn -0.0000 0.8760 0.4823
vn -0.0000 0.9659 0.2588
vn -0.4830 0.8365 0.2588
vn -0.4380 0.7586 0.4823
vn -0.4380 0.7586 0.4823
vn -0.4830 0.8365 0.2588
vn -0.8365 0.4830 0.2588
vn -0.7586 0.4380 0.4823
vn -0.7586 0.4380 0.4823
vn -0.8365 0.4830 0.2588
vn -0.9659 0.0000 0.2588
vn -0.8760 0.0000 0.4823
vn -0.8760 0.0000 0.4823
vn -0.9659 0.0000 0.2588
vn -0.8365 -0.4830 0.2588
vn -0.7586 -0.4380 0.4823
vn -0.7586 -0.4380 0.4823
vn -0.8365 -0.4830 0.2588
vn -0.4830 -0.8365 0.2588
vn -0.4380 -0.7586 0.4823
vn -0.4380 -0.7586 0.4823
vn -0.4830 -0.8365 0.2588
vn -0.0000 -0.9659 0.2588
vn -0.0000 -0.8760 0.4823
vn -0.0000 -0.8760 0.4823
vn -0.0000 -0.9659 0.2588
vn 0.4830 -0.8365 0.2588
vn 0.4380 -0.7586 0.4823
vn 0.4380 -0.7586 0.4823
vn 0.4830 -0.8365 0.2588
vn 0.8365 -0.4830 0.2588
vn 0.7586 -0.4380 0.4823
vn 0.7586 -0.4380 0.4823
vn 0.8365 -0.4830 0.2588
vn 0.9659 -0.0000 0.2588
vn 0.8760 0.0000 0.4823
vn 0.8760 0.0000 0.4823
vn 0.9659 -0.0000 0.2588
vn 0.8365 0.4830 0.2588
vn 0.7586 0.4380 0.4823
vn 0.7586 0.4380 0.4823
vn 0.8365 0.4830 0.2588
vn 0.4830 0.8365 0.2588
vn 0.4380 0.7586 0.4823
vn 0.4380 0.7586 0.4823
vn 0.4830 0.8365 0.2588
vn -0.0000 0.9659 0.2588
vn -0.0000 0.8760 0.4823
vn 0.0000 0.0000 1.0000
vn 0.0000 0.5309 0.8474
vn -0.2655 0.4598 0.8474
vn 0.0000 0.0000 1.0000
vn -0.2655 0.4598 0.8474
vn -0.4598 0.2654 0.8474
vn 0.0000 0.0000 1.0000
vn -0.4598 0.2654 0.8474
vn -0.5309 -0.0000 0.8474
vn 0.0000 0.0000 1.0000
vn -0.5309 -0.0000 0.8474
vn -0.4598 -0.2654 0.8474
vn 0.0000 0.0000 1.0000
vn -0.4598 -0.2654 0.8474
vn -0.2655 -0.4598 0.8474
vn 0.0000 0.0000 1.0000
vn -0.2655 -0.4598 0.8474
vn 0.0000 -0.5309 0.8474
vn 0.0000 0.0000 1.0000
vn 0.0000 -0.5309 0.8474
vn 0.2655 -0.4598 0.8474
vn 0.0000 0.0000 1.0000
vn 0.2655 -0.4598 0.8474
vn 0.4598 -0.2655 0.8474
vn 0.0000 0.0000 1.0000
vn 0.4598 -0.2655 0.8474
vn 0.5309 -0.0000 0.8474
vn 0.0000 0.0000 1.0000
vn 0.5309 -0.0000 0.8474
vn 0.4598 0.2655 0.8474
vn 0.0000 0.0000 1.0000
vn 0.4598 0.2655 0.8474
vn 0.2655 0.4598 0.8474
vn 0.0000 0.0000 1.0000
vn 0.2655 0.4598 0.8474
vn 0.0000 0.5309 0.8474
vn 0.0000 0.5309 0.8474
vn 0.0000 0.8760 0.4823
vn -0.4380 0.7586 0.4823
vn -0.2655 0.4598 0.8474
vn -0.2655 0.4598 0.8474
vn -0.4380 0.7586 0.4823
vn -0.7586 0.4380 0.4823
vn -0.4598 0.2654 0.8474
vn -0.4598 0.2654 0.8474
vn -0.7586 0.4380 0.4823
vn -0.8760 0.0000 0.4823
vn -0.5309 -0.0000 0.8474
vn -0.5309 -0.0000 0.8474
vn -0.8760 0.0000 0.4823
vn -0.7586 -0.4380 0.4823
vn -0.4598 -0.2654 0.8474
vn -0.4598 -0.2654 0.8474
vn -0.7586 -0.4380 0.4823
vn -0.4380 -0.7586 0.4823
vn -0.2655 -0.4598 0.8474
vn -0.2655 -0.4598 0.8474
vn -0.4380 -0.7586 0.4823
vn 0.0000 -0.8760 0.4823
vn 0.0000 -0.5309 0.8474
vn 0.0000 -0.5309 0.8474
vn 0.0000 -0.8760 0.4823
vn 0.4380 -0.7586 0.4823
vn 0.2655 -0.4598 0.8474
vn 0.2655 -0.4598 0.8474
vn 0.4380 -0.7586 0.4823
vn 0.7586 -0.4380 0.4823
vn 0.4598 -0.2655 0.8474
vn 0.4598 -0.2655 0.8474
vn 0.7586 -0.4380 0.4823
vn 0.8760 -0.0000 0.4823
vn 0.5309 -0.0000 0.8474
vn 0.5309 -0.0000 0.8474
vn 0.8760 -0.0000 0.4823
vn 0.7586 0.4380 0.4823
vn 0.4598 0.2655 0.8474
vn 0.4598 0.2655 0.8474
vn 0.7586 0.4380 0.4823
vn 0.4380 0.7586 0.4823
vn 0.2655 0.4598 0.8474
vn 0.2655 0.4598 0.8474
vn 0.4380 0.7586 0.4823
vn 0.0000 0.8760 0.4823
vn 0.0000 0.5309 0.8474
vn 0.0000 0.8760 0.4823
vn 0.0000 0.9659 0.2588
vn -0.4830 0.8365 0.2588
vn -0.4380 0.7586 0.4823
vn -0.4380 0.7586 0.4823
vn -0.4830 0.8365 0.2588
vn -0.8365 0.4830 0.2588
vn -0.7586 0.4380 0.4823
vn -0.7586 0.4380 0.4823
vn -0.8365 0.4830 0.2588
vn -0.9659 0.0000 0.2588
vn -0.8760 0.0000 0.4823
vn -0.8760 0.0000 0.4823
vn -0.9659 0.0000 0.2588
vn -0.8365 -0.4830 0.2588
vn -0.7586 -0.4380 0.4823
vn -0.7586 -0.4380 0.4823
vn -0.8365 -0.4830 0.2588
vn -0.4830 -0.8365 0.2588
vn -0.4380 -0.7586 0.4823
vn -0.4380 -0.7586 0.4823
vn -0.4830 -0.8365 0.2588
vn -0.0000 -0.9659 0.2588
vn 0.0000 -0.8760 0.4823
vn 0.0000 -0.8760 0.4823
vn -0.0000 -0.9659 0.2588
vn 0.4830 -0.8365 0.2588
vn 0.4380 -0.7586 0.4823
vn 0.4380 -0.7586 0.4823
vn 0.4830 -0.8365 0.2588
vn 0.8365 -0.4830 0.2588
vn 0.7586 -0.4380 0.4823
vn 0.7586 -0.4380 0.4823
vn 0.8365 -0.4830 0.2588
vn 0.9659 -0.0000 0.2588
vn 0.8760 -0.0000 0.4823
vn 0.8760 -0.0000 0.4823
vn 0.9659 -0.0000 0.2588
vn 0.8365 0.4830 0.2588
vn 0.7586 0.4380 0.4823
vn 0.7586 0.4380 0.4823
vn 0.8365 0.4830 0.2588
vn 0.4830 0.8365 0.2588
vn 0.4380 0.7586 0.4823
vn 0.4380 0.7586 0.4823
vn 0.4830 0.8365 0.2588
vn 0.0000 0.9659 0.2588
vn 0.0000 0.8760 0.4823
vn 0.0000 -1.0000 -0.0000
vn 0.0000 -1.0000 -0.0000
vn 0.0000 -1.0000 -0.0000
vn 0.0000 -1.0000 -0.0000
vn 1.0000 0.0000 -0.0000
vn 1.0000 0.0000 -0.0000
vn 1.0000 0.0000 -0.0000
vn 1.0000 0.0000 -0.0000
vn 0.0000 1.0000 -0.0000
vn 0.0000 1.0000 -0.0000
vn 0.0000 1.0000 -0.0000
vn 0.0000 1.0000 -0.0000
vn -1.0000 -0.0000 -0.0000
vn -1.0000 -0.0000 -0.0000
vn -1.0000 -0.0000 -0.0000
vn -1.0000 -0.0000 -0.0000
vn 0.0000 -0.0000 1.0000
vn 0.0000 -0.0000 1.0000
vn 0.0000 -0.0000 1.0000
vn 0.0000 -0.0000 1.0000
vn 0.0000 -0.0000 1.0000
vn 0.0000 -0.0000 1.0000
vn 0.0000 -0.0000 1.0000
vn 0.0000 -0.0000 1.0000
vn 1.0000 0.0000 -0.0000
vn 1.0000 0.0000 -0.0000
vn 1.0000 0.0000 -0.0000
vn 1.0000 0.0000 -0.0000
vn 0.0000 1.0000 -0.0000
vn 0.0000 1.0000 -0.0000
vn 0.0000 1.0000 -0.0000
vn 0.0000 1.0000 -0.0000
vn -0.9946 -0.0000 0.1039
vn -0.9946 -0.0000 0.1039
vn -0.9946 -0.0000 0.1039
vn -0.9946 -0.0000 0.1039
vn 0.0000 -1.0000 -0.0000
vn 0.0000 -1.0000 -0.0000
vn 0.0000 -1.0000 -0.0000
vn 0.0000 -1.0000 -0.0000
vn 0.0000 -1.0000 -0.0000
vn 0.0000 -1.0000 -0.0000
vn 0.0000 -1.0000 -0.0000
vn 0.0000 -1.0000 -0.0000
vn 0.9946 -0.0000 0.1039
vn 0.9946 -0.0000 0.1039
vn 0.9946 -0.0000 0.1039
vn 0.9946 -0.0000 0.1039
vn 0.0000 1.0000 -0.0000
vn 0.0000 1.0000 -0.0000
vn 0.0000 1.0000 -0.0000
vn 0.0000 1.0000 -0.0000
vn -1.0000 -0.0000 0.0000
vn -1.0000 -0.0000 0.0000
vn -1.0000 -0.0000 0.0000
vn -1.0000 -0.0000 0.0000
vn 0.0000 -0.0000 1.0000
vn -0.0000 0.5309 0.8474
vn -0.2654 0.4598 0.8474
vn 0.0000 -0.0000 1.0000
vn -0.2654 0.4598 0.8474
vn -0.4598 0.2655 0.8474
vn 0.0000 -0.0000 1.0000
vn -0.4598 0.2655 0.8474
vn -0.5309 -0.0000 0.8474
vn 0.0000 -0.0000 1.0000
vn -0.5309 -0.0000 0.8474
vn -0.4598 -0.2654 0.8474
vn 0.0000 -0.0000 1.0000
vn -0.4598 -0.2654 0.8474
vn -0.2654 -0.4598 0.8474
vn 0.0000 -0.0000 1.0000
vn -0.2654 -0.4598 0.8474
vn 0.0000 -0.5309 0.8474
vn 0.0000 -0.0000 1.0000
vn 0.0000 -0.5309 0.8474
vn 0.2655 -0.4598 0.8474
vn 0.0000 -0.0000 1.0000
vn 0.2655 -0.4598 0.8474
vn 0.4598 -0.2654 0.8474
vn 0.0000 -0.0000 1.0000
vn 0.4598 -0.2654 0.8474
vn 0.5309 -0.0000 0.8474
vn 0.0000 -0.0000 1.0000
vn 0.5309 -0.0000 0.8474
vn 0.4598 0.2654 0.8474
vn 0.0000 -0.0000 1.0000
vn 0.4598 0.2654 0.8474
vn 0.2654 0.4598 0.8474
vn 0.0000 -0.0000 1.0000
vn 0.2654 0.4598 0.8474
vn -0.0000 0.5309 0.8474
vn -0.0000 0.5309 0.8474
vn -0.0000 0.8760 0.4823
vn -0.4380 0.7586 0.4823
vn -0.2654 0.4598 0.8474
vn -0.2654 0.4598 0.8474
vn -0.4380 0.7586 0.4823
vn -0.7586 0.4380 0.4823
vn -0.4598 0.2655 0.8474
vn -0.4598 0.2655 0.8474
vn -0.7586 0.4380 0.4823
vn -0.8760 -0.0000 0.4823
vn -0.5309 -0.0000 0.8474
vn -0.5309 -0.0000 0.8474
vn -0.8760 -0.0000 0.4823
vn -0.7586 -0.4380 0.4823
vn -0.4598 -0.2654 0.8474
vn -0.4598 -0.2654 0.8474
vn -0.7586 -0.4380 0.4823
vn -0.4380 -0.7586 0.4823
vn -0.2654 -0.4598 0.8474
vn -0.2654 -0.4598 0.8474
vn -0.4380 -0.7586 0.4823
vn -0.0000 -0.8760 0.4823
vn 0.0000 -0.5309 0.8474
vn 0.0000 -0.5309 0.8474
vn -0.0000 -0.8760 0.4823
vn 0.4380 -0.7586 0.4823
vn 0.2655 -0.4598 0.8474
vn 0.2655 -0.4598 0.8474
vn 0.4380 -0.7586 0.4823
vn 0.7586 -0.4380 0.4823
vn 0.4598 -0.2654 0.8474
vn 0.4598 -0.2654 0.8474
vn 0.7586 -0.4380 0.4823
vn 0.8760 -0.0000 0.4823
vn 0.5309 -0.0000 0.8474
vn 0.5309 -0.0000 0.8474
vn 0.8760 -0.0000 0.4823
vn 0.7586 0.4380 0.4823
vn 0.4598 0.2654 0.8474
vn 0.4598 0.2654 0.8474
vn 0.7586 0.4380 0.4823
vn 0.4380 0.7586 0.4823
vn 0.2654 0.4598 0.8474
vn 0.2654 0.4598 0.8474
vn 0.4380 0.7586 0.4823
vn -0.0000 0.8760 0.4823
vn -0.0000 0.5309 0.8474
vn -0.0000 0.8760 0.4823
vn -0.0000 0.9659 0.2588
vn -0.4830 0.8365 0.2588
vn -0.4380 0.7586 0.4823
vn -0.4380 0.7586 0.4823
vn -0.4830 0.8365 0.2588
vn -0.8365 0.4830 0.2588
vn -0.7586 0.4380 0.4823
vn -0.7586 0.4380 0.4823
vn -0.8365 0.4830 0.2588
vn -0.9659 -0.0000 0.2588
vn -0.8760 -0.0000 0.4823
vn -0.8760 -0.0000 0.4823
vn -0.9659 -0.0000 0.2588
vn -0.8365 -0.4830 0.2588
vn -0.7586 -0.4380 0.4823
vn -0.7586 -0.4380 0.4823
vn -0.8365 -0.4830 0.2588
vn -0.4830 -0.8365 0.2588
vn -0.4380 -0.7586 0.4823
vn -0.4380 -0.7586 0.4823
vn -0.4830 -0.8365 0.2588
vn -0.0000 -0.9659 0.2588
vn -0.0000 -0.8760 0.4823
vn -0.0000 -0.8760 0.4823
vn -0.0000 -0.9659 0.2588
vn 0.4830 -0.8365 0.2588
vn 0.4380 -0.7586 0.4823
vn 0.4380 -0.7586 0.4823
vn 0.4830 -0.8365 0.2588
vn 0.8365 -0.4830 0.2588
vn 0.7586 -0.4380 0.4823
vn 0.7586 -0.4380 0.4823
vn 0.8365 -0.4830 0.2588
vn 0.9659 -0.0000 0.2588
vn 0.8760 -0.0000 0.4823
vn 0.8760 -0.0000 0.4823
vn 0.9659 -0.0000 0.2588
vn 0.8365 0.4830 0.2588
vn 0.7586 0.4380 0.4823
vn 0.7586 0.4380 0.4823
vn 0.8365 0.4830 0.2588
vn 0.4830 0.8365 0.2588
vn 0.4380 0.7586 0.4823
vn 0.4380 0.7586 0.4823
vn 0.4830 0.8365 0.2588
vn -0.0000 0.9659 0.2588
vn -0.0000 0.8760 0.4823
vn -0.0000 0.0000 1.0000
vn 0.0000 0.5309 0.8474
vn -0.2654 0.4598 0.8474
vn -0.0000 0.0000 1.0000
vn -0.2654 0.4598 0.8474
vn -0.4598 0.2654 0.8474
vn -0.0000 0.0000 1.0000
vn -0.4598 0.2654 0.8474
vn -0.5309 0.0000 0.8474
vn -0.0000 0.0000 1.0000
vn -0.5309 0.0000 0.8474
vn -0.4598 -0.2654 0.8474
vn -0.0000 0.0000 1.0000
vn -0.4598 -0.2654 0.8474
vn -0.2654 -0.4598 0.8474
vn -0.0000 0.0000 1.0000
vn -0.2654 -0.4598 0.8474
vn -0.0000 -0.5309 0.8474
vn -0.0000 0.0000 1.0000
vn -0.0000 -0.5309 0.8474
vn 0.2654 -0.4598 0.8474
vn -0.0000 0.0000 1.0000
vn 0.2654 -0.4598 0.8474
vn 0.4598 -0.2655 0.8474
vn -0.0000 0.0000 1.0000
vn 0.4598 -0.2655 0.8474
vn 0.5309 -0.0000 0.8474
vn -0.0000 0.0000 1.0000
vn 0.5309 -0.0000 0.8474
vn 0.4598 0.2654 0.8474
vn -0.0000 0.0000 1.0000
vn 0.4598 0.2654 0.8474
vn 0.2655 0.4598 0.8474
vn -0.0000 0.0000 1.0000
vn 0.2655 0.4598 0.8474
vn 0.0000 0.5309 0.8474
vn 0.0000 0.5309 0.8474
vn 0.0000 0.8760 0.4823
vn -0.4380 0.7586 0.4823
vn -0.2654 0.4598 0.8474
vn -0.2654 0.4598 0.8474
vn -0.4380 0.7586 0.4823
vn -0.7586 0.4380 0.4823
vn -0.4598 0.2654 0.8474
vn -0.4598 0.2654 0.8474
vn -0.7586 0.4380 0.4823
vn -0.8760 -0.0000 0.4823
vn -0.5309 0.0000 0.8474
vn -0.5309 0.0000 0.8474
vn -0.8760 -0.0000 0.4823
vn -0.7586 -0.4380 0.4823
vn -0.4598 -0.2654 0.8474
vn -0.4598 -0.2654 0.8474
vn -0.7586 -0.4380 0.4823
vn -0.4380 -0.7586 0.4823
vn -0.2654 -0.4598 0.8474
vn -0.2654 -0.4598 0.8474
vn -0.4380 -0.7586 0.4823
vn -0.0000 -0.8760 0.4823
vn -0.0000 -0.5309 0.8474
vn -0.0000 -0.5309 0.8474
vn -0.0000 -0.8760 0.4823
vn 0.4380 -0.7586 0.4823
vn 0.2654 -0.4598 0.8474
vn 0.2654 -0.4598 0.8474
vn 0.4380 -0.7586 0.4823
vn 0.7586 -0.4380 0.4823
vn 0.4598 -0.2655 0.8474
vn 0.4598 -0.2655 0.8474
vn 0.7586 -0.4380 0.4823
vn 0.8760 -0.0000 0.4823
vn 0.5309 -0.0000 0.8474
vn 0.5309 -0.0000 0.8474
vn 0.8760 -0.0000 0.4823
vn 0.7586 0.4380 0.4823
vn 0.4598 0.2654 0.8474
vn 0.4598 0.2654 0.8474
vn 0.7586 0.4380 0.4823
vn 0.4380 0.7586 0.4823
vn 0.2655 0.4598 0.8474
vn 0.2655 0.4598 0.8474
vn 0.4380 0.7586 0.4823
vn 0.0000 0.8760 0.4823
vn 0.0000 0.5309 0.8474
vn 0.0000 0.8760 0.4823
vn 0.0000 0.9659 0.2588
vn -0.4830 0.8365 0.2588
vn -0.4380 0.7586 0.4823
vn -0.4380 0.7586 0.4823
vn -0.4830 0.8365 0.2588
vn -0.8365 0.4830 0.2588
vn -0.7586 0.4380 0.4823
vn -0.7586 0.4380 0.4823
vn -0.8365 0.4830 0.2588
vn -0.9659 -0.0000 0.2588
vn -0.8760 -0.0000 0.4823
vn -0.8760 -0.0000 0.4823
vn -0.9659 -0.0000 0.2588
vn -0.8365 -0.4830 0.2588
vn -0.7586 -0.4380 0.4823
vn -0.7586 -0.4380 0.4823
vn -0.8365 -0.4830 0.2588
vn -0.4830 -0.8365 0.2588
vn -0.4380 -0.7586 0.4823
vn -0.4380 -0.7586 0.4823
vn -0.4830 -0.8365 0.2588
vn -0.0000 -0.9659 0.2588
vn -0.0000 -0.8760 0.4823
vn -0.0000 -0.8760 0.4823
vn -0.0000 -0.9659 0.2588
vn 0.4830 -0.8365 0.2588
vn 0.4380 -0.7586 0.4823
vn 0.4380 -0.7586 0.4823
vn 0.4830 -0.8365 0.2588
vn 0.8365 -0.4830 0.2588
vn 0.7586 -0.4380 0.4823
vn 0.7586 -0.4380 0.4823
vn 0.8365 -0.4830 0.2588
vn 0.9659 -0.0000 0.2588
vn 0.8760 -0.0000 0.4823
vn 0.8760 -0.0000 0.4823
vn 0.9659 -0.0000 0.2588
vn 0.8365 0.4830 0.2588
vn 0.7586 0.4380 0.4823
vn 0.7586 0.4380 0.4823
vn 0.8365 0.4830 0.2588
vn 0.4830 0.8365 0.2588
vn 0.4380 0.7586 0.4823
vn 0.4380 0.7586 0.4823
vn 0.4830 0.8365 0.2588
vn 0.0000 0.9659 0.2588
vn 0.0000 0.8760 0.4823
vn 0.0000 -1.0000 -0.0000
vn 0.0000 -1.0000 -0.0000
vn 0.0000 -1.0000 -0.0000
vn 0.0000 -1.0000 -0.0000
vn 1.0000 0.0000 -0.0000
vn 1.0000 0.0000 -0.0000
vn 1.0000 0.0000 -0.0000
vn 1.0000 0.0000 -0.0000
vn 0.0000 1.0000 -0.0000
vn 0.0000 1.0000 -0.0000
vn 0.0000 1.0000 -0.0000
vn 0.0000 1.0000 -0.0000
vn -1.0000 0.0000 -0.0000
vn -1.0000 0.0000 -0.0000
vn -1.0000 0.0000 -0.0000
vn -1.0000 0.0000 -0.0000
vn 0.0000 -0.2640 0.9645
vn 0.0000 -0.2640 0.9645
vn 0.0000 -0.0000 1.0000
vn -0.0000 -0.0000 1.0000
vn 0.0000 0.2640 0.9645
vn 0.0000 0.2640 0.9645
vn 0.0000 0.0000 1.0000
vn 0.0000 0.0000 1.0000
vn 1.0000 0.0000 -0.0000
vn 1.0000 0.0000 -0.0000
vn 1.0000 0.0000 -0.0000
vn 1.0000 0.0000 -0.0000
vn 1.0000 0.0000 -0.0000
vn 0.0000 1.0000 0.0000
vn 0.0000 1.0000 0.0000
vn 0.0000 1.0000 0.0000
vn 0.0000 1.0000 0.0000
vn -1.0000 0.0000 0.0024
vn -1.0000 0.0000 0.0024
vn -1.0000 0.0000 0.0024
vn -1.0000 0.0000 0.0024
vn -1.0000 0.0000 0.0024
vn 0.0000 -1.0000 -0.0000
vn 0.0000 -1.0000 -0.0000
vn 0.0000 -1.0000 -0.0000
vn 0.0000 -1.0000 -0.0000
vn 0.0000 -1.0000 -0.0000
vn 0.0000 -1.0000 -0.0000
vn 0.0000 -1.0000 -0.0000
vn 0.0000 -1.0000 -0.0000
vn 1.0000 -0.0000 0.0024
vn 1.0000 -0.0000 0.0024
vn 1.0000 -0.0000 0.0024
vn 1.0000 -0.0000 0.0024
vn 1.0000 -0.0000 0.0024
vn -0.0000 1.0000 0.0000
vn -0.0000 1.0000 0.0000
vn -0.0000 1.0000 0.0000
vn -0.0000 1.0000 0.0000
vn -1.0000 0.0000 -0.0000
vn -1.0000 0.0000 -0.0000
vn -1.0000 0.0000 -0.0000
vn -1.0000 0.0000 -0.0000
vn -1.0000 0.0000 -0.0000
vn -0.0000 0.0000 1.0000
vn 0.0000 0.5309 0.8474
vn -0.2654 0.4598 0.8474
vn -0.0000 0.0000 1.0000
vn -0.2654 0.4598 0.8474
vn -0.4598 0.2655 0.8474
vn -0.0000 0.0000 1.0000
vn -0.4598 0.2655 0.8474
vn -0.5309 0.0000 0.8474
vn -0.0000 0.0000 1.0000
vn -0.5309 0.0000 0.8474
vn -0.4598 -0.2654 0.8474
vn -0.0000 0.0000 1.0000
vn -0.4598 -0.2654 0.8474
vn -0.2654 -0.4598 0.8474
vn -0.0000 0.0000 1.0000
vn -0.2654 -0.4598 0.8474
vn 0.0000 -0.5309 0.8474
vn -0.0000 0.0000 1.0000
vn 0.0000 -0.5309 0.8474
vn 0.2654 -0.4598 0.8474
vn -0.0000 0.0000 1.0000
vn 0.2654 -0.4598 0.8474
vn 0.4598 -0.2655 0.8474
vn -0.0000 0.0000 1.0000
vn 0.4598 -0.2655 0.8474
vn 0.5309 -0.0000 0.8474
vn -0.0000 0.0000 1.0000
vn 0.5309 -0.0000 0.8474
vn 0.4598 0.2654 0.8474
vn -0.0000 0.0000 1.0000
vn 0.4598 0.2654 0.8474
vn 0.2654 0.4598 0.8474
vn -0.0000 0.0000 1.0000
vn 0.2654 0.4598 0.8474
vn 0.0000 0.5309 0.8474
vn 0.0000 0.5309 0.8474
vn -0.0000 0.8760 0.4823
vn -0.4380 0.7586 0.4823
vn -0.2654 0.4598 0.8474
vn -0.2654 0.4598 0.8474
vn -0.4380 0.7586 0.4823
vn -0.7586 0.4380 0.4823
vn -0.4598 0.2655 0.8474
vn -0.4598 0.2655 0.8474
vn -0.7586 0.4380 0.4823
vn -0.8760 -0.0000 0.4823
vn -0.5309 0.0000 0.8474
vn -0.5309 0.0000 0.8474
vn -0.8760 -0.0000 0.4823
vn -0.7586 -0.4380 0.4823
vn -0.4598 -0.2654 0.8474
vn -0.4598 -0.2654 0.8474
vn -0.7586 -0.4380 0.4823
vn -0.4380 -0.7586 0.4823
vn -0.2654 -0.4598 0.8474
vn -0.2654 -0.4598 0.8474
vn -0.4380 -0.7586 0.4823
vn -0.0000 -0.8760 0.4823
vn 0.0000 -0.5309 0.8474
vn 0.0000 -0.5309 0.8474
vn -0.0000 -0.8760 0.4823
vn 0.4380 -0.7586 0.4823
vn 0.2654 -0.4598 0.8474
vn 0.2654 -0.4598 0.8474
vn 0.4380 -0.7586 0.4823
vn 0.7586 -0.4380 0.4823
vn 0.4598 -0.2655 0.8474
vn 0.4598 -0.2655 0.8474
vn 0.7586 -0.4380 0.4823
vn 0.8760 -0.0000 0.4823
vn 0.5309 -0.0000 0.8474
vn 0.5309 -0.0000 0.8474
vn 0.8760 -0.0000 0.4823
vn 0.7586 0.4380 0.4823
vn 0.4598 0.2654 0.8474
vn 0.4598 0.2654 0.8474
vn 0.7586 0.4380 0.4823
vn 0.4380 0.7586 0.4823
vn 0.2654 0.4598 0.8474
vn 0.2654 0.4598 0.8474
vn 0.4380 0.7586 0.4823
vn -0.0000 0.8760 0.4823
vn 0.0000 0.5309 0.8474
vn -0.0000 0.8760 0.4823
vn -0.0000 0.9659 0.2588
vn -0.4830 0.8365 0.2588
vn -0.4380 0.7586 0.4823
vn -0.4380 0.7586 0.4823
vn -0.4830 0.8365 0.2588
vn -0.8365 0.4830 0.2588
vn -0.7586 0.4380 0.4823
vn -0.7586 0.4380 0.4823
vn -0.8365 0.4830 0.2588
vn -0.9659 -0.0000 0.2588
vn -0.8760 -0.0000 0.4823
vn -0.8760 -0.0000 0.4823
vn -0.9659 -0.0000 0.2588
vn -0.8365 -0.4830 0.2588
vn -0.7586 -0.4380 0.4823
vn -0.7586 -0.4380 0.4823
vn -0.8365 -0.4830 0.2588
vn -0.4830 -0.8365 0.2588
vn -0.4380 -0.7586 0.4823
vn -0.4380 -0.7586 0.4823
vn -0.4830 -0.8365 0.2588
vn -0.0000 -0.9659 0.2588
vn -0.0000 -0.8760 0.4823
vn -0.0000 -0.8760 0.4823
vn -0.0000 -0.9659 0.2588
vn 0.4830 -0.8365 0.2588
vn 0.4380 -0.7586 0.4823
vn 0.4380 -0.7586 0.4823
vn 0.4830 -0.8365 0.2588
vn 0.8365 -0.4830 0.2588
vn 0.7586 -0.4380 0.4823
vn 0.7586 -0.4380 0.4823
vn 0.8365 -0.4830 0.2588
vn 0.9659 -0.0000 0.2588
vn 0.8760 -0.0000 0.4823
vn 0.8760 -0.0000 0.4823
vn 0.9659 -0.0000 0.2588
vn 0.8365 0.4830 0.2588
vn 0.7586 0.4380 0.4823
vn 0.7586 0.4380 0.4823
vn 0.8365 0.4830 0.2588
vn 0.4830 0.8365 0.2588
vn 0.4380 0.7586 0.4823
vn 0.4380 0.7586 0.4823
vn 0.4830 0.8365 0.2588
vn -0.0000 0.9659 0.2588
vn -0.0000 0.8760 0.4823
vn 0.0000 0.0000 1.0000
vn 0.0000 0.5309 0.8474
vn -0.2654 0.4598 0.8474
vn 0.0000 0.0000 1.0000
vn -0.2654 0.4598 0.8474
vn -0.4598 0.2654 0.8474
vn 0.0000 0.0000 1.0000
vn -0.4598 0.2654 0.8474
vn -0.5309 0.0000 0.8474
vn 0.0000 0.0000 1.0000
vn -0.5309 0.0000 0.8474
vn -0.4598 -0.2655 0.8474
vn 0.0000 0.0000 1.0000
vn -0.4598 -0.2655 0.8474
vn -0.2654 -0.4598 0.8474
vn 0.0000 0.0000 1.0000
vn -0.2654 -0.4598 0.8474
vn 0.0000 -0.5309 0.8474
vn 0.0000 0.0000 1.0000
vn 0.0000 -0.5309 0.8474
vn 0.2654 -0.4598 0.8474
vn 0.0000 0.0000 1.0000
vn 0.2654 -0.4598 0.8474
vn 0.4598 -0.2655 0.8474
vn 0.0000 0.0000 1.0000
vn 0.4598 -0.2655 0.8474
vn 0.5309 0.0000 0.8474
vn 0.0000 0.0000 1.0000
vn 0.5309 0.0000 0.8474
vn 0.4598 0.2654 0.8474
vn 0.0000 0.0000 1.0000
vn 0.4598 0.2654 0.8474
vn 0.2654 0.4598 0.8474
vn 0.0000 0.0000 1.0000
vn 0.2654 0.4598 0.8474
vn 0.0000 0.5309 0.8474
vn 0.0000 0.5309 0.8474
vn 0.0000 0.8760 0.4823
vn -0.4380 0.7586 0.4823
vn -0.2654 0.4598 0.8474
vn -0.2654 0.4598 0.8474
vn -0.4380 0.7586 0.4823
vn -0.7586 0.4380 0.4823
vn -0.4598 0.2654 0.8474
vn -0.4598 0.2654 0.8474
vn -0.7586 0.4380 0.4823
vn -0.8760 -0.0000 0.4823
vn -0.5309 0.0000 0.8474
vn -0.5309 0.0000 0.8474
vn -0.8760 -0.0000 0.4823
vn -0.7586 -0.4380 0.4823
vn -0.4598 -0.2655 0.8474
vn -0.4598 -0.2655 0.8474
vn -0.7586 -0.4380 0.4823
vn -0.4380 -0.7586 0.4823
vn -0.2654 -0.4598 0.8474
vn -0.2654 -0.4598 0.8474
vn -0.4380 -0.7586 0.4823
vn -0.0000 -0.8760 0.4823
vn 0.0000 -0.5309 0.8474
vn 0.0000 -0.5309 0.8474
vn -0.0000 -0.8760 0.4823
vn 0.4380 -0.7586 0.4823
vn 0.2654 -0.4598 0.8474
vn 0.2654 -0.4598 0.8474
vn 0.4380 -0.7586 0.4823
vn 0.7586 -0.4380 0.4823
vn 0.4598 -0.2655 0.8474
vn 0.4598 -0.2655 0.8474
vn 0.7586 -0.4380 0.4823
vn 0.8760 -0.0000 0.4823
vn 0.5309 0.0000 0.8474
vn 0.5309 0.0000 0.8474
vn 0.8760 -0.0000 0.4823
vn 0.7586 0.4380 0.4823
vn 0.4598 0.2654 0.8474
vn 0.4598 0.2654 0.8474
vn 0.7586 0.4380 0.4823
vn 0.4380 0.7586 0.4823
vn 0.2654 0.4598 0.8474
vn 0.2654 0.4598 0.8474
vn 0.4380 0.7586 0.4823
vn 0.0000 0.8760 0.4823
vn 0.0000 0.5309 0.8474
vn 0.0000 0.8760 0.4823
vn -0.0000 0.9659 0.2588
vn -0.4830 0.8365 0.2588
vn -0.4380 0.7586 0.4823
vn -0.4380 0.7586 0.4823
vn -0.4830 0.8365 0.2588
vn -0.8365 0.4830 0.2588
vn -0.7586 0.4380 0.4823
vn -0.7586 0.4380 0.4823
vn -0.8365 0.4830 0.2588
vn -0.9659 -0.0000 0.2588
vn -0.8760 -0.0000 0.4823
vn -0.8760 -0.0000 0.4823
vn -0.9659 -0.0000 0.2588
vn -0.8365 -0.4830 0.2588
vn -0.7586 -0.4380 0.4823
vn -0.7586 -0.4380 0.4823
vn -0.8365 -0.4830 0.2588
vn -0.4830 -0.8365 0.2588
vn -0.4380 -0.7586 0.4823
vn -0.4380 -0.7586 0.4823
vn -0.4830 -0.8365 0.2588
vn -0.0000 -0.9659 0.2588
vn -0.0000 -0.8760 0.4823
vn -0.0000 -0.8760 0.4823
vn -0.0000 -0.9659 0.2588
vn 0.4830 -0.8365 0.2588
vn 0.4380 -0.7586 0.4823
vn 0.4380 -0.7586 0.4823
vn 0.4830 -0.8365 0.2588
vn 0.8365 -0.4830 0.2588
vn 0.7586 -0.4380 0.4823
vn 0.7586 -0.4380 0.4823
vn 0.8365 -0.4830 0.2588
vn 0.9659 -0.0000 0.2588
vn 0.8760 -0.0000 0.4823
vn 0.8760 -0.0000 0.4823
vn 0.9659 -0.0000 0.2588
vn 0.8365 0.4830 0.2588
vn 0.7586 0.4380 0.4823
vn 0.7586 0.4380 0.4823
vn 0.8365 0.4830 0.2588
vn 0.4830 0.8365 0.2588
vn 0.4380 0.7586 0.4823
vn 0.4380 0.7586 0.4823
vn 0.4830 0.8365 0.2588
vn -0.0000 0.9659 0.2588
vn 0.0000 0.8760 0.4823
vn 0.0000 0.5703 0.8214
vn -0.0000 0.5703 0.8214
vn 0.0000 0.7273 0.6864
vn 0.0000 0.7273 0.6864
vn -0.0000 0.2640 0.9645
vn -0.0000 0.2640 0.9645
vn -0.0000 0.5703 0.8214
vn 0.0000 0.5703 0.8214
vn -0.0000 -0.0000 1.0000
vn 0.0000 -0.0000 1.0000
vn -0.0000 0.2640 0.9645
vn -0.0000 0.2640 0.9645
vn 0.0000 -0.5703 0.8214
vn 0.0000 -0.5703 0.8214
vn 0.0000 -0.7273 0.6864
vn 0.0000 -0.7273 0.6864
vn 0.0000 -0.2640 0.9645
vn 0.0000 -0.2640 0.9645
vn 0.0000 -0.5703 0.8214
vn 0.0000 -0.5703 0.8214
vn 0.0000 -0.5703 0.8214
vn 0.0000 -0.5703 0.8214
vn 0.0000 -0.7273 0.6864
vn 0.0000 -0.7273 0.6864
vn 0.0000 -0.2640 0.9645
vn 0.0000 -0.2640 0.9645
vn 0.0000 -0.5703 0.8214
vn 0.0000 -0.5703 0.8214
vn 0.0000 0.0000 1.0000
vn 0.0000 0.0000 1.0000
vn 0.0000 -0.2640 0.9645
vn 0.0000 -0.2640 0.9645
vn 0.0000 0.5703 0.8214
vn 0.0000 0.5703 0.8214
vn 0.0000 0.7273 0.6864
vn 0.0000 0.7273 0.6864
vn 0.0000 0.2640 0.9645
vn 0.0000 0.2640 0.9645
vn 0.0000 0.5703 0.8214
vn 0.0000 0.5703 0.8214
vn 0.0000 -1.0000 -0.0000
vn 0.0000 -1.0000 -0.0000
vn 0.0000 -1.0000 -0.0000
vn 0.0000 -1.0000 -0.0000
vn 1.0000 0.0000 -0.0000
vn 1.0000 0.0000 -0.0000
vn 1.0000 0.0000 -0.0000
vn 1.0000 0.0000 -0.0000
vn 0.0000 1.0000 -0.0000
vn 0.0000 1.0000 -0.0000
vn 0.0000 1.0000 -0.0000
vn 0.0000 1.0000 -0.0000
vn -1.0000 0.0000 -0.0000
vn -1.0000 0.0000 -0.0000
vn -1.0000 0.0000 -0.0000
vn -1.0000 0.0000 -0.0000
vn 0.0000 -0.2640 0.9645
vn 0.0000 -0.2640 0.9645
vn 0.0000 -0.0000 1.0000
vn -0.0000 -0.0000 1.0000
vn 0.0000 0.2640 0.9645
vn 0.0000 0.2640 0.9645
vn 0.0000 -0.0000 1.0000
vn 0.0000 -0.0000 1.0000
vn 1.0000 0.0000 -0.0000
vn 1.0000 0.0000 -0.0000
vn 1.0000 0.0000 -0.0000
vn 1.0000 0.0000 -0.0000
vn 1.0000 0.0000 -0.0000
vn 0.0000 1.0000 -0.0000
vn 0.0000 1.0000 -0.0000
vn 0.0000 1.0000 -0.0000
vn 0.0000 1.0000 -0.0000
vn -1.0000 -0.0000 0.0024
vn -1.0000 -0.0000 0.0024
vn -1.0000 -0.0000 0.0024
vn -1.0000 -0.0000 0.0024
vn -1.0000 -0.0000 0.0024
vn 0.0000 -1.0000 -0.0000
vn 0.0000 -1.0000 -0.0000
vn 0.0000 -1.0000 -0.0000
vn 0.0000 -1.0000 -0.0000
vn 0.0000 -1.0000 -0.0000
vn 0.0000 -1.0000 -0.0000
vn 0.0000 -1.0000 -0.0000
vn 0.0000 -1.0000 -0.0000
vn 1.0000 -0.0000 0.0024
vn 1.0000 -0.0000 0.0024
vn 1.0000 -0.0000 0.0024
vn 1.0000 -0.0000 0.0024
vn 1.0000 -0.0000 0.0024
vn 0.0000 1.0000 -0.0000
vn 0.0000 1.0000 -0.0000
vn 0.0000 1.0000 -0.0000
vn 0.0000 1.0000 -0.0000
vn -1.0000 0.0000 -0.0000
vn -1.0000 0.0000 -0.0000
vn -1.0000 0.0000 -0.0000
vn -1.0000 0.0000 -0.0000
vn -1.0000 0.0000 -0.0000
vn 0.0000 0.0000 1.0000
vn -0.0000 0.5309 0.8474
vn -0.2654 0.4598 0.8474
vn 0.0000 0.0000 1.0000
vn -0.2654 0.4598 0.8474
vn -0.4598 0.2654 0.8474
vn 0.0000 0.0000 1.0000
vn -0.4598 0.2654 0.8474
vn -0.5309 0.0000 0.8474
vn 0.0000 0.0000 1.0000
vn -0.5309 0.0000 0.8474
vn -0.4598 -0.2655 0.8474
vn 0.0000 0.0000 1.0000
vn -0.4598 -0.2655 0.8474
vn -0.2654 -0.4598 0.8474
vn 0.0000 0.0000 1.0000
vn -0.2654 -0.4598 0.8474
vn 0.0000 -0.5309 0.8474
vn 0.0000 0.0000 1.0000
vn 0.0000 -0.5309 0.8474
vn 0.2654 -0.4598 0.8474
vn 0.0000 0.0000 1.0000
vn 0.2654 -0.4598 0.8474
vn 0.4598 -0.2655 0.8474
vn 0.0000 0.0000 1.0000
vn 0.4598 -0.2655 0.8474
vn 0.5309 0.0000 0.8474
vn 0.0000 0.0000 1.0000
vn 0.5309 0.0000 0.8474
vn 0.4598 0.2655 0.8474
vn 0.0000 0.0000 1.0000
vn 0.4598 0.2655 0.8474
vn 0.2654 0.4598 0.8474
vn 0.0000 0.0000 1.0000
vn 0.2654 0.4598 0.8474
vn -0.0000 0.5309 0.8474
vn -0.0000 0.5309 0.8474
vn -0.0000 0.8760 0.4823
vn -0.4380 0.7586 0.4823
vn -0.2654 0.4598 0.8474
vn -0.2654 0.4598 0.8474
vn -0.4380 0.7586 0.4823
vn -0.7586 0.4380 0.4823
vn -0.4598 0.2654 0.8474
vn -0.4598 0.2654 0.8474
vn -0.7586 0.4380 0.4823
vn -0.8760 0.0000 0.4823
vn -0.5309 0.0000 0.8474
vn -0.5309 0.0000 0.8474
vn -0.8760 0.0000 0.4823
vn -0.7586 -0.4380 0.4823
vn -0.4598 -0.2655 0.8474
vn -0.4598 -0.2655 0.8474
vn -0.7586 -0.4380 0.4823
vn -0.4380 -0.7586 0.4823
vn -0.2654 -0.4598 0.8474
vn -0.2654 -0.4598 0.8474
vn -0.4380 -0.7586 0.4823
vn -0.0000 -0.8760 0.4823
vn 0.0000 -0.5309 0.8474
vn 0.0000 -0.5309 0.8474
vn -0.0000 -0.8760 0.4823
vn 0.4380 -0.7586 0.4823
vn 0.2654 -0.4598 0.8474
vn 0.2654 -0.4598 0.8474
vn 0.4380 -0.7586 0.4823
vn 0.7586 -0.4380 0.4823
vn 0.4598 -0.2655 0.8474
vn 0.4598 -0.2655 0.8474
vn 0.7586 -0.4380 0.4823
vn 0.8760 0.0000 0.4823
vn 0.5309 0.0000 0.8474
vn 0.5309 0.0000 0.8474
vn 0.8760 0.0000 0.4823
vn 0.7586 0.4380 0.4823
vn 0.4598 0.2655 0.8474
vn 0.4598 0.2655 0.8474
vn 0.7586 0.4380 0.4823
vn 0.4380 0.7586 0.4823
vn 0.2654 0.4598 0.8474
vn 0.2654 0.4598 0.8474
vn 0.4380 0.7586 0.4823
vn -0.0000 0.8760 0.4823
vn -0.0000 0.5309 0.8474
vn -0.0000 0.8760 0.4823
vn 0.0000 0.9659 0.2588
vn -0.4830 0.8365 0.2588
vn -0.4380 0.7586 0.4823
vn -0.4380 0.7586 0.4823
vn -0.4830 0.8365 0.2588
vn -0.8365 0.4830 0.2588
vn -0.7586 0.4380 0.4823
vn -0.7586 0.4380 0.4823
vn -0.8365 0.4830 0.2588
vn -0.9659 0.0000 0.2588
vn -0.8760 0.0000 0.4823
vn -0.8760 0.0000 0.4823
vn -0.9659 0.0000 0.2588
vn -0.8365 -0.4830 0.2588
vn -0.7586 -0.4380 0.4823
vn -0.7586 -0.4380 0.4823
vn -0.8365 -0.4830 0.2588
vn -0.4830 -0.8365 0.2588
vn -0.4380 -0.7586 0.4823
vn -0.4380 -0.7586 0.4823
vn -0.4830 -0.8365 0.2588
vn -0.0000 -0.9659 0.2588
vn -0.0000 -0.8760 0.4823
vn -0.0000 -0.8760 0.4823
vn -0.0000 -0.9659 0.2588
vn 0.4830 -0.8365 0.2588
vn 0.4380 -0.7586 0.4823
vn 0.4380 -0.7586 0.4823
vn 0.4830 -0.8365 0.2588
vn 0.8365 -0.4830 0.2588
vn 0.7586 -0.4380 0.4823
vn 0.7586 -0.4380 0.4823
vn 0.8365 -0.4830 0.2588
vn 0.9659 0.0000 0.2588
vn 0.8760 0.0000 0.4823
vn 0.8760 0.0000 0.4823
vn 0.9659 0.0000 0.2588
vn 0.8365 0.4830 0.2588
vn 0.7586 0.4380 0.4823
vn 0.7586 0.4380 0.4823
vn 0.8365 0.4830 0.2588
vn 0.4830 0.8365 0.2588
vn 0.4380 0.7586 0.4823
vn 0.4380 0.7586 0.4823
vn 0.4830 0.8365 0.2588
vn 0.0000 0.9659 0.2588
vn -0.0000 0.8760 0.4823
vn 0.0000 0.0000 1.0000
vn 0.0000 0.5309 0.8474
vn -0.2654 0.4598 0.8474
vn 0.0000 0.0000 1.0000
vn -0.2654 0.4598 0.8474
vn -0.4598 0.2655 0.8474
vn 0.0000 0.0000 1.0000
vn -0.4598 0.2655 0.8474
vn -0.5309 0.0000 0.8474
vn 0.0000 0.0000 1.0000
vn -0.5309 0.0000 0.8474
vn -0.4598 -0.2654 0.8474
vn 0.0000 0.0000 1.0000
vn -0.4598 -0.2654 0.8474
vn -0.2654 -0.4598 0.8474
vn 0.0000 0.0000 1.0000
vn -0.2654 -0.4598 0.8474
vn 0.0000 -0.5309 0.8474
vn 0.0000 0.0000 1.0000
vn 0.0000 -0.5309 0.8474
vn 0.2654 -0.4598 0.8474
vn 0.0000 0.0000 1.0000
vn 0.2654 -0.4598 0.8474
vn 0.4598 -0.2655 0.8474
vn 0.0000 0.0000 1.0000
vn 0.4598 -0.2655 0.8474
vn 0.5309 0.0000 0.8474
vn 0.0000 0.0000 1.0000
vn 0.5309 0.0000 0.8474
vn 0.4598 0.2655 0.8474
vn 0.0000 0.0000 1.0000
vn 0.4598 0.2655 0.8474
vn 0.2654 0.4598 0.8474
vn 0.0000 0.0000 1.0000
vn 0.2654 0.4598 0.8474
vn 0.0000 0.5309 0.8474
vn 0.0000 0.5309 0.8474
vn 0.0000 0.8760 0.4823
vn -0.4380 0.7586 0.4823
vn -0.2654 0.4598 0.8474
vn -0.2654 0.4598 0.8474
vn -0.4380 0.7586 0.4823
vn -0.7586 0.4380 0.4823
vn -0.4598 0.2655 0.8474
vn -0.4598 0.2655 0.8474
vn -0.7586 0.4380 0.4823
vn -0.8760 0.0000 0.4823
vn -0.5309 0.0000 0.8474
vn -0.5309 0.0000 0.8474
vn -0.8760 0.0000 0.4823
vn -0.7586 -0.4380 0.4823
vn -0.4598 -0.2654 0.8474
vn -0.4598 -0.2654 0.8474
vn -0.7586 -0.4380 0.4823
vn -0.4380 -0.7586 0.4823
vn -0.2654 -0.4598 0.8474
vn -0.2654 -0.4598 0.8474
vn -0.4380 -0.7586 0.4823
vn -0.0000 -0.8760 0.4823
vn 0.0000 -0.5309 0.8474
vn 0.0000 -0.5309 0.8474
vn -0.0000 -0.8760 0.4823
vn 0.4380 -0.7586 0.4823
vn 0.2654 -0.4598 0.8474
vn 0.2654 -0.4598 0.8474
vn 0.4380 -0.7586 0.4823
vn 0.7586 -0.4380 0.4823
vn 0.4598 -0.2655 0.8474
vn 0.4598 -0.2655 0.8474
vn 0.7586 -0.4380 0.4823
vn 0.8760 0.0000 0.4823
vn 0.5309 0.0000 0.8474
vn 0.5309 0.0000 0.8474
vn 0.8760 0.0000 0.4823
vn 0.7586 0.4380 0.4823
vn 0.4598 0.2655 0.8474
vn 0.4598 0.2655 0.8474
vn 0.7586 0.4380 0.4823
vn 0.4380 0.7586 0.4823
vn 0.2654 0.4598 0.8474
vn 0.2654 0.4598 0.8474
vn 0.4380 0.7586 0.4823
vn 0.0000 0.8760 0.4823
vn 0.0000 0.5309 0.8474
vn 0.0000 0.8760 0.4823
vn 0.0000 0.9659 0.2588
vn -0.4830 0.8365 0.2588
vn -0.4380 0.7586 0.4823
vn -0.4380 0.7586 0.4823
vn -0.4830 0.8365 0.2588
vn -0.8365 0.4830 0.2588
vn -0.7586 0.4380 0.4823
vn -0.7586 0.4380 0.4823
vn -0.8365 0.4830 0.2588
vn -0.9659 0.0000 0.2588
vn -0.8760 0.0000 0.4823
vn -0.8760 0.0000 0.4823
vn -0.9659 0.0000 0.2588
vn -0.8365 -0.4830 0.2588
vn -0.7586 -0.4380 0.4823
vn -0.7586 -0.4380 0.4823
vn -0.8365 -0.4830 0.2588
vn -0.4830 -0.8365 0.2588
vn -0.4380 -0.7586 0.4823
vn -0.4380 -0.7586 0.4823
vn -0.4830 -0.8365 0.2588
vn -0.0000 -0.9659 0.2588
vn -0.0000 -0.8760 0.4823
vn -0.0000 -0.8760 0.4823
vn -0.0000 -0.9659 0.2588
vn 0.4830 -0.8365 0.2588
vn 0.4380 -0.7586 0.4823
vn 0.4380 -0.7586 0.4823
vn 0.4830 -0.8365 0.2588
vn 0.8365 -0.4830 0.2588
vn 0.7586 -0.4380 0.4823
vn 0.7586 -0.4380 0.4823
vn 0.8365 -0.4830 0.2588
vn 0.9659 0.0000 0.2588
vn 0.8760 0.0000 0.4823
vn 0.8760 0.0000 0.4823
vn 0.9659 0.0000 0.2588
vn 0.8365 0.4830 0.2588
vn 0.7586 0.4380 0.4823
vn 0.7586 0.4380 0.4823
vn 0.8365 0.4830 0.2588
vn 0.4830 0.8365 0.2588
vn 0.4380 0.7586 0.4823
vn 0.4380 0.7586 0.4823
vn 0.4830 0.8365 0.2588
vn 0.0000 0.9659 0.2588
vn 0.0000 0.8760 0.4823
vn 0.0000 0.5703 0.8214
vn -0.0000 0.5703 0.8214
vn 0.0000 0.7273 0.6864
vn 0.0000 0.7273 0.6864
vn -0.0000 0.2640 0.9645
vn -0.0000 0.2640 0.9645
vn -0.0000 0.5703 0.8214
vn 0.0000 0.5703 0.8214
vn -0.0000 -0.0000 1.0000
vn 0.0000 -0.0000 1.0000
vn -0.0000 0.2640 0.9645
vn -0.0000 0.2640 0.9645
vn 0.0000 -0.5703 0.8214
vn 0.0000 -0.5703 0.8214
vn 0.0000 -0.7273 0.6864
vn 0.0000 -0.7273 0.6864
vn 0.0000 -0.2640 0.9645
vn 0.0000 -0.2640 0.9645
vn 0.0000 -0.5703 0.8214
vn 0.0000 -0.5703 0.8214
vn 0.0000 -0.5703 0.8214
vn 0.0000 -0.5703 0.8214
vn 0.0000 -0.7273 0.6864
vn 0.0000 -0.7273 0.6864
vn 0.0000 -0.2640 0.9645
vn 0.0000 -0.2640 0.9645
vn 0.0000 -0.5703 0.8214
vn 0.0000 -0.5703 0.8214
vn 0.0000 -0.0000 1.0000
vn 0.0000 -0.0000 1.0000
vn 0.0000 -0.2640 0.9645
vn 0.0000 -0.2640 0.9645
vn 0.0000 0.5703 0.8214
vn 0.0000 0.5703 0.8214
vn 0.0000 0.7273 0.6864
vn 0.0000 0.7273 0.6864
vn 0.0000 0.2640 0.9645
vn 0.0000 0.2640 0.9645
vn 0.0000 0.5703 0.8214
vn 0.0000 0.5703 0.8214
vn -1.0000 -0.0000 -0.0000
vn -0.8474 0.5309 0.0000
vn -0.8474 0.4598 -0.2654
vn -1.0000 -0.0000 -0.0000
vn -0.8474 0.4598 -0.2654
vn -0.8474 0.2654 -0.4598
vn -1.0000 -0.0000 -0.0000
vn -0.8474 0.2654 -0.4598
vn -0.8474 0.0000 -0.5309
vn -1.0000 -0.0000 -0.0000
vn -0.8474 0.0000 -0.5309
vn -0.8474 -0.2655 -0.4598
vn -1.0000 -0.0000 -0.0000
vn -0.8474 -0.2655 -0.4598
vn -0.8474 -0.4598 -0.2654
vn -1.0000 -0.0000 -0.0000
vn -0.8474 -0.4598 -0.2654
vn -0.8474 -0.5309 0.0000
vn -1.0000 -0.0000 -0.0000
vn -0.8474 -0.5309 0.0000
vn -0.8474 -0.4598 0.2654
vn -1.0000 -0.0000 -0.0000
vn -0.8474 -0.4598 0.2654
vn -0.8474 -0.2655 0.4598
vn -1.0000 -0.0000 -0.0000
vn -0.8474 -0.2655 0.4598
vn -0.8474 -0.0000 0.5309
vn -1.0000 -0.0000 -0.0000
vn -0.8474 -0.0000 0.5309
vn -0.8474 0.2654 0.4598
vn -1.0000 -0.0000 -0.0000
vn -0.8474 0.2654 0.4598
vn -0.8474 0.4598 0.2655
vn -1.0000 -0.0000 -0.0000
vn -0.8474 0.4598 0.2655
vn -0.8474 0.5309 0.0000
vn -0.8474 0.5309 0.0000
vn -0.4823 0.8760 0.0000
vn -0.4823 0.7586 -0.4380
vn -0.8474 0.4598 -0.2654
vn -0.8474 0.4598 -0.2654
vn -0.4823 0.7586 -0.4380
vn -0.4823 0.4380 -0.7586
vn -0.8474 0.2654 -0.4598
vn -0.8474 0.2654 -0.4598
vn -0.4823 0.4380 -0.7586
vn -0.4823 -0.0000 -0.8760
vn -0.8474 0.0000 -0.5309
vn -0.8474 0.0000 -0.5309
vn -0.4823 -0.0000 -0.8760
vn -0.4823 -0.4380 -0.7586
vn -0.8474 -0.2655 -0.4598
vn -0.8474 -0.2655 -0.4598
vn -0.4823 -0.4380 -0.7586
vn -0.4823 -0.7586 -0.4380
vn -0.8474 -0.4598 -0.2654
vn -0.8474 -0.4598 -0.2654
vn -0.4823 -0.7586 -0.4380
vn -0.4823 -0.8760 -0.0000
vn -0.8474 -0.5309 0.0000
vn -0.8474 -0.5309 0.0000
vn -0.4823 -0.8760 -0.0000
vn -0.4823 -0.7586 0.4380
vn -0.8474 -0.4598 0.2654
vn -0.8474 -0.4598 0.2654
vn -0.4823 -0.7586 0.4380
vn -0.4823 -0.4380 0.7586
vn -0.8474 -0.2655 0.4598
vn -0.8474 -0.2655 0.4598
vn -0.4823 -0.4380 0.7586
vn -0.4823 -0.0000 0.8760
vn -0.8474 -0.0000 0.5309
vn -0.8474 -0.0000 0.5309
vn -0.4823 -0.0000 0.8760
vn -0.4823 0.4380 0.7586
vn -0.8474 0.2654 0.4598
vn -0.8474 0.2654 0.4598
vn -0.4823 0.4380 0.7586
vn -0.4823 0.7586 0.4380
vn -0.8474 0.4598 0.2655
vn -0.8474 0.4598 0.2655
vn -0.4823 0.7586 0.4380
vn -0.4823 0.8760 0.0000
vn -0.8474 0.5309 0.0000
vn -0.4823 0.8760 0.0000
vn -0.2588 0.9659 0.0000
vn -0.2588 0.8365 -0.4830
vn -0.4823 0.7586 -0.4380
vn -0.4823 0.7586 -0.4380
vn -0.2588 0.8365 -0.4830
vn -0.2588 0.4830 -0.8365
vn -0.4823 0.4380 -0.7586
vn -0.4823 0.4380 -0.7586
vn -0.2588 0.4830 -0.8365
vn -0.2588 -0.0000 -0.9659
vn -0.4823 -0.0000 -0.8760
vn -0.4823 -0.0000 -0.8760
vn -0.2588 -0.0000 -0.9659
vn -0.2588 -0.4830 -0.8365
vn -0.4823 -0.4380 -0.7586
vn -0.4823 -0.4380 -0.7586
vn -0.2588 -0.4830 -0.8365
vn -0.2588 -0.8365 -0.4830
vn -0.4823 -0.7586 -0.4380
vn -0.4823 -0.7586 -0.4380
vn -0.2588 -0.8365 -0.4830
vn -0.2588 -0.9659 0.0000
vn -0.4823 -0.8760 -0.0000
vn -0.4823 -0.8760 -0.0000
vn -0.2588 -0.9659 0.0000
vn -0.2588 -0.8365 0.4830
vn -0.4823 -0.7586 0.4380
vn -0.4823 -0.7586 0.4380
vn -0.2588 -0.8365 0.4830
vn -0.2588 -0.4830 0.8365
vn -0.4823 -0.4380 0.7586
vn -0.4823 -0.4380 0.7586
vn -0.2588 -0.4830 0.8365
vn -0.2588 -0.0000 0.9659
vn -0.4823 -0.0000 0.8760
vn -0.4823 -0.0000 0.8760
vn -0.2588 -0.0000 0.9659
vn -0.2588 0.4830 0.8365
vn -0.4823 0.4380 0.7586
vn -0.4823 0.4380 0.7586
vn -0.2588 0.4830 0.8365
vn -0.2588 0.8365 0.4830
vn -0.4823 0.7586 0.4380
vn -0.4823 0.7586 0.4380
vn -0.2588 0.8365 0.4830
vn -0.2588 0.9659 0.0000
vn -0.4823 0.8760 0.0000
vn 1.0000 -0.0000 0.0000
vn 0.8474 0.5309 0.0000
vn 0.8474 0.4598 0.2654
vn 1.0000 -0.0000 0.0000
vn 0.8474 0.4598 0.2654
vn 0.8474 0.2654 0.4598
vn 1.0000 -0.0000 0.0000
vn 0.8474 0.2654 0.4598
vn 0.8474 -0.0000 0.5309
vn 1.0000 -0.0000 0.0000
vn 0.8474 -0.0000 0.5309
vn 0.8474 -0.2655 0.4598
vn 1.0000 -0.0000 0.0000
vn 0.8474 -0.2655 0.4598
vn 0.8474 -0.4598 0.2654
vn 1.0000 -0.0000 0.0000
vn 0.8474 -0.4598 0.2654
vn 0.8474 -0.5309 -0.0000
vn 1.0000 -0.0000 0.0000
vn 0.8474 -0.5309 -0.0000
vn 0.8474 -0.4598 -0.2654
vn 1.0000 -0.0000 0.0000
vn 0.8474 -0.4598 -0.2654
vn 0.8474 -0.2655 -0.4598
vn 1.0000 -0.0000 0.0000
vn 0.8474 -0.2655 -0.4598
vn 0.8474 -0.0000 -0.5309
vn 1.0000 -0.0000 0.0000
vn 0.8474 -0.0000 -0.5309
vn 0.8474 0.2654 -0.4598
vn 1.0000 -0.0000 0.0000
vn 0.8474 0.2654 -0.4598
vn 0.8474 0.4598 -0.2655
vn 1.0000 -0.0000 0.0000
vn 0.8474 0.4598 -0.2655
vn 0.8474 0.5309 0.0000
vn 0.8474 0.5309 0.0000
vn 0.4823 0.8760 0.0000
vn 0.4823 0.7586 0.4380
vn 0.8474 0.4598 0.2654
vn 0.8474 0.4598 0.2654
vn 0.4823 0.7586 0.4380
vn 0.4823 0.4380 0.7586
vn 0.8474 0.2654 0.4598
vn 0.8474 0.2654 0.4598
vn 0.4823 0.4380 0.7586
vn 0.4823 -0.0000 0.8760
vn 0.8474 -0.0000 0.5309
vn 0.8474 -0.0000 0.5309
vn 0.4823 -0.0000 0.8760
vn 0.4823 -0.4380 0.7586
vn 0.8474 -0.2655 0.4598
vn 0.8474 -0.2655 0.4598
vn 0.4823 -0.4380 0.7586
vn 0.4823 -0.7586 0.4380
vn 0.8474 -0.4598 0.2654
vn 0.8474 -0.4598 0.2654
vn 0.4823 -0.7586 0.4380
vn 0.4823 -0.8760 0.0000
vn 0.8474 -0.5309 -0.0000
vn 0.8474 -0.5309 -0.0000
vn 0.4823 -0.8760 0.0000
vn 0.4823 -0.7586 -0.4380
vn 0.8474 -0.4598 -0.2654
vn 0.8474 -0.4598 -0.2654
vn 0.4823 -0.7586 -0.4380
vn 0.4823 -0.4380 -0.7586
vn 0.8474 -0.2655 -0.4598
vn 0.8474 -0.2655 -0.4598
vn 0.4823 -0.4380 -0.7586
vn 0.4823 -0.0000 -0.8760
vn 0.8474 -0.0000 -0.5309
vn 0.8474 -0.0000 -0.5309
vn 0.4823 -0.0000 -0.8760
vn 0.4823 0.4380 -0.7586
vn 0.8474 0.2654 -0.4598
vn 0.8474 0.2654 -0.4598
vn 0.4823 0.4380 -0.7586
vn 0.4823 0.7586 -0.4380
vn 0.8474 0.4598 -0.2655
vn 0.8474 0.4598 -0.2655
vn 0.4823 0.7586 -0.4380
vn 0.4823 0.8760 0.0000
vn 0.8474 0.5309 0.0000
vn 0.4823 0.8760 0.0000
vn 0.2588 0.9659 -0.0000
vn 0.2588 0.8365 0.4830
vn 0.4823 0.7586 0.4380
vn 0.4823 0.7586 0.4380
vn 0.2588 0.8365 0.4830
vn 0.2588 0.4830 0.8365
vn 0.4823 0.4380 0.7586
vn 0.4823 0.4380 0.7586
vn 0.2588 0.4830 0.8365
vn 0.2588 -0.0000 0.9659
vn 0.4823 -0.0000 0.8760
vn 0.4823 -0.0000 0.8760
vn 0.2588 -0.0000 0.9659
vn 0.2588 -0.4830 0.8365
vn 0.4823 -0.4380 0.7586
vn 0.4823 -0.4380 0.7586
vn 0.2588 -0.4830 0.8365
vn 0.2588 -0.8365 0.4830
vn 0.4823 -0.7586 0.4380
vn 0.4823 -0.7586 0.4380
vn 0.2588 -0.8365 0.4830
vn 0.2588 -0.9659 0.0000
vn 0.4823 -0.8760 0.0000
vn 0.4823 -0.8760 0.0000
vn 0.2588 -0.9659 0.0000
vn 0.2588 -0.8365 -0.4830
vn 0.4823 -0.7586 -0.4380
vn 0.4823 -0.7586 -0.4380
vn 0.2588 -0.8365 -0.4830
vn 0.2588 -0.4830 -0.8365
vn 0.4823 -0.4380 -0.7586
vn 0.4823 -0.4380 -0.7586
vn 0.2588 -0.4830 -0.8365
vn 0.2588 -0.0000 -0.9659
vn 0.4823 -0.0000 -0.8760
vn 0.4823 -0.0000 -0.8760
vn 0.2588 -0.0000 -0.9659
vn 0.2588 0.4830 -0.8365
vn 0.4823 0.4380 -0.7586
vn 0.4823 0.4380 -0.7586
vn 0.2588 0.4830 -0.8365
vn 0.2588 0.8365 -0.4830
vn 0.4823 0.7586 -0.4380
vn 0.4823 0.7586 -0.4380
vn 0.2588 0.8365 -0.4830
vn 0.2588 0.9659 -0.0000
vn 0.4823 0.8760 0.0000
vn -1.0000 -0.0000 -0.0000
vn -0.8474 0.5309 -0.0000
vn -0.8474 0.4598 -0.2654
vn -1.0000 -0.0000 -0.0000
vn -0.8474 0.4598 -0.2654
vn -0.8474 0.2654 -0.4598
vn -1.0000 -0.0000 -0.0000
vn -0.8474 0.2654 -0.4598
vn -0.8474 0.0000 -0.5309
vn -1.0000 -0.0000 -0.0000
vn -0.8474 0.0000 -0.5309
vn -0.8474 -0.2655 -0.4598
vn -1.0000 -0.0000 -0.0000
vn -0.8474 -0.2655 -0.4598
vn -0.8474 -0.4598 -0.2654
vn -1.0000 -0.0000 -0.0000
vn -0.8474 -0.4598 -0.2654
vn -0.8474 -0.5309 0.0000
vn -1.0000 -0.0000 -0.0000
vn -0.8474 -0.5309 0.0000
vn -0.8474 -0.4598 0.2654
vn -1.0000 -0.0000 -0.0000
vn -0.8474 -0.4598 0.2654
vn -0.8474 -0.2655 0.4598
vn -1.0000 -0.0000 -0.0000
vn -0.8474 -0.2655 0.4598
vn -0.8474 -0.0000 0.5309
vn -1.0000 -0.0000 -0.0000
vn -0.8474 -0.0000 0.5309
vn -0.8474 0.2654 0.4598
vn -1.0000 -0.0000 -0.0000
vn -0.8474 0.2654 0.4598
vn -0.8474 0.4598 0.2655
vn -1.0000 -0.0000 -0.0000
vn -0.8474 0.4598 0.2655
vn -0.8474 0.5309 -0.0000
vn -0.8474 0.5309 -0.0000
vn -0.4823 0.8760 0.0000
vn -0.4823 0.7586 -0.4380
vn -0.8474 0.4598 -0.2654
vn -0.8474 0.4598 -0.2654
vn -0.4823 0.7586 -0.4380
vn -0.4823 0.4380 -0.7586
vn -0.8474 0.2654 -0.4598
vn -0.8474 0.2654 -0.4598
vn -0.4823 0.4380 -0.7586
vn -0.4823 -0.0000 -0.8760
vn -0.8474 0.0000 -0.5309
vn -0.8474 0.0000 -0.5309
vn -0.4823 -0.0000 -0.8760
vn -0.4823 -0.4380 -0.7586
vn -0.8474 -0.2655 -0.4598
vn -0.8474 -0.2655 -0.4598
vn -0.4823 -0.4380 -0.7586
vn -0.4823 -0.7586 -0.4380
vn -0.8474 -0.4598 -0.2654
vn -0.8474 -0.4598 -0.2654
vn -0.4823 -0.7586 -0.4380
vn -0.4823 -0.8760 0.0000
vn -0.8474 -0.5309 0.0000
vn -0.8474 -0.5309 0.0000
vn -0.4823 -0.8760 0.0000
vn -0.4823 -0.7586 0.4380
vn -0.8474 -0.4598 0.2654
vn -0.8474 -0.4598 0.2654
vn -0.4823 -0.7586 0.4380
vn -0.4823 -0.4380 0.7586
vn -0.8474 -0.2655 0.4598
vn -0.8474 -0.2655 0.4598
vn -0.4823 -0.4380 0.7586
vn -0.4823 -0.0000 0.8760
vn -0.8474 -0.0000 0.5309
vn -0.8474 -0.0000 0.5309
vn -0.4823 -0.0000 0.8760
vn -0.4823 0.4380 0.7586
vn -0.8474 0.2654 0.4598
vn -0.8474 0.2654 0.4598
vn -0.4823 0.4380 0.7586
vn -0.4823 0.7586 0.4380
vn -0.8474 0.4598 0.2655
vn -0.8474 0.4598 0.2655
vn -0.4823 0.7586 0.4380
vn -0.4823 0.8760 0.0000
vn -0.8474 0.5309 -0.0000
vn -0.4823 0.8760 0.0000
vn -0.2588 0.9659 0.0000
vn -0.2588 0.8365 -0.4830
vn -0.4823 0.7586 -0.4380
vn -0.4823 0.7586 -0.4380
vn -0.2588 0.8365 -0.4830
vn -0.2588 0.4830 -0.8365
vn -0.4823 0.4380 -0.7586
vn -0.4823 0.4380 -0.7586
vn -0.2588 0.4830 -0.8365
vn -0.2588 -0.0000 -0.9659
vn -0.4823 -0.0000 -0.8760
vn -0.4823 -0.0000 -0.8760
vn -0.2588 -0.0000 -0.9659
vn -0.2588 -0.4830 -0.8365
vn -0.4823 -0.4380 -0.7586
vn -0.4823 -0.4380 -0.7586
vn -0.2588 -0.4830 -0.8365
vn -0.2588 -0.8365 -0.4830
vn -0.4823 -0.7586 -0.4380
vn -0.4823 -0.7586 -0.4380
vn -0.2588 -0.8365 -0.4830
vn -0.2588 -0.9659 -0.0000
vn -0.4823 -0.8760 0.0000
vn -0.4823 -0.8760 0.0000
vn -0.2588 -0.9659 -0.0000
vn -0.2588 -0.8365 0.4830
vn -0.4823 -0.7586 0.4380
vn -0.4823 -0.7586 0.4380
vn -0.2588 -0.8365 0.4830
vn -0.2588 -0.4830 0.8365
vn -0.4823 -0.4380 0.7586
vn -0.4823 -0.4380 0.7586
vn -0.2588 -0.4830 0.8365
vn -0.2588 -0.0000 0.9659
vn -0.4823 -0.0000 0.8760
vn -0.4823 -0.0000 0.8760
vn -0.2588 -0.0000 0.9659
vn -0.2588 0.4830 0.8365
vn -0.4823 0.4380 0.7586
vn -0.4823 0.4380 0.7586
vn -0.2588 0.4830 0.8365
vn -0.2588 0.8365 0.4830
vn -0.4823 0.7586 0.4380
vn -0.4823 0.7586 0.4380
vn -0.2588 0.8365 0.4830
vn -0.2588 0.9659 0.0000
vn -0.4823 0.8760 0.0000
vn 1.0000 -0.0000 0.0000
vn 0.8474 0.5309 0.0000
vn 0.8474 0.4598 0.2654
vn 1.0000 -0.0000 0.0000
vn 0.8474 0.4598 0.2654
vn 0.8474 0.2654 0.4598
vn 1.0000 -0.0000 0.0000
vn 0.8474 0.2654 0.4598
vn 0.8474 0.0000 0.5309
vn 1.0000 -0.0000 0.0000
vn 0.8474 0.0000 0.5309
vn 0.8474 -0.2655 0.4598
vn 1.0000 -0.0000 0.0000
vn 0.8474 -0.2655 0.4598
vn 0.8474 -0.4598 0.2654
vn 1.0000 -0.0000 0.0000
vn 0.8474 -0.4598 0.2654
vn 0.8474 -0.5309 -0.0000
vn 1.0000 -0.0000 0.0000
vn 0.8474 -0.5309 -0.0000
vn 0.8474 -0.4598 -0.2654
vn 1.0000 -0.0000 0.0000
vn 0.8474 -0.4598 -0.2654
vn 0.8474 -0.2655 -0.4598
vn 1.0000 -0.0000 0.0000
vn 0.8474 -0.2655 -0.4598
vn 0.8474 -0.0000 -0.5309
vn 1.0000 -0.0000 0.0000
vn 0.8474 -0.0000 -0.5309
vn 0.8474 0.2654 -0.4598
vn 1.0000 -0.0000 0.0000
vn 0.8474 0.2654 -0.4598
vn 0.8474 0.4598 -0.2655
vn 1.0000 -0.0000 0.0000
vn 0.8474 0.4598 -0.2655
vn 0.8474 0.5309 0.0000
vn 0.8474 0.5309 0.0000
vn 0.4823 0.8760 -0.0000
vn 0.4823 0.7586 0.4380
vn 0.8474 0.4598 0.2654
vn 0.8474 0.4598 0.2654
vn 0.4823 0.7586 0.4380
vn 0.4823 0.4380 0.7586
vn 0.8474 0.2654 0.4598
vn 0.8474 0.2654 0.4598
vn 0.4823 0.4380 0.7586
vn 0.4823 -0.0000 0.8760
vn 0.8474 0.0000 0.5309
vn 0.8474 0.0000 0.5309
vn 0.4823 -0.0000 0.8760
vn 0.4823 -0.4380 0.7586
vn 0.8474 -0.2655 0.4598
vn 0.8474 -0.2655 0.4598
vn 0.4823 -0.4380 0.7586
vn 0.4823 -0.7586 0.4380
vn 0.8474 -0.4598 0.2654
vn 0.8474 -0.4598 0.2654
vn 0.4823 -0.7586 0.4380
vn 0.4823 -0.8760 -0.0000
vn 0.8474 -0.5309 -0.0000
vn 0.8474 -0.5309 -0.0000
vn 0.4823 -0.8760 -0.0000
vn 0.4823 -0.7586 -0.4380
vn 0.8474 -0.4598 -0.2654
vn 0.8474 -0.4598 -0.2654
vn 0.4823 -0.7586 -0.4380
vn 0.4823 -0.4380 -0.7586
vn 0.8474 -0.2655 -0.4598
vn 0.8474 -0.2655 -0.4598
vn 0.4823 -0.4380 -0.7586
vn 0.4823 -0.0000 -0.8760
vn 0.8474 -0.0000 -0.5309
vn 0.8474 -0.0000 -0.5309
vn 0.4823 -0.0000 -0.8760
vn 0.4823 0.4380 -0.7586
vn 0.8474 0.2654 -0.4598
vn 0.8474 0.2654 -0.4598
vn 0.4823 0.4380 -0.7586
vn 0.4823 0.7586 -0.4380
vn 0.8474 0.4598 -0.2655
vn 0.8474 0.4598 -0.2655
vn 0.4823 0.7586 -0.4380
vn 0.4823 0.8760 -0.0000
vn 0.8474 0.5309 0.0000
vn 0.4823 0.8760 -0.0000
vn 0.2588 0.9659 -0.0000
vn 0.2588 0.8365 0.4830
vn 0.4823 0.7586 0.4380
vn 0.4823 0.7586 0.4380
vn 0.2588 0.8365 0.4830
vn 0.2588 0.4830 0.8365
vn 0.4823 0.4380 0.7586
vn 0.4823 0.4380 0.7586
vn 0.2588 0.4830 0.8365
vn 0.2588 -0.0000 0.9659
vn 0.4823 -0.0000 0.8760
vn 0.4823 -0.0000 0.8760
vn 0.2588 -0.0000 0.9659
vn 0.2588 -0.4830 0.8365
vn 0.4823 -0.4380 0.7586
vn 0.4823 -0.4380 0.7586
vn 0.2588 -0.4830 0.8365
vn 0.2588 -0.8365 0.4830
vn 0.4823 -0.7586 0.4380
vn 0.4823 -0.7586 0.4380
vn 0.2588 -0.8365 0.4830
vn 0.2588 -0.9659 0.0000
vn 0.4823 -0.8760 -0.0000
vn 0.4823 -0.8760 -0.0000
vn 0.2588 -0.9659 0.0000
vn 0.2588 -0.8365 -0.4830
vn 0.4823 -0.7586 -0.4380
vn 0.4823 -0.7586 -0.4380
vn 0.2588 -0.8365 -0.4830
vn 0.2588 -0.4830 -0.8365
vn 0.4823 -0.4380 -0.7586
vn 0.4823 -0.4380 -0.7586
vn 0.2588 -0.4830 -0.8365
vn 0.2588 -0.0000 -0.9659
vn 0.4823 -0.0000 -0.8760
vn 0.4823 -0.0000 -0.8760
vn 0.2588 -0.0000 -0.9659
vn 0.2588 0.4830 -0.8365
vn 0.4823 0.4380 -0.7586
vn 0.4823 0.4380 -0.7586
vn 0.2588 0.4830 -0.8365
vn 0.2588 0.8365 -0.4830
vn 0.4823 0.7586 -0.4380
vn 0.4823 0.7586 -0.4380
vn 0.2588 0.8365 -0.4830
vn 0.2588 0.9659 -0.0000
vn 0.4823 0.8760 -0.0000
vn -1.0000 0.0000 -0.0000
vn -1.0000 0.0000 -0.0000
vn -1.0000 0.0000 -0.0000
vn -1.0000 0.0000 -0.0000
vn -1.0000 0.0000 -0.0000
vn -1.0000 0.0000 -0.0000
vn -1.0000 0.0000 -0.0000
vn -1.0000 0.0000 -0.0000
vn 1.0000 0.0000 -0.0000
vn 1.0000 0.0000 -0.0000
vn 1.0000 0.0000 -0.0000
vn 1.0000 0.0000 -0.0000
vn 1.0000 0.0000 -0.0000
vn 1.0000 0.0000 -0.0000
vn 1.0000 0.0000 -0.0000
vn 1.0000 0.0000 -0.0000
vn 1.0000 0.0000 -0.0000
vn 1.0000 0.0000 -0.0000
vn 1.0000 0.0000 -0.0000
vn 1.0000 0.0000 -0.0000
vn 1.0000 0.0000 -0.0000
vn 1.0000 0.0000 -0.0000
vn 1.0000 0.0000 -0.0000
vn 1.0000 0.0000 -0.0000
vn -1.0000 0.0000 -0.0000
vn -1.0000 0.0000 -0.0000
vn -1.0000 0.0000 -0.0000
vn -1.0000 0.0000 -0.0000
vn -1.0000 0.0000 -0.0000
vn -1.0000 0.0000 -0.0000
vn -1.0000 0.0000 -0.0000
vn -1.0000 0.0000 -0.0000
vn -1.0000 0.0000 -0.0000
vn -1.0000 0.0000 -0.0000
vn -1.0000 0.0000 -0.0000
vn -1.0000 0.0000 -0.0000
vn -1.0000 0.0000 -0.0000
vn -1.0000 0.0000 -0.0000
vn -1.0000 0.0000 -0.0000
vn -1.0000 0.0000 -0.0000
vn 1.0000 0.0000 -0.0000
vn 1.0000 0.0000 -0.0000
vn 1.0000 0.0000 -0.0000
vn 1.0000 0.0000 -0.0000
vn 1.0000 0.0000 -0.0000
vn 1.0000 0.0000 -0.0000
vn 1.0000 0.0000 -0.0000
vn 1.0000 0.0000 -0.0000
vn 1.0000 0.0000 -0.0000
vn 1.0000 0.0000 -0.0000
vn 1.0000 0.0000 -0.0000
vn 1.0000 0.0000 -0.0000
vn 1.0000 0.0000 -0.0000
vn 1.0000 0.0000 -0.0000
vn 1.0000 0.0000 -0.0000
vn 1.0000 0.0000 -0.0000
vn -1.0000 0.0000 -0.0000
vn -1.0000 0.0000 -0.0000
vn -1.0000 0.0000 -0.0000
vn -1.0000 0.0000 -0.0000
vn -1.0000 0.0000 -0.0000
vn -1.0000 0.0000 -0.0000
vn -1.0000 0.0000 -0.0000
vn -1.0000 0.0000 -0.0000
vn -0.0000 0.0000 -1.0000
vn -0.0000 0.0000 -1.0000
vn -0.0000 0.0000 -1.0000
vn -0.0000 0.0000 -1.0000
vn 0.0000 -0.0000 1.0000
vn 0.0000 -0.0000 1.0000
vn 0.0000 -0.0000 1.0000
vn 0.0000 -0.0000 1.0000
vn 0.0000 -0.0000 1.0000
vn 0.0000 -0.0000 1.0000
vn 0.0000 -0.0000 1.0000
vn 0.0000 -0.0000 1.0000
vn 0.0000 -0.0000 1.0000
vn 0.0000 -0.0000 1.0000
vn 0.0000 -0.0000 1.0000
vn 0.0000 -0.0000 1.0000
vn 0.0000 -0.0000 1.0000
vn 0.0000 -0.0000 1.0000
vn 0.0000 -0.0000 1.0000
vn 0.0000 -0.0000 1.0000
# 2000 vertex normals

vt 0.0927 0.2705 0.0000
vt 0.5659 0.2705 0.0000
vt 0.5659 0.9303 0.0000
vt 0.0927 0.9303 0.0000
vt 0.0927 0.2024 0.0000
vt 0.5659 0.2024 0.0000
vt 0.6572 0.2705 0.0000
vt 0.6572 0.9303 0.0000
vt 0.5659 0.9984 0.0000
vt 0.0927 0.9984 0.0000
vt 0.9140 0.6440 0.0000
vt 0.9140 0.7050 0.0000
vt 0.0015 0.9303 0.0000
vt 0.0015 0.2705 0.0000
vt 0.9050 0.7050 0.0000
vt 0.9050 0.6440 0.0000
vt 0.7526 0.3891 0.0000
vt 0.7626 0.3891 0.0000
vt 0.7423 0.3891 0.0000
vt 0.7523 0.3891 0.0000
vt 0.8978 0.3233 0.0000
vt 0.7625 0.3226 0.0000
vt 0.8978 0.2172 0.0000
vt 0.7625 0.2166 0.0000
vt 0.8566 0.3233 0.0000
vt 0.8566 0.2172 0.0000
vt 0.8037 0.2166 0.0000
vt 0.8037 0.3226 0.0000
vt 0.6722 0.0425 0.0000
vt 0.7331 0.0425 0.0000
vt 0.7331 0.0515 0.0000
vt 0.6722 0.0515 0.0000
vt 0.7422 0.0515 0.0000
vt 0.7422 0.2058 0.0000
vt 0.7331 0.2058 0.0000
vt 0.7331 0.2149 0.0000
vt 0.6722 0.2149 0.0000
vt 0.6722 0.2058 0.0000
vt 0.6631 0.2058 0.0000
vt 0.6631 0.0515 0.0000
vt 0.6686 0.9109 0.0000
vt 0.6686 0.9150 0.0000
vt 0.6666 0.9144 0.0000
vt 0.6651 0.9129 0.0000
vt 0.6646 0.9109 0.0000
vt 0.6651 0.9089 0.0000
vt 0.6666 0.9074 0.0000
vt 0.6686 0.9069 0.0000
vt 0.6707 0.9074 0.0000
vt 0.6721 0.9089 0.0000
vt 0.6727 0.9109 0.0000
vt 0.6721 0.9129 0.0000
vt 0.6707 0.9144 0.0000
vt 0.6686 0.9179 0.0000
vt 0.6651 0.9170 0.0000
vt 0.6626 0.9144 0.0000
vt 0.6616 0.9109 0.0000
vt 0.6626 0.9074 0.0000
vt 0.6651 0.9049 0.0000
vt 0.6686 0.9039 0.0000
vt 0.6721 0.9049 0.0000
vt 0.6747 0.9074 0.0000
vt 0.6756 0.9109 0.0000
vt 0.6747 0.9144 0.0000
vt 0.6721 0.9170 0.0000
vt 0.6686 0.9190 0.0000
vt 0.6646 0.9179 0.0000
vt 0.6616 0.9150 0.0000
vt 0.6606 0.9109 0.0000
vt 0.6616 0.9069 0.0000
vt 0.6646 0.9039 0.0000
vt 0.6686 0.9028 0.0000
vt 0.6727 0.9039 0.0000
vt 0.6756 0.9069 0.0000
vt 0.6767 0.9109 0.0000
vt 0.6756 0.9150 0.0000
vt 0.6727 0.9179 0.0000
vt 0.7630 0.1213 0.0000
vt 0.7529 0.1213 0.0000
vt 0.7529 0.0996 0.0000
vt 0.7630 0.0996 0.0000
vt 0.7527 0.1213 0.0000
vt 0.7426 0.1213 0.0000
vt 0.7426 0.0996 0.0000
vt 0.7527 0.0996 0.0000
vt 0.8979 0.1093 0.0000
vt 0.8979 0.2153 0.0000
vt 0.8567 0.2153 0.0000
vt 0.8312 0.1623 0.0000
vt 0.8567 0.1093 0.0000
vt 0.7630 0.2150 0.0000
vt 0.6825 0.2480 0.0000
vt 0.6783 0.2480 0.0000
vt 0.6789 0.2460 0.0000
vt 0.6804 0.2445 0.0000
vt 0.6825 0.2439 0.0000
vt 0.6845 0.2445 0.0000
vt 0.6860 0.2460 0.0000
vt 0.6866 0.2480 0.0000
vt 0.6860 0.2501 0.0000
vt 0.6845 0.2516 0.0000
vt 0.6825 0.2522 0.0000
vt 0.6804 0.2516 0.0000
vt 0.6789 0.2501 0.0000
vt 0.6753 0.2480 0.0000
vt 0.6763 0.2445 0.0000
vt 0.6789 0.2419 0.0000
vt 0.6825 0.2409 0.0000
vt 0.6860 0.2419 0.0000
vt 0.6886 0.2445 0.0000
vt 0.6896 0.2480 0.0000
vt 0.6886 0.2516 0.0000
vt 0.6860 0.2542 0.0000
vt 0.6825 0.2552 0.0000
vt 0.6789 0.2542 0.0000
vt 0.6763 0.2516 0.0000
vt 0.6742 0.2480 0.0000
vt 0.6753 0.2439 0.0000
vt 0.6783 0.2409 0.0000
vt 0.6825 0.2398 0.0000
vt 0.6866 0.2409 0.0000
vt 0.6896 0.2439 0.0000
vt 0.6907 0.2480 0.0000
vt 0.6896 0.2522 0.0000
vt 0.6866 0.2552 0.0000
vt 0.6825 0.2563 0.0000
vt 0.6783 0.2552 0.0000
vt 0.6753 0.2522 0.0000
vt 0.7529 0.2150 0.0000
vt 0.7529 0.1737 0.0000
vt 0.9142 0.9264 0.0000
vt 0.9142 0.9874 0.0000
vt 0.9051 0.9874 0.0000
vt 0.9051 0.9264 0.0000
vt 0.9051 0.9965 0.0000
vt 0.6862 0.9965 0.0000
vt 0.6771 0.9874 0.0000
vt 0.6771 0.9264 0.0000
vt 0.6862 0.9174 0.0000
vt 0.9051 0.9174 0.0000
vt 0.9050 0.7141 0.0000
vt 0.6861 0.7141 0.0000
vt 0.9135 0.9014 0.0000
vt 0.7860 0.9017 0.0000
vt 0.7850 0.7169 0.0000
vt 0.9135 0.7166 0.0000
vt 0.7878 0.9014 0.0000
vt 0.7850 0.9159 0.0000
vt 0.7860 0.7310 0.0000
vt 0.9135 0.7308 0.0000
vt 0.7274 0.9117 0.0000
vt 0.7281 0.9017 0.0000
vt 0.6861 0.7050 0.0000
vt 0.6770 0.7050 0.0000
vt 0.9135 0.9157 0.0000
vt 0.7878 0.7308 0.0000
vt 0.8558 0.7308 0.0000
vt 0.8558 0.7208 0.0000
vt 0.7630 0.1737 0.0000
vt 0.8982 0.0018 0.0000
vt 0.8982 0.1079 0.0000
vt 0.8569 0.1079 0.0000
vt 0.8315 0.0548 0.0000
vt 0.8569 0.0018 0.0000
vt 0.7529 0.0238 0.0000
vt 0.7630 0.0238 0.0000
vt 0.7630 0.0651 0.0000
vt 0.7529 0.0651 0.0000
vt 0.7527 0.2150 0.0000
vt 0.7425 0.2150 0.0000
vt 0.7426 0.1737 0.0000
vt 0.7527 0.1737 0.0000
vt 0.7629 0.1072 0.0000
vt 0.7629 0.0011 0.0000
vt 0.8041 0.0011 0.0000
vt 0.8296 0.0542 0.0000
vt 0.8041 0.1072 0.0000
vt 0.7425 0.0238 0.0000
vt 0.7527 0.0238 0.0000
vt 0.7527 0.0650 0.0000
vt 0.7426 0.0650 0.0000
vt 0.7633 0.2150 0.0000
vt 0.7633 0.1089 0.0000
vt 0.8046 0.1089 0.0000
vt 0.8300 0.1620 0.0000
vt 0.8046 0.2150 0.0000
vt 0.6828 0.0326 0.0000
vt 0.6787 0.0326 0.0000
vt 0.6792 0.0306 0.0000
vt 0.6808 0.0291 0.0000
vt 0.6828 0.0285 0.0000
vt 0.6849 0.0291 0.0000
vt 0.6864 0.0306 0.0000
vt 0.6869 0.0326 0.0000
vt 0.6864 0.0347 0.0000
vt 0.6849 0.0362 0.0000
vt 0.6828 0.0368 0.0000
vt 0.6808 0.0362 0.0000
vt 0.6792 0.0347 0.0000
vt 0.6766 0.0291 0.0000
vt 0.6757 0.0326 0.0000
vt 0.6792 0.0264 0.0000
vt 0.6828 0.0255 0.0000
vt 0.6864 0.0264 0.0000
vt 0.6890 0.0291 0.0000
vt 0.6900 0.0326 0.0000
vt 0.6890 0.0362 0.0000
vt 0.6864 0.0388 0.0000
vt 0.6828 0.0398 0.0000
vt 0.6792 0.0388 0.0000
vt 0.6766 0.0362 0.0000
vt 0.6757 0.0285 0.0000
vt 0.6746 0.0326 0.0000
vt 0.6787 0.0255 0.0000
vt 0.6828 0.0244 0.0000
vt 0.6869 0.0255 0.0000
vt 0.6900 0.0285 0.0000
vt 0.6911 0.0326 0.0000
vt 0.6900 0.0368 0.0000
vt 0.6869 0.0398 0.0000
vt 0.6828 0.0409 0.0000
vt 0.6787 0.0398 0.0000
vt 0.6718 0.2579 0.0000
vt 0.7328 0.2579 0.0000
vt 0.7328 0.2670 0.0000
vt 0.6718 0.2670 0.0000
vt 0.7418 0.2670 0.0000
vt 0.7418 0.4212 0.0000
vt 0.7328 0.4212 0.0000
vt 0.6757 0.0368 0.0000
vt 0.7328 0.4303 0.0000
vt 0.6718 0.4303 0.0000
vt 0.6718 0.4212 0.0000
vt 0.7326 0.0325 0.0000
vt 0.6628 0.4212 0.0000
vt 0.6628 0.2670 0.0000
vt 0.7285 0.0325 0.0000
vt 0.7291 0.0305 0.0000
vt 0.7629 0.4304 0.0000
vt 0.7525 0.2392 0.0000
vt 0.7626 0.4304 0.0000
vt 0.7629 0.3244 0.0000
vt 0.7422 0.4304 0.0000
vt 0.7626 0.2392 0.0000
vt 0.7525 0.4304 0.0000
vt 0.7422 0.2392 0.0000
vt 0.7626 0.2805 0.0000
vt 0.7306 0.0290 0.0000
vt 0.7326 0.0284 0.0000
vt 0.7526 0.2805 0.0000
vt 0.8042 0.3244 0.0000
vt 0.7347 0.0290 0.0000
vt 0.7523 0.2392 0.0000
vt 0.8162 0.3345 0.0000
vt 0.6991 0.2480 0.0000
vt 0.6950 0.2480 0.0000
vt 0.6956 0.2459 0.0000
vt 0.6971 0.2444 0.0000
vt 0.6991 0.2439 0.0000
vt 0.7012 0.2444 0.0000
vt 0.7027 0.2459 0.0000
vt 0.7033 0.2480 0.0000
vt 0.7027 0.2501 0.0000
vt 0.7012 0.2516 0.0000
vt 0.6991 0.2521 0.0000
vt 0.6971 0.2516 0.0000
vt 0.6956 0.2501 0.0000
vt 0.6920 0.2480 0.0000
vt 0.6929 0.2444 0.0000
vt 0.6956 0.2418 0.0000
vt 0.6991 0.2408 0.0000
vt 0.7027 0.2418 0.0000
vt 0.7053 0.2444 0.0000
vt 0.7063 0.2480 0.0000
vt 0.7053 0.2516 0.0000
vt 0.7027 0.2542 0.0000
vt 0.6991 0.2551 0.0000
vt 0.6956 0.2542 0.0000
vt 0.6929 0.2516 0.0000
vt 0.6909 0.2480 0.0000
vt 0.6920 0.2439 0.0000
vt 0.6950 0.2408 0.0000
vt 0.6991 0.2397 0.0000
vt 0.7033 0.2408 0.0000
vt 0.7063 0.2439 0.0000
vt 0.7074 0.2480 0.0000
vt 0.7063 0.2521 0.0000
vt 0.7323 0.2479 0.0000
vt 0.7281 0.2479 0.0000
vt 0.7287 0.2459 0.0000
vt 0.7302 0.2444 0.0000
vt 0.7323 0.2438 0.0000
vt 0.7343 0.2444 0.0000
vt 0.7358 0.2459 0.0000
vt 0.7364 0.2479 0.0000
vt 0.7358 0.2500 0.0000
vt 0.7343 0.2515 0.0000
vt 0.7323 0.2521 0.0000
vt 0.7302 0.2515 0.0000
vt 0.7287 0.2500 0.0000
vt 0.7251 0.2479 0.0000
vt 0.7261 0.2444 0.0000
vt 0.7287 0.2418 0.0000
vt 0.7323 0.2408 0.0000
vt 0.7358 0.2418 0.0000
vt 0.7385 0.2444 0.0000
vt 0.7394 0.2479 0.0000
vt 0.7385 0.2515 0.0000
vt 0.7358 0.2541 0.0000
vt 0.7323 0.2551 0.0000
vt 0.7287 0.2541 0.0000
vt 0.7261 0.2515 0.0000
vt 0.7240 0.2479 0.0000
vt 0.7251 0.2438 0.0000
vt 0.7281 0.2408 0.0000
vt 0.7323 0.2397 0.0000
vt 0.7364 0.2408 0.0000
vt 0.7394 0.2438 0.0000
vt 0.7405 0.2479 0.0000
vt 0.7394 0.2521 0.0000
vt 0.7364 0.2551 0.0000
vt 0.7323 0.2562 0.0000
vt 0.7281 0.2551 0.0000
vt 0.7251 0.2521 0.0000
vt 0.6686 0.9288 0.0000
vt 0.6686 0.9328 0.0000
vt 0.6666 0.9323 0.0000
vt 0.6651 0.9308 0.0000
vt 0.6645 0.9288 0.0000
vt 0.6651 0.9268 0.0000
vt 0.6666 0.9253 0.0000
vt 0.6686 0.9247 0.0000
vt 0.6706 0.9253 0.0000
vt 0.6721 0.9268 0.0000
vt 0.6726 0.9288 0.0000
vt 0.6721 0.9308 0.0000
vt 0.6706 0.9323 0.0000
vt 0.6686 0.9358 0.0000
vt 0.8976 0.3247 0.0000
vt 0.8976 0.4308 0.0000
vt 0.8563 0.4308 0.0000
vt 0.8443 0.4206 0.0000
vt 0.7362 0.0305 0.0000
vt 0.7368 0.0325 0.0000
vt 0.8445 0.3131 0.0000
vt 0.8344 0.2917 0.0000
vt 0.8311 0.2703 0.0000
vt 0.8344 0.2488 0.0000
vt 0.7423 0.2804 0.0000
vt 0.8158 0.2267 0.0000
vt 0.8260 0.2481 0.0000
vt 0.8292 0.2696 0.0000
vt 0.8260 0.2910 0.0000
vt 0.8264 0.3559 0.0000
vt 0.8297 0.3774 0.0000
vt 0.8264 0.3988 0.0000
vt 0.8162 0.4203 0.0000
vt 0.8042 0.4304 0.0000
vt 0.7362 0.0346 0.0000
vt 0.7347 0.0361 0.0000
vt 0.7326 0.0367 0.0000
vt 0.7306 0.0361 0.0000
vt 0.7033 0.2551 0.0000
vt 0.6991 0.2562 0.0000
vt 0.6950 0.2551 0.0000
vt 0.6920 0.2521 0.0000
vt 0.7157 0.2480 0.0000
vt 0.7116 0.2480 0.0000
vt 0.7122 0.2459 0.0000
vt 0.7137 0.2444 0.0000
vt 0.7157 0.2438 0.0000
vt 0.7178 0.2444 0.0000
vt 0.7193 0.2459 0.0000
vt 0.7199 0.2480 0.0000
vt 0.7193 0.2500 0.0000
vt 0.7178 0.2515 0.0000
vt 0.7157 0.2521 0.0000
vt 0.7137 0.2515 0.0000
vt 0.7122 0.2500 0.0000
vt 0.7086 0.2480 0.0000
vt 0.7095 0.2444 0.0000
vt 0.7122 0.2418 0.0000
vt 0.7157 0.2408 0.0000
vt 0.7193 0.2418 0.0000
vt 0.7219 0.2444 0.0000
vt 0.7229 0.2480 0.0000
vt 0.7219 0.2515 0.0000
vt 0.7193 0.2541 0.0000
vt 0.7157 0.2551 0.0000
vt 0.7122 0.2541 0.0000
vt 0.7095 0.2515 0.0000
vt 0.7075 0.2480 0.0000
vt 0.7086 0.2438 0.0000
vt 0.7116 0.2408 0.0000
vt 0.7157 0.2397 0.0000
vt 0.7199 0.2408 0.0000
vt 0.7229 0.2438 0.0000
vt 0.7240 0.2480 0.0000
vt 0.7229 0.2521 0.0000
vt 0.7199 0.2551 0.0000
vt 0.7157 0.2562 0.0000
vt 0.7116 0.2551 0.0000
vt 0.7086 0.2521 0.0000
vt 0.7291 0.0346 0.0000
vt 0.7264 0.0290 0.0000
vt 0.7255 0.0325 0.0000
vt 0.7291 0.0263 0.0000
vt 0.7326 0.0254 0.0000
vt 0.7362 0.0263 0.0000
vt 0.7388 0.0290 0.0000
vt 0.7398 0.0325 0.0000
vt 0.7388 0.0361 0.0000
vt 0.7362 0.0387 0.0000
vt 0.7326 0.0397 0.0000
vt 0.7291 0.0387 0.0000
vt 0.7264 0.0361 0.0000
vt 0.7255 0.0284 0.0000
vt 0.7244 0.0325 0.0000
vt 0.7285 0.0254 0.0000
vt 0.7326 0.0243 0.0000
vt 0.7368 0.0254 0.0000
vt 0.6862 0.9874 0.0000
vt 0.6770 0.6440 0.0000
vt 0.6861 0.6440 0.0000
vt 0.6862 0.9264 0.0000
vt 0.6861 0.6350 0.0000
vt 0.9050 0.6350 0.0000
vt 0.7398 0.0284 0.0000
vt 0.7409 0.0325 0.0000
vt 0.7398 0.0367 0.0000
vt 0.6604 0.9017 0.0000
vt 0.6604 0.7310 0.0000
vt 0.7181 0.7310 0.0000
vt 0.7181 0.9017 0.0000
vt 0.8558 0.9014 0.0000
vt 0.7180 0.6193 0.0000
vt 0.7180 0.4487 0.0000
vt 0.7281 0.7310 0.0000
vt 0.7274 0.7210 0.0000
vt 0.7280 0.4487 0.0000
vt 0.7280 0.6193 0.0000
vt 0.8556 0.4484 0.0000
vt 0.7368 0.0397 0.0000
vt 0.7326 0.0408 0.0000
vt 0.7285 0.0397 0.0000
vt 0.7255 0.0367 0.0000
vt 0.7529 0.1617 0.0000
vt 0.8457 0.7308 0.0000
vt 0.8556 0.6190 0.0000
vt 0.8456 0.6190 0.0000
vt 0.8457 0.9014 0.0000
vt 0.8456 0.4484 0.0000
vt 0.6602 0.6193 0.0000
vt 0.8558 0.9115 0.0000
vt 0.6602 0.4487 0.0000
vt 0.7848 0.4345 0.0000
vt 0.7859 0.4487 0.0000
vt 0.7630 0.1617 0.0000
vt 0.7529 0.1420 0.0000
vt 0.7630 0.1420 0.0000
vt 0.7630 0.0769 0.0000
vt 0.7626 0.3150 0.0000
vt 0.7626 0.3367 0.0000
vt 0.7526 0.3367 0.0000
vt 0.7526 0.3150 0.0000
vt 0.7626 0.3574 0.0000
vt 0.7626 0.3771 0.0000
vt 0.7526 0.3771 0.0000
vt 0.7526 0.3574 0.0000
vt 0.7526 0.2923 0.0000
vt 0.7529 0.0769 0.0000
vt 0.7426 0.1617 0.0000
vt 0.7626 0.2923 0.0000
vt 0.7523 0.3150 0.0000
vt 0.7523 0.3367 0.0000
vt 0.7423 0.3367 0.0000
vt 0.7423 0.3150 0.0000
vt 0.7523 0.3574 0.0000
vt 0.7523 0.3771 0.0000
vt 0.7423 0.3771 0.0000
vt 0.7423 0.3574 0.0000
vt 0.7423 0.2923 0.0000
vt 0.7527 0.1617 0.0000
vt 0.7523 0.2804 0.0000
vt 0.7523 0.2923 0.0000
vt 0.8341 0.3992 0.0000
vt 0.8308 0.3777 0.0000
vt 0.8341 0.3563 0.0000
vt 0.8443 0.3349 0.0000
vt 0.8563 0.3247 0.0000
vt 0.7426 0.1420 0.0000
vt 0.7527 0.1420 0.0000
vt 0.7527 0.0769 0.0000
vt 0.8445 0.2274 0.0000
vt 0.7426 0.0769 0.0000
vt 0.7523 0.4304 0.0000
vt 0.6995 0.0326 0.0000
vt 0.6954 0.0326 0.0000
vt 0.6959 0.0305 0.0000
vt 0.6974 0.0290 0.0000
vt 0.6995 0.0285 0.0000
vt 0.8158 0.3125 0.0000
vt 0.7016 0.0290 0.0000
vt 0.7031 0.0305 0.0000
vt 0.7036 0.0326 0.0000
vt 0.6651 0.9348 0.0000
vt 0.6625 0.9323 0.0000
vt 0.6616 0.9288 0.0000
vt 0.6625 0.9253 0.0000
vt 0.6651 0.9227 0.0000
vt 0.6686 0.9218 0.0000
vt 0.6721 0.9227 0.0000
vt 0.6746 0.9253 0.0000
vt 0.6756 0.9288 0.0000
vt 0.6746 0.9323 0.0000
vt 0.6721 0.9348 0.0000
vt 0.6686 0.9369 0.0000
vt 0.6645 0.9358 0.0000
vt 0.6616 0.9328 0.0000
vt 0.6605 0.9288 0.0000
vt 0.6616 0.9247 0.0000
vt 0.6645 0.9218 0.0000
vt 0.6686 0.9207 0.0000
vt 0.6726 0.9218 0.0000
vt 0.6756 0.9247 0.0000
vt 0.6767 0.9288 0.0000
vt 0.6756 0.9328 0.0000
vt 0.6726 0.9358 0.0000
vt 0.4497 0.0011 0.0000
vt 0.0025 0.0011 0.0000
vt 0.0025 0.1993 0.0000
vt 0.4497 0.1993 0.0000
vt 0.7273 0.4386 0.0000
vt 0.7859 0.6193 0.0000
vt 0.7848 0.6335 0.0000
vt 0.7273 0.6293 0.0000
vt 0.9134 0.6190 0.0000
vt 0.9134 0.6333 0.0000
vt 0.8556 0.6291 0.0000
vt 0.7877 0.6190 0.0000
vt 0.7877 0.4484 0.0000
vt 0.9134 0.4342 0.0000
vt 0.9134 0.4484 0.0000
vt 0.8556 0.4384 0.0000
vt 0.6685 0.6464 0.0000
vt 0.6685 0.6504 0.0000
vt 0.6664 0.6499 0.0000
vt 0.6650 0.6484 0.0000
vt 0.6644 0.6464 0.0000
vt 0.6650 0.6444 0.0000
vt 0.6664 0.6429 0.0000
vt 0.6685 0.6423 0.0000
vt 0.6705 0.6429 0.0000
vt 0.6720 0.6444 0.0000
vt 0.6725 0.6464 0.0000
vt 0.6720 0.6484 0.0000
vt 0.6705 0.6499 0.0000
vt 0.6650 0.6524 0.0000
vt 0.6685 0.6534 0.0000
vt 0.6624 0.6499 0.0000
vt 0.6615 0.6464 0.0000
vt 0.6624 0.6429 0.0000
vt 0.6650 0.6403 0.0000
vt 0.6685 0.6394 0.0000
vt 0.6720 0.6403 0.0000
vt 0.6745 0.6429 0.0000
vt 0.6755 0.6464 0.0000
vt 0.6745 0.6499 0.0000
vt 0.6720 0.6524 0.0000
vt 0.6644 0.6534 0.0000
vt 0.6685 0.6545 0.0000
vt 0.6615 0.6504 0.0000
vt 0.6604 0.6464 0.0000
vt 0.6615 0.6423 0.0000
vt 0.6644 0.6394 0.0000
vt 0.6685 0.6383 0.0000
vt 0.6725 0.6394 0.0000
vt 0.6755 0.6423 0.0000
vt 0.6765 0.6464 0.0000
vt 0.6755 0.6504 0.0000
vt 0.6725 0.6534 0.0000
vt 0.6685 0.6285 0.0000
vt 0.6685 0.6326 0.0000
vt 0.6665 0.6320 0.0000
vt 0.6650 0.6305 0.0000
vt 0.6645 0.6285 0.0000
vt 0.6650 0.6265 0.0000
vt 0.6665 0.6250 0.0000
vt 0.6685 0.6245 0.0000
vt 0.6705 0.6250 0.0000
vt 0.6720 0.6265 0.0000
vt 0.6726 0.6285 0.0000
vt 0.6720 0.6305 0.0000
vt 0.6705 0.6320 0.0000
vt 0.6650 0.6346 0.0000
vt 0.6685 0.6355 0.0000
vt 0.6625 0.6320 0.0000
vt 0.6615 0.6285 0.0000
vt 0.6625 0.6250 0.0000
vt 0.6650 0.6225 0.0000
vt 0.6685 0.6215 0.0000
vt 0.6720 0.6225 0.0000
vt 0.6746 0.6250 0.0000
vt 0.6755 0.6285 0.0000
vt 0.6746 0.6320 0.0000
vt 0.6720 0.6346 0.0000
vt 0.6645 0.6355 0.0000
vt 0.6685 0.6366 0.0000
vt 0.6615 0.6326 0.0000
vt 0.6604 0.6285 0.0000
vt 0.6615 0.6245 0.0000
vt 0.6645 0.6215 0.0000
vt 0.6685 0.6204 0.0000
vt 0.6726 0.6215 0.0000
vt 0.6755 0.6245 0.0000
vt 0.6766 0.6285 0.0000
vt 0.6755 0.6326 0.0000
vt 0.6726 0.6355 0.0000
vt 0.7031 0.0346 0.0000
vt 0.7016 0.0362 0.0000
vt 0.6995 0.0367 0.0000
vt 0.6974 0.0362 0.0000
vt 0.6959 0.0346 0.0000
vt 0.6933 0.0290 0.0000
vt 0.6924 0.0326 0.0000
vt 0.6959 0.0264 0.0000
vt 0.6995 0.0254 0.0000
vt 0.7031 0.0264 0.0000
vt 0.7057 0.0290 0.0000
vt 0.7066 0.0326 0.0000
vt 0.7057 0.0362 0.0000
vt 0.7031 0.0388 0.0000
vt 0.6995 0.0397 0.0000
vt 0.6959 0.0388 0.0000
vt 0.6933 0.0362 0.0000
vt 0.6924 0.0285 0.0000
vt 0.6912 0.0326 0.0000
vt 0.6954 0.0254 0.0000
vt 0.6995 0.0243 0.0000
vt 0.7036 0.0254 0.0000
vt 0.7066 0.0285 0.0000
vt 0.7077 0.0326 0.0000
vt 0.7066 0.0367 0.0000
vt 0.7036 0.0397 0.0000
vt 0.6995 0.0408 0.0000
vt 0.6954 0.0397 0.0000
vt 0.6924 0.0367 0.0000
vt 0.7161 0.0325 0.0000
vt 0.7120 0.0325 0.0000
vt 0.7125 0.0305 0.0000
vt 0.7140 0.0290 0.0000
vt 0.7161 0.0284 0.0000
vt 0.7182 0.0290 0.0000
vt 0.7197 0.0305 0.0000
vt 0.7202 0.0325 0.0000
vt 0.7197 0.0346 0.0000
vt 0.7182 0.0361 0.0000
vt 0.7161 0.0367 0.0000
vt 0.7140 0.0361 0.0000
vt 0.7125 0.0346 0.0000
vt 0.7099 0.0290 0.0000
vt 0.7090 0.0325 0.0000
vt 0.7125 0.0264 0.0000
vt 0.7161 0.0254 0.0000
vt 0.7197 0.0264 0.0000
vt 0.7223 0.0290 0.0000
vt 0.7232 0.0325 0.0000
vt 0.7223 0.0361 0.0000
vt 0.7197 0.0387 0.0000
vt 0.7161 0.0397 0.0000
vt 0.7125 0.0387 0.0000
vt 0.7099 0.0361 0.0000
vt 0.7090 0.0284 0.0000
vt 0.7079 0.0325 0.0000
vt 0.7120 0.0254 0.0000
vt 0.7161 0.0243 0.0000
vt 0.7202 0.0254 0.0000
vt 0.7232 0.0284 0.0000
vt 0.7244 0.0325 0.0000
vt 0.7232 0.0367 0.0000
vt 0.7202 0.0397 0.0000
vt 0.7161 0.0408 0.0000
vt 0.7120 0.0397 0.0000
vt 0.7090 0.0367 0.0000
vt 0.8268 0.1834 0.0000
vt 0.8166 0.2048 0.0000
vt 0.8166 0.1191 0.0000
vt 0.8268 0.1405 0.0000
vt 0.8162 0.0113 0.0000
vt 0.8263 0.0327 0.0000
vt 0.8263 0.0756 0.0000
vt 0.8162 0.0970 0.0000
vt 0.8446 0.2052 0.0000
vt 0.8344 0.1838 0.0000
vt 0.8344 0.1409 0.0000
vt 0.8446 0.1194 0.0000
vt 0.8347 0.0334 0.0000
vt 0.8449 0.0119 0.0000
vt 0.8449 0.0977 0.0000
vt 0.8347 0.0763 0.0000
# 700 texture coords

g SwitchMain
usemtl SwitchMain
s 4
f 8/3/1 7/4/2 5/1/3 6/2/4 
s 8
f 6/2/5 5/1/6 1/5/7 2/6/8 
s 16
f 8/3/9 6/2/10 2/7/11 4/8/12 
s 32
f 7/4/13 8/3/14 4/9/15 3/10/16 
s 64
f 5/1/17 7/4/18 3/13/19 1/14/20 
s 8
f 14/15/21 13/16/22 9/11/23 10/12/24 
s 16
f 16/153/25 14/15/26 10/141/27 12/142/28 
s 32
f 15/424/29 16/153/30 12/154/31 11/423/32 
s 64
f 13/16/33 15/424/34 11/426/35 9/427/36 
s 4
f 27/440/37 28/441/38 25/436/39 26/437/40 
f 30/450/41 31/452/42 32/442/43 29/449/44 
s off
f 26/437/45 25/436/46 18/453/47 19/455/48 
f 27/440/49 26/533/50 19/456/51 23/457/52 
f 28/441/53 27/440/54 23/457/55 22/534/56 
f 25/536/57 28/441/58 22/534/59 18/535/60 
f 30/539/61 29/449/62 17/537/63 21/538/64 
f 31/452/65 30/450/66 21/540/67 24/541/68 
f 32/442/69 31/544/70 24/542/71 20/543/72 
f 29/449/73 32/442/74 20/543/75 17/537/76 
s 1
f 33/545/77 34/546/78 35/547/79 
f 33/545/80 35/547/81 36/548/82 
f 33/545/83 36/548/84 37/549/85 
f 33/545/86 37/549/87 38/550/88 
f 33/545/89 38/550/90 39/551/91 
f 33/545/92 39/551/93 40/552/94 
f 33/545/95 40/552/96 41/553/97 
f 33/545/98 41/553/99 42/554/100 
f 33/545/101 42/554/102 43/555/103 
f 33/545/104 43/555/105 44/556/106 
f 33/545/107 44/556/108 45/557/109 
f 33/545/110 45/557/111 34/546/112 
f 34/546/113 46/559/114 47/558/115 35/547/116 
f 35/547/117 47/558/118 48/560/119 36/548/120 
f 36/548/121 48/560/122 49/561/123 37/549/124 
f 37/549/125 49/561/126 50/562/127 38/550/128 
f 38/550/129 50/562/130 51/563/131 39/551/132 
f 39/551/133 51/563/134 52/564/135 40/552/136 
f 40/552/137 52/564/138 53/565/139 41/553/140 
f 41/553/141 53/565/142 54/566/143 42/554/144 
f 42/554/145 54/566/146 55/567/147 43/555/148 
f 43/555/149 55/567/150 56/568/151 44/556/152 
f 44/556/153 56/568/154 57/569/155 45/557/156 
f 45/557/157 57/569/158 46/559/159 34/546/160 
f 46/559/161 58/571/162 59/570/163 47/558/164 
f 47/558/165 59/570/166 60/572/167 48/560/168 
f 48/560/169 60/572/170 61/573/171 49/561/172 
f 49/561/173 61/573/174 62/574/175 50/562/176 
f 50/562/177 62/574/178 63/575/179 51/563/180 
f 51/563/181 63/575/182 64/576/183 52/564/184 
f 52/564/185 64/576/186 65/577/187 53/565/188 
f 53/565/189 65/577/190 66/578/191 54/566/192 
f 54/566/193 66/578/194 67/579/195 55/567/196 
f 55/567/197 67/579/198 68/580/199 56/568/200 
f 56/568/201 68/580/202 69/581/203 57/569/204 
f 57/569/205 69/581/206 58/571/207 46/559/208 
f 70/582/209 71/583/210 72/584/211 
f 70/582/212 72/584/213 73/585/214 
f 70/582/215 73/585/216 74/586/217 
f 70/582/218 74/586/219 75/587/220 
f 70/582/221 75/587/222 76/588/223 
f 70/582/224 76/588/225 77/589/226 
f 70/582/227 77/589/228 78/590/229 
f 70/582/230 78/590/231 79/591/232 
f 70/582/233 79/591/234 80/592/235 
f 70/582/236 80/592/237 81/593/238 
f 70/582/239 81/593/240 82/594/241 
f 70/582/242 82/594/243 71/583/244 
f 71/583/245 83/596/246 84/595/247 72/584/248 
f 72/584/249 84/595/250 85/597/251 73/585/252 
f 73/585/253 85/597/254 86/598/255 74/586/256 
f 74/586/257 86/598/258 87/599/259 75/587/260 
f 75/587/261 87/599/262 88/600/263 76/588/264 
f 76/588/265 88/600/266 89/601/267 77/589/268 
f 77/589/269 89/601/270 90/602/271 78/590/272 
f 78/590/273 90/602/274 91/603/275 79/591/276 
f 79/591/277 91/603/278 92/604/279 80/592/280 
f 80/592/281 92/604/282 93/605/283 81/593/284 
f 81/593/285 93/605/286 94/606/287 82/594/288 
f 82/594/289 94/606/290 83/596/291 71/583/292 
f 83/596/293 95/608/294 96/607/295 84/595/296 
f 84/595/297 96/607/298 97/609/299 85/597/300 
f 85/597/301 97/609/302 98/610/303 86/598/304 
f 86/598/305 98/610/306 99/611/307 87/599/308 
f 87/599/309 99/611/310 100/612/311 88/600/312 
f 88/600/313 100/612/314 101/613/315 89/601/316 
f 89/601/317 101/613/318 102/614/319 90/602/320 
f 90/602/321 102/614/322 103/615/323 91/603/324 
f 91/603/325 103/615/326 104/616/327 92/604/328 
f 92/604/329 104/616/330 105/617/331 93/605/332 
f 93/605/333 105/617/334 106/618/335 94/606/336 
f 94/606/337 106/618/338 95/608/339 83/596/340 
s 8
f 112/133/341 111/134/342 107/131/343 108/132/344 
s 16
f 114/422/345 112/133/346 108/135/347 110/136/348 
s 32
f 113/425/349 114/422/350 110/137/351 109/138/352 
s 64
f 111/134/353 113/425/354 109/139/355 107/140/356 
s 4
f 125/438/357 126/152/358 123/434/359 124/433/360 
f 128/451/361 129/448/362 130/157/363 127/435/364 
s off
f 124/433/365 123/434/366 116/431/367 117/432/368 
f 125/438/369 124/439/370 117/145/371 121/149/372 
f 126/152/373 125/438/374 121/149/375 120/144/376 
f 123/151/377 126/152/378 120/144/379 116/148/380 
f 128/454/381 127/435/382 115/143/383 119/155/384 
f 129/448/385 128/451/386 119/147/387 122/156/388 
f 130/157/389 129/158/390 122/146/391 118/150/392 
f 127/435/393 130/157/394 118/150/395 115/143/396 
s 1
f 131/325/397 132/326/398 133/327/399 
f 131/325/400 133/327/401 134/328/402 
f 131/325/403 134/328/404 135/329/405 
f 131/325/406 135/329/407 136/330/408 
f 131/325/409 136/330/410 137/331/411 
f 131/325/412 137/331/413 138/332/414 
f 131/325/415 138/332/416 139/333/417 
f 131/325/418 139/333/419 140/334/420 
f 131/325/421 140/334/422 141/335/423 
f 131/325/424 141/335/425 142/336/426 
f 131/325/427 142/336/428 143/337/429 
f 131/325/430 143/337/431 132/326/432 
f 132/326/433 144/338/434 145/506/435 133/327/436 
f 133/327/437 145/506/438 146/507/439 134/328/440 
f 134/328/441 146/507/442 147/508/443 135/329/444 
f 135/329/445 147/508/446 148/509/447 136/330/448 
f 136/330/449 148/509/450 149/510/451 137/331/452 
f 137/331/453 149/510/454 150/511/455 138/332/456 
f 138/332/457 150/511/458 151/512/459 139/333/460 
f 139/333/461 151/512/462 152/513/463 140/334/464 
f 140/334/465 152/513/466 153/514/467 141/335/468 
f 141/335/469 153/514/470 154/515/471 142/336/472 
f 142/336/473 154/515/474 155/516/475 143/337/476 
f 143/337/477 155/516/478 144/338/479 132/326/480 
f 144/338/481 156/517/482 157/518/483 145/506/484 
f 145/506/485 157/518/486 158/519/487 146/507/488 
f 146/507/489 158/519/490 159/520/491 147/508/492 
f 147/508/493 159/520/494 160/521/495 148/509/496 
f 148/509/497 160/521/498 161/522/499 149/510/500 
f 149/510/501 161/522/502 162/523/503 150/511/504 
f 150/511/505 162/523/506 163/524/507 151/512/508 
f 151/512/509 163/524/510 164/525/511 152/513/512 
f 152/513/513 164/525/514 165/526/515 153/514/516 
f 153/514/517 165/526/518 166/527/519 154/515/520 
f 154/515/521 166/527/522 167/528/523 155/516/524 
f 155/516/525 167/528/526 156/517/527 144/338/528 
f 168/41/529 169/42/530 170/43/531 
f 168/41/532 170/43/533 171/44/534 
f 168/41/535 171/44/536 172/45/537 
f 168/41/538 172/45/539 173/46/540 
f 168/41/541 173/46/542 174/47/543 
f 168/41/544 174/47/545 175/48/546 
f 168/41/547 175/48/548 176/49/549 
f 168/41/550 176/49/551 177/50/552 
f 168/41/553 177/50/554 178/51/555 
f 168/41/556 178/51/557 179/52/558 
f 168/41/559 179/52/560 180/53/561 
f 168/41/562 180/53/563 169/42/564 
f 169/42/565 181/54/566 182/55/567 170/43/568 
f 170/43/569 182/55/570 183/56/571 171/44/572 
f 171/44/573 183/56/574 184/57/575 172/45/576 
f 172/45/577 184/57/578 185/58/579 173/46/580 
f 173/46/581 185/58/582 186/59/583 174/47/584 
f 174/47/585 186/59/586 187/60/587 175/48/588 
f 175/48/589 187/60/590 188/61/591 176/49/592 
f 176/49/593 188/61/594 189/62/595 177/50/596 
f 177/50/597 189/62/598 190/63/599 178/51/600 
f 178/51/601 190/63/602 191/64/603 179/52/604 
f 179/52/605 191/64/606 192/65/607 180/53/608 
f 180/53/609 192/65/610 181/54/611 169/42/612 
f 181/54/613 193/66/614 194/67/615 182/55/616 
f 182/55/617 194/67/618 195/68/619 183/56/620 
f 183/56/621 195/68/622 196/69/623 184/57/624 
f 184/57/625 196/69/626 197/70/627 185/58/628 
f 185/58/629 197/70/630 198/71/631 186/59/632 
f 186/59/633 198/71/634 199/72/635 187/60/636 
f 187/60/637 199/72/638 200/73/639 188/61/640 
f 188/61/641 200/73/642 201/74/643 189/62/644 
f 189/62/645 201/74/646 202/75/647 190/63/648 
f 190/63/649 202/75/650 203/76/651 191/64/652 
f 191/64/653 203/76/654 204/77/655 192/65/656 
f 192/65/657 204/77/658 193/66/659 181/54/660 
s 8
f 210/225/661 209/226/662 205/223/663 206/224/664 
s 16
f 212/229/665 210/225/666 206/227/667 208/228/668 
s 32
f 211/233/669 212/229/670 208/231/671 207/232/672 
s 64
f 209/226/673 211/233/674 207/235/675 205/236/676 
s 4
f 311/465/677 304/462/678 305/463/679 310/464/680 
f 316/477/681 319/474/682 320/475/683 315/476/684 
s off
f 215/340/685 222/341/686 305/487/687 221/490/688 214/339/689 
f 223/17/690 222/18/691 215/241/692 219/245/693 
f 218/21/694 224/25/695 310/347/696 223/26/697 219/23/698 
f 221/247/699 224/250/700 218/240/701 214/244/702 
f 226/19/703 225/20/704 213/496/705 217/243/706 
f 220/24/707 227/27/708 315/352/709 226/28/710 217/22/711 
f 228/484/712 227/349/713 220/246/714 216/253/715 
f 213/242/716 225/251/717 320/355/718 228/358/719 216/239/720 
s 1
f 229/92/721 230/93/722 231/94/723 
f 229/92/724 231/94/725 232/95/726 
f 229/92/727 232/95/728 233/96/729 
f 229/92/730 233/96/731 234/97/732 
f 229/92/733 234/97/734 235/98/735 
f 229/92/736 235/98/737 236/99/738 
f 229/92/739 236/99/740 237/100/741 
f 229/92/742 237/100/743 238/101/744 
f 229/92/745 238/101/746 239/102/747 
f 229/92/748 239/102/749 240/103/750 
f 229/92/751 240/103/752 241/104/753 
f 229/92/754 241/104/755 230/93/756 
f 230/93/757 242/105/758 243/106/759 231/94/760 
f 231/94/761 243/106/762 244/107/763 232/95/764 
f 232/95/765 244/107/766 245/108/767 233/96/768 
f 233/96/769 245/108/770 246/109/771 234/97/772 
f 234/97/773 246/109/774 247/110/775 235/98/776 
f 235/98/777 247/110/778 248/111/779 236/99/780 
f 236/99/781 248/111/782 249/112/783 237/100/784 
f 237/100/785 249/112/786 250/113/787 238/101/788 
f 238/101/789 250/113/790 251/114/791 239/102/792 
f 239/102/793 251/114/794 252/115/795 240/103/796 
f 240/103/797 252/115/798 253/116/799 241/104/800 
f 241/104/801 253/116/802 242/105/803 230/93/804 
f 242/105/805 254/117/806 255/118/807 243/106/808 
f 243/106/809 255/118/810 256/119/811 244/107/812 
f 244/107/813 256/119/814 257/120/815 245/108/816 
f 245/108/817 257/120/818 258/121/819 246/109/820 
f 246/109/821 258/121/822 259/122/823 247/110/824 
f 247/110/825 259/122/826 260/123/827 248/111/828 
f 248/111/829 260/123/830 261/124/831 249/112/832 
f 249/112/833 261/124/834 262/125/835 250/113/836 
f 250/113/837 262/125/838 263/126/839 251/114/840 
f 251/114/841 263/126/842 264/127/843 252/115/844 
f 252/115/845 264/127/846 265/128/847 253/116/848 
f 253/116/849 265/128/850 254/117/851 242/105/852 
f 266/288/853 267/289/854 268/290/855 
f 266/288/856 268/290/857 269/291/858 
f 266/288/859 269/291/860 270/292/861 
f 266/288/862 270/292/863 271/293/864 
f 266/288/865 271/293/866 272/294/867 
f 266/288/868 272/294/869 273/295/870 
f 266/288/871 273/295/872 274/296/873 
f 266/288/874 274/296/875 275/297/876 
f 266/288/877 275/297/878 276/298/879 
f 266/288/880 276/298/881 277/299/882 
f 266/288/883 277/299/884 278/300/885 
f 266/288/886 278/300/887 267/289/888 
f 267/289/889 279/301/890 280/302/891 268/290/892 
f 268/290/893 280/302/894 281/303/895 269/291/896 
f 269/291/897 281/303/898 282/304/899 270/292/900 
f 270/292/901 282/304/902 283/305/903 271/293/904 
f 271/293/905 283/305/906 284/306/907 272/294/908 
f 272/294/909 284/306/910 285/307/911 273/295/912 
f 273/295/913 285/307/914 286/308/915 274/296/916 
f 274/296/917 286/308/918 287/309/919 275/297/920 
f 275/297/921 287/309/922 288/310/923 276/298/924 
f 276/298/925 288/310/926 289/311/927 277/299/928 
f 277/299/929 289/311/930 290/312/931 278/300/932 
f 278/300/933 290/312/934 279/301/935 267/289/936 
f 279/301/937 291/313/938 292/314/939 280/302/940 
f 280/302/941 292/314/942 293/315/943 281/303/944 
f 281/303/945 293/315/946 294/316/947 282/304/948 
f 282/304/949 294/316/950 295/317/951 283/305/952 
f 283/305/953 295/317/954 296/318/955 284/306/956 
f 284/306/957 296/318/958 297/319/959 285/307/960 
f 285/307/961 297/319/962 298/320/963 286/308/964 
f 286/308/965 298/320/966 299/321/967 287/309/968 
f 287/309/969 299/321/970 300/322/971 288/310/972 
f 288/310/973 300/322/974 301/323/975 289/311/976 
f 289/311/977 301/323/978 302/324/979 290/312/980 
f 290/312/981 302/324/982 291/313/983 279/301/984 
s 4
f 308/468/985 307/467/986 222/18/987 223/17/988 
f 309/469/989 306/466/990 307/467/991 308/468/992 
f 310/464/993 305/463/994 306/466/995 309/469/996 
f 303/473/997 312/470/998 224/250/999 221/247/1000 
f 304/462/1001 311/465/1002 312/470/1003 303/473/1004 
f 313/480/1005 322/479/1006 225/20/1007 226/19/1008 
f 314/481/1009 321/478/1010 322/479/1011 313/480/1012 
f 315/476/1013 320/475/1014 321/478/1015 314/481/1016 
f 318/485/1017 317/482/1018 227/349/1019 228/484/1020 
f 319/474/1021 316/477/1022 317/482/1023 318/485/1024 
s 8
f 328/31/1025 327/32/1026 323/29/1027 324/30/1028 
s 16
f 330/35/1029 328/31/1030 324/33/1031 326/34/1032 
s 32
f 329/38/1033 330/35/1034 326/36/1035 325/37/1036 
s 64
f 327/32/1037 329/38/1038 325/39/1039 323/40/1040 
s 4
f 429/80/1041 422/81/1042 423/78/1043 428/79/1044 
f 434/84/1045 437/85/1046 438/82/1047 433/83/1048 
s off
f 333/87/1049 340/88/1050 423/89/1051 339/90/1052 332/86/1053 
f 341/130/1054 340/159/1055 333/91/1056 337/129/1057 
f 336/161/1058 342/162/1059 428/163/1060 341/164/1061 337/160/1062 
f 339/167/1063 342/168/1064 336/165/1065 332/166/1066 
f 344/171/1067 343/172/1068 331/169/1069 335/170/1070 
f 338/174/1071 345/175/1072 433/176/1073 344/177/1074 335/173/1075 
f 346/180/1076 345/181/1077 338/178/1078 334/179/1079 
f 331/183/1080 343/184/1081 438/185/1082 346/186/1083 334/182/1084 
s 1
f 347/187/1085 348/188/1086 349/189/1087 
f 347/187/1088 349/189/1089 350/190/1090 
f 347/187/1091 350/190/1092 351/191/1093 
f 347/187/1094 351/191/1095 352/192/1096 
f 347/187/1097 352/192/1098 353/193/1099 
f 347/187/1100 353/193/1101 354/194/1102 
f 347/187/1103 354/194/1104 355/195/1105 
f 347/187/1106 355/195/1107 356/196/1108 
f 347/187/1109 356/196/1110 357/197/1111 
f 347/187/1112 357/197/1113 358/198/1114 
f 347/187/1115 358/198/1116 359/199/1117 
f 347/187/1118 359/199/1119 348/188/1120 
f 348/188/1121 360/201/1122 361/200/1123 349/189/1124 
f 349/189/1125 361/200/1126 362/202/1127 350/190/1128 
f 350/190/1129 362/202/1130 363/203/1131 351/191/1132 
f 351/191/1133 363/203/1134 364/204/1135 352/192/1136 
f 352/192/1137 364/204/1138 365/205/1139 353/193/1140 
f 353/193/1141 365/205/1142 366/206/1143 354/194/1144 
f 354/194/1145 366/206/1146 367/207/1147 355/195/1148 
f 355/195/1149 367/207/1150 368/208/1151 356/196/1152 
f 356/196/1153 368/208/1154 369/209/1155 357/197/1156 
f 357/197/1157 369/209/1158 370/210/1159 358/198/1160 
f 358/198/1161 370/210/1162 371/211/1163 359/199/1164 
f 359/199/1165 371/211/1166 360/201/1167 348/188/1168 
f 360/201/1169 372/213/1170 373/212/1171 361/200/1172 
f 361/200/1173 373/212/1174 374/214/1175 362/202/1176 
f 362/202/1177 374/214/1178 375/215/1179 363/203/1180 
f 363/203/1181 375/215/1182 376/216/1183 364/204/1184 
f 364/204/1185 376/216/1186 377/217/1187 365/205/1188 
f 365/205/1189 377/217/1190 378/218/1191 366/206/1192 
f 366/206/1193 378/218/1194 379/219/1195 367/207/1196 
f 367/207/1197 379/219/1198 380/220/1199 368/208/1200 
f 368/208/1201 380/220/1202 381/221/1203 369/209/1204 
f 369/209/1205 381/221/1206 382/222/1207 370/210/1208 
f 370/210/1209 382/222/1210 383/230/1211 371/211/1212 
f 371/211/1213 383/230/1214 372/213/1215 360/201/1216 
f 384/234/1217 385/237/1218 386/238/1219 
f 384/234/1220 386/238/1221 387/248/1222 
f 384/234/1223 387/248/1224 388/249/1225 
f 384/234/1226 388/249/1227 389/252/1228 
f 384/234/1229 389/252/1230 390/343/1231 
f 384/234/1232 390/343/1233 391/344/1234 
f 384/234/1235 391/344/1236 392/359/1237 
f 384/234/1238 392/359/1239 393/360/1240 
f 384/234/1241 393/360/1242 394/361/1243 
f 384/234/1244 394/361/1245 395/362/1246 
f 384/234/1247 395/362/1248 396/404/1249 
f 384/234/1250 396/404/1251 385/237/1252 
f 385/237/1253 397/406/1254 398/405/1255 386/238/1256 
f 386/238/1257 398/405/1258 399/407/1259 387/248/1260 
f 387/248/1261 399/407/1262 400/408/1263 388/249/1264 
f 388/249/1265 400/408/1266 401/409/1267 389/252/1268 
f 389/252/1269 401/409/1270 402/410/1271 390/343/1272 
f 390/343/1273 402/410/1274 403/411/1275 391/344/1276 
f 391/344/1277 403/411/1278 404/412/1279 392/359/1280 
f 392/359/1281 404/412/1282 405/413/1283 393/360/1284 
f 393/360/1285 405/413/1286 406/414/1287 394/361/1288 
f 394/361/1289 406/414/1290 407/415/1291 395/362/1292 
f 395/362/1293 407/415/1294 408/416/1295 396/404/1296 
f 396/404/1297 408/416/1298 397/406/1299 385/237/1300 
f 397/406/1301 409/418/1302 410/417/1303 398/405/1304 
f 398/405/1305 410/417/1306 411/419/1307 399/407/1308 
f 399/407/1309 411/419/1310 412/420/1311 400/408/1312 
f 400/408/1313 412/420/1314 413/421/1315 401/409/1316 
f 401/409/1317 413/421/1318 414/428/1319 402/410/1320 
f 402/410/1321 414/428/1322 415/429/1323 403/411/1324 
f 403/411/1325 415/429/1326 416/430/1327 404/412/1328 
f 404/412/1329 416/430/1330 417/443/1331 405/413/1332 
f 405/413/1333 417/443/1334 418/444/1335 406/414/1336 
f 406/414/1337 418/444/1338 419/445/1339 407/415/1340 
f 407/415/1341 419/445/1342 420/446/1343 408/416/1344 
f 408/416/1345 420/446/1346 409/418/1347 397/406/1348 
s 4
f 426/447/1349 425/458/1350 340/159/1351 341/130/1352 
f 427/459/1353 424/460/1354 425/458/1355 426/447/1356 
f 428/79/1357 423/78/1358 424/460/1359 427/459/1360 
f 421/461/1361 430/471/1362 342/168/1363 339/167/1364 
f 422/81/1365 429/80/1366 430/471/1367 421/461/1368 
f 431/472/1369 440/483/1370 343/172/1371 344/171/1372 
f 432/491/1373 439/492/1374 440/483/1375 431/472/1376 
f 433/83/1377 438/82/1378 439/492/1379 432/491/1380 
f 436/493/1381 435/495/1382 345/181/1383 346/180/1384 
f 437/85/1385 434/84/1386 435/495/1387 436/493/1388 
s 1
f 441/255/1389 442/256/1390 443/257/1391 
f 441/255/1392 443/257/1393 444/258/1394 
f 441/255/1395 444/258/1396 445/259/1397 
f 441/255/1398 445/259/1399 446/260/1400 
f 441/255/1401 446/260/1402 447/261/1403 
f 441/255/1404 447/261/1405 448/262/1406 
f 441/255/1407 448/262/1408 449/263/1409 
f 441/255/1410 449/263/1411 450/264/1412 
f 441/255/1413 450/264/1414 451/265/1415 
f 441/255/1416 451/265/1417 452/266/1418 
f 441/255/1419 452/266/1420 453/267/1421 
f 441/255/1422 453/267/1423 442/256/1424 
f 442/256/1425 454/268/1426 455/269/1427 443/257/1428 
f 443/257/1429 455/269/1430 456/270/1431 444/258/1432 
f 444/258/1433 456/270/1434 457/271/1435 445/259/1436 
f 445/259/1437 457/271/1438 458/272/1439 446/260/1440 
f 446/260/1441 458/272/1442 459/273/1443 447/261/1444 
f 447/261/1445 459/273/1446 460/274/1447 448/262/1448 
f 448/262/1449 460/274/1450 461/275/1451 449/263/1452 
f 449/263/1453 461/275/1454 462/276/1455 450/264/1456 
f 450/264/1457 462/276/1458 463/277/1459 451/265/1460 
f 451/265/1461 463/277/1462 464/278/1463 452/266/1464 
f 452/266/1465 464/278/1466 465/279/1467 453/267/1468 
f 453/267/1469 465/279/1470 454/268/1471 442/256/1472 
f 454/268/1473 466/280/1474 467/281/1475 455/269/1476 
f 455/269/1477 467/281/1478 468/282/1479 456/270/1480 
f 456/270/1481 468/282/1482 469/283/1483 457/271/1484 
f 457/271/1485 469/283/1486 470/284/1487 458/272/1488 
f 458/272/1489 470/284/1490 471/285/1491 459/273/1492 
f 459/273/1493 471/285/1494 472/286/1495 460/274/1496 
f 460/274/1497 472/286/1498 473/287/1499 461/275/1500 
f 461/275/1501 473/287/1502 474/363/1503 462/276/1504 
f 462/276/1505 474/363/1506 475/364/1507 463/277/1508 
f 463/277/1509 475/364/1510 476/365/1511 464/278/1512 
f 464/278/1513 476/365/1514 477/366/1515 465/279/1516 
f 465/279/1517 477/366/1518 466/280/1519 454/268/1520 
f 478/367/1521 479/368/1522 480/369/1523 
f 478/367/1524 480/369/1525 481/370/1526 
f 478/367/1527 481/370/1528 482/371/1529 
f 478/367/1530 482/371/1531 483/372/1532 
f 478/367/1533 483/372/1534 484/373/1535 
f 478/367/1536 484/373/1537 485/374/1538 
f 478/367/1539 485/374/1540 486/375/1541 
f 478/367/1542 486/375/1543 487/376/1544 
f 478/367/1545 487/376/1546 488/377/1547 
f 478/367/1548 488/377/1549 489/378/1550 
f 478/367/1551 489/378/1552 490/379/1553 
f 478/367/1554 490/379/1555 479/368/1556 
f 479/368/1557 491/380/1558 492/381/1559 480/369/1560 
f 480/369/1561 492/381/1562 493/382/1563 481/370/1564 
f 481/370/1565 493/382/1566 494/383/1567 482/371/1568 
f 482/371/1569 494/383/1570 495/384/1571 483/372/1572 
f 483/372/1573 495/384/1574 496/385/1575 484/373/1576 
f 484/373/1577 496/385/1578 497/386/1579 485/374/1580 
f 485/374/1581 497/386/1582 498/387/1583 486/375/1584 
f 486/375/1585 498/387/1586 499/388/1587 487/376/1588 
f 487/376/1589 499/388/1590 500/389/1591 488/377/1592 
f 488/377/1593 500/389/1594 501/390/1595 489/378/1596 
f 489/378/1597 501/390/1598 502/391/1599 490/379/1600 
f 490/379/1601 502/391/1602 491/380/1603 479/368/1604 
f 491/380/1605 503/392/1606 504/393/1607 492/381/1608 
f 492/381/1609 504/393/1610 505/394/1611 493/382/1612 
f 493/382/1613 505/394/1614 506/395/1615 494/383/1616 
f 494/383/1617 506/395/1618 507/396/1619 495/384/1620 
f 495/384/1621 507/396/1622 508/397/1623 496/385/1624 
f 496/385/1625 508/397/1626 509/398/1627 497/386/1628 
f 497/386/1629 509/398/1630 510/399/1631 498/387/1632 
f 498/387/1633 510/399/1634 511/400/1635 499/388/1636 
f 499/388/1637 511/400/1638 512/401/1639 500/389/1640 
f 500/389/1641 512/401/1642 513/402/1643 501/390/1644 
f 501/390/1645 513/402/1646 514/403/1647 502/391/1648 
f 502/391/1649 514/403/1650 503/392/1651 491/380/1652 
f 515/497/1653 516/498/1654 517/499/1655 
f 515/497/1656 517/499/1657 518/500/1658 
f 515/497/1659 518/500/1660 519/501/1661 
f 515/497/1662 519/501/1663 520/503/1664 
f 515/497/1665 520/503/1666 521/504/1667 
f 515/497/1668 521/504/1669 522/505/1670 
f 515/497/1671 522/505/1672 523/619/1673 
f 515/497/1674 523/619/1675 524/620/1676 
f 515/497/1677 524/620/1678 525/621/1679 
f 515/497/1680 525/621/1681 526/622/1682 
f 515/497/1683 526/622/1684 527/623/1685 
f 515/497/1686 527/623/1687 516/498/1688 
f 516/498/1689 528/625/1690 529/624/1691 517/499/1692 
f 517/499/1693 529/624/1694 530/626/1695 518/500/1696 
f 518/500/1697 530/626/1698 531/627/1699 519/501/1700 
f 519/501/1701 531/627/1702 532/628/1703 520/503/1704 
f 520/503/1705 532/628/1706 533/629/1707 521/504/1708 
f 521/504/1709 533/629/1710 534/630/1711 522/505/1712 
f 522/505/1713 534/630/1714 535/631/1715 523/619/1716 
f 523/619/1717 535/631/1718 536/632/1719 524/620/1720 
f 524/620/1721 536/632/1722 537/633/1723 525/621/1724 
f 525/621/1725 537/633/1726 538/634/1727 526/622/1728 
f 526/622/1729 538/634/1730 539/635/1731 527/623/1732 
f 527/623/1733 539/635/1734 528/625/1735 516/498/1736 
f 528/625/1737 540/637/1738 541/636/1739 529/624/1740 
f 529/624/1741 541/636/1742 542/638/1743 530/626/1744 
f 530/626/1745 542/638/1746 543/639/1747 531/627/1748 
f 531/627/1749 543/639/1750 544/640/1751 532/628/1752 
f 532/628/1753 544/640/1754 545/641/1755 533/629/1756 
f 533/629/1757 545/641/1758 546/642/1759 534/630/1760 
f 534/630/1761 546/642/1762 547/643/1763 535/631/1764 
f 535/631/1765 547/643/1766 548/644/1767 536/632/1768 
f 536/632/1769 548/644/1770 549/645/1771 537/633/1772 
f 537/633/1773 549/645/1774 550/646/1775 538/634/1776 
f 538/634/1777 550/646/1778 551/647/1779 539/635/1780 
f 539/635/1781 551/647/1782 540/637/1783 528/625/1784 
f 552/648/1785 553/649/1786 554/650/1787 
f 552/648/1788 554/650/1789 555/651/1790 
f 552/648/1791 555/651/1792 556/652/1793 
f 552/648/1794 556/652/1795 557/653/1796 
f 552/648/1797 557/653/1798 558/654/1799 
f 552/648/1800 558/654/1801 559/655/1802 
f 552/648/1803 559/655/1804 560/656/1805 
f 552/648/1806 560/656/1807 561/657/1808 
f 552/648/1809 561/657/1810 562/658/1811 
f 552/648/1812 562/658/1813 563/659/1814 
f 552/648/1815 563/659/1816 564/660/1817 
f 552/648/1818 564/660/1819 553/649/1820 
f 553/649/1821 565/662/1822 566/661/1823 554/650/1824 
f 554/650/1825 566/661/1826 567/663/1827 555/651/1828 
f 555/651/1829 567/663/1830 568/664/1831 556/652/1832 
f 556/652/1833 568/664/1834 569/665/1835 557/653/1836 
f 557/653/1837 569/665/1838 570/666/1839 558/654/1840 
f 558/654/1841 570/666/1842 571/667/1843 559/655/1844 
f 559/655/1845 571/667/1846 572/668/1847 560/656/1848 
f 560/656/1849 572/668/1850 573/669/1851 561/657/1852 
f 561/657/1853 573/669/1854 574/670/1855 562/658/1856 
f 562/658/1857 574/670/1858 575/671/1859 563/659/1860 
f 563/659/1861 575/671/1862 576/672/1863 564/660/1864 
f 564/660/1865 576/672/1866 565/662/1867 553/649/1868 
f 565/662/1869 577/674/1870 578/673/1871 566/661/1872 
f 566/661/1873 578/673/1874 579/675/1875 567/663/1876 
f 567/663/1877 579/675/1878 580/676/1879 568/664/1880 
f 568/664/1881 580/676/1882 581/677/1883 569/665/1884 
f 569/665/1885 581/677/1886 582/678/1887 570/666/1888 
f 570/666/1889 582/678/1890 583/679/1891 571/667/1892 
f 571/667/1893 583/679/1894 584/680/1895 572/668/1896 
f 572/668/1897 584/680/1898 585/681/1899 573/669/1900 
f 573/669/1901 585/681/1902 586/682/1903 574/670/1904 
f 574/670/1905 586/682/1906 587/683/1907 575/671/1908 
f 575/671/1909 587/683/1910 588/684/1911 576/672/1912 
f 576/672/1913 588/684/1914 577/674/1915 565/662/1916 
s off
f 319/356/1917 318/357/1918 228/358/1919 320/355/1920 
f 225/251/1921 322/254/1922 321/354/1923 320/355/1924 
f 227/27/1925 317/350/1926 316/351/1927 315/352/1928 
f 315/352/1929 314/353/1930 313/502/1931 226/28/1932 
f 222/341/1933 307/342/1934 306/486/1935 305/487/1936 
f 305/487/1937 304/488/1938 303/489/1939 221/490/1940 
f 309/348/1941 308/494/1942 223/26/1943 310/347/1944 
f 224/25/1945 312/345/1946 311/346/1947 310/347/1948 
f 437/685/1949 436/686/1950 346/186/1951 438/185/1952 
f 343/184/1953 440/687/1954 439/688/1955 438/185/1956 
f 345/175/1957 435/689/1958 434/690/1959 433/176/1960 
f 433/176/1961 432/691/1962 431/692/1963 344/177/1964 
f 340/88/1965 425/693/1966 424/694/1967 423/89/1968 
f 423/89/1969 422/695/1970 421/696/1971 339/90/1972 
f 427/697/1973 426/698/1974 341/164/1975 428/163/1976 
f 342/162/1977 430/699/1978 429/700/1979 428/163/1980 
f 3/530/1981 4/531/1982 2/532/1983 1/529/1984 
f 16/153/1985 15/424/1986 13/16/1987 14/15/1988 
f 114/422/1989 113/425/1990 111/134/1991 112/133/1992 
f 212/229/1993 211/233/1994 209/226/1995 210/225/1996 
f 330/35/1997 329/38/1998 327/32/1999 328/31/2000 
# 390 polygons - 144 triangles

#
# object SwitchHandle
#

v  0.2471 2.2666 0.9777
v  0.2326 2.2666 0.8955
v  0.4279 3.0697 0.8244
v  0.4549 3.0697 0.9777
v  0.1909 2.2666 0.8233
v  0.3501 3.0697 0.6897
v  0.1270 2.2666 0.7697
v  0.2309 3.0697 0.5897
v  0.0486 2.2666 0.7411
v  0.0847 3.0697 0.5365
v  -0.0348 2.2666 0.7411
v  -0.0709 3.0697 0.5365
v  -0.1132 2.2666 0.7697
v  -0.2171 3.0697 0.5897
v  -0.1771 2.2666 0.8233
v  -0.3363 3.0697 0.6897
v  -0.2188 2.2666 0.8955
v  -0.4141 3.0697 0.8244
v  -0.2333 2.2666 0.9777
v  -0.4411 3.0697 0.9777
v  -0.2188 2.2666 1.0598
v  -0.4141 3.0697 1.1309
v  -0.1771 2.2666 1.1320
v  -0.3363 3.0697 1.2656
v  -0.1132 2.2666 1.1857
v  -0.2171 3.0697 1.3657
v  -0.0348 2.2666 1.2142
v  -0.0709 3.0697 1.4189
v  0.0486 2.2666 1.2142
v  0.0847 3.0697 1.4189
v  0.1270 2.2666 1.1857
v  0.2309 3.0697 1.3657
v  0.1909 2.2666 1.1320
v  0.3501 3.0697 1.2656
v  0.2326 2.2666 1.0598
v  0.4279 3.0697 1.1309
v  0.5647 3.9671 0.7747
v  0.6004 3.9671 0.9777
v  0.4616 3.9671 0.5961
v  0.3037 3.9671 0.4636
v  0.1100 3.9671 0.3931
v  -0.0962 3.9671 0.3931
v  -0.2899 3.9671 0.4636
v  -0.4478 3.9671 0.5961
v  -0.5509 3.9671 0.7747
v  -0.5867 3.9671 0.9777
v  -0.5509 3.9671 1.1807
v  -0.4478 3.9671 1.3592
v  -0.2899 3.9671 1.4917
v  -0.0962 3.9671 1.5622
v  0.1100 3.9671 1.5622
v  0.3037 3.9671 1.4917
v  0.4616 3.9671 1.3592
v  0.5647 3.9671 1.1807
v  0.5993 4.7248 0.7620
v  0.6373 4.7248 0.9777
v  0.4898 4.7248 0.5724
v  0.3221 4.7248 0.4317
v  0.1164 4.7248 0.3568
v  -0.1026 4.7248 0.3568
v  -0.3083 4.7248 0.4317
v  -0.4760 4.7248 0.5724
v  -0.5855 4.7248 0.7620
v  -0.6235 4.7248 0.9777
v  -0.5855 4.7248 1.1933
v  -0.4760 4.7248 1.3829
v  -0.3083 4.7248 1.5236
v  -0.1026 4.7248 1.5985
v  0.1164 4.7248 1.5985
v  0.3221 4.7248 1.5236
v  0.4898 4.7248 1.3829
v  0.5993 4.7248 1.1933
v  0.4839 5.1000 0.8040
v  0.5145 5.1000 0.9777
v  0.3958 5.1000 0.6514
v  0.2607 5.1000 0.5380
v  0.0950 5.1000 0.4777
v  -0.0813 5.1000 0.4777
v  -0.2469 5.1000 0.5380
v  -0.3820 5.1000 0.6514
v  -0.4701 5.1000 0.8040
v  -0.5007 5.1000 0.9777
v  -0.4701 5.1000 1.1513
v  -0.3820 5.1000 1.3040
v  -0.2469 5.1000 1.4173
v  -0.0813 5.1000 1.4776
v  0.0950 5.1000 1.4776
v  0.2607 5.1000 1.4173
v  0.3958 5.1000 1.3040
v  0.4839 5.1000 1.1513
v  0.2683 5.3114 0.8825
v  0.2851 5.3114 0.9777
v  0.2200 5.3115 0.7988
v  0.1460 5.3115 0.7367
v  0.0552 5.3115 0.7037
v  -0.0414 5.3115 0.7037
v  -0.1322 5.3115 0.7367
v  -0.2062 5.3115 0.7988
v  -0.2545 5.3115 0.8825
v  -0.2713 5.3115 0.9777
v  -0.2545 5.3115 1.0728
v  -0.2062 5.3115 1.1565
v  -0.1322 5.3115 1.2186
v  -0.0414 5.3115 1.2516
v  0.0552 5.3115 1.2516
v  0.1460 5.3114 1.2186
v  0.2200 5.3114 1.1565
v  0.2683 5.3114 1.0728
v  -1.5708 -3.6979 0.6860
v  -1.3115 -3.6979 0.6860
v  -1.5708 2.2699 0.6860
v  -1.3115 2.2699 0.6860
v  -1.5708 -3.6979 1.2690
v  -1.3115 -3.6979 1.2690
v  -1.5708 2.2699 1.2690
v  -1.3115 2.2699 1.2690
v  -1.3115 1.8948 0.6860
v  -1.3115 1.8948 1.2690
v  1.3226 1.8948 0.6860
v  1.3226 2.2699 0.6860
v  1.3226 2.2699 1.2690
v  1.3226 1.8948 1.2690
v  1.5828 1.8948 0.6860
v  1.5828 2.2699 0.6860
v  1.5828 2.2699 1.2690
v  1.5828 1.8948 1.2690
v  1.3226 -3.6987 1.2690
v  1.3226 -3.6987 0.6860
v  1.5828 -3.6987 0.6860
v  1.5828 -3.6987 1.2690
v  -1.5708 1.8819 0.6860
v  -1.5708 1.8819 1.2690
# 132 vertices

vn 0.9681 -0.2506 0.0000
vn 0.9097 -0.2506 -0.3311
vn 0.9198 -0.2045 -0.3348
vn 0.9789 -0.2045 -0.0000
vn 0.9097 -0.2506 -0.3311
vn 0.7416 -0.2506 -0.6223
vn 0.7499 -0.2045 -0.6292
vn 0.9198 -0.2045 -0.3348
vn 0.7416 -0.2506 -0.6223
vn 0.4841 -0.2506 -0.8384
vn 0.4894 -0.2045 -0.8477
vn 0.7499 -0.2045 -0.6292
vn 0.4841 -0.2506 -0.8384
vn 0.1681 -0.2506 -0.9534
vn 0.1700 -0.2045 -0.9640
vn 0.4894 -0.2045 -0.8477
vn 0.1681 -0.2506 -0.9534
vn -0.1681 -0.2506 -0.9534
vn -0.1700 -0.2045 -0.9640
vn 0.1700 -0.2045 -0.9640
vn -0.1681 -0.2506 -0.9534
vn -0.4841 -0.2506 -0.8384
vn -0.4894 -0.2045 -0.8477
vn -0.1700 -0.2045 -0.9640
vn -0.4841 -0.2506 -0.8384
vn -0.7416 -0.2506 -0.6223
vn -0.7499 -0.2045 -0.6292
vn -0.4894 -0.2045 -0.8477
vn -0.7416 -0.2506 -0.6223
vn -0.9097 -0.2506 -0.3311
vn -0.9198 -0.2045 -0.3348
vn -0.7499 -0.2045 -0.6292
vn -0.9097 -0.2506 -0.3311
vn -0.9681 -0.2506 0.0000
vn -0.9789 -0.2045 0.0000
vn -0.9198 -0.2045 -0.3348
vn -0.9681 -0.2506 0.0000
vn -0.9097 -0.2506 0.3311
vn -0.9198 -0.2045 0.3348
vn -0.9789 -0.2045 0.0000
vn -0.9097 -0.2506 0.3311
vn -0.7416 -0.2506 0.6223
vn -0.7499 -0.2045 0.6292
vn -0.9198 -0.2045 0.3348
vn -0.7416 -0.2506 0.6223
vn -0.4841 -0.2506 0.8384
vn -0.4894 -0.2045 0.8477
vn -0.7499 -0.2045 0.6292
vn -0.4841 -0.2506 0.8384
vn -0.1681 -0.2506 0.9534
vn -0.1700 -0.2045 0.9640
vn -0.4894 -0.2045 0.8477
vn -0.1681 -0.2506 0.9534
vn 0.1681 -0.2506 0.9534
vn 0.1700 -0.2045 0.9640
vn -0.1700 -0.2045 0.9640
vn 0.1681 -0.2506 0.9534
vn 0.4841 -0.2506 0.8384
vn 0.4894 -0.2045 0.8477
vn 0.1700 -0.2045 0.9640
vn 0.4841 -0.2506 0.8384
vn 0.7416 -0.2506 0.6223
vn 0.7499 -0.2045 0.6292
vn 0.4894 -0.2045 0.8477
vn 0.7416 -0.2506 0.6223
vn 0.9097 -0.2506 0.3311
vn 0.9198 -0.2045 0.3348
vn 0.7499 -0.2045 0.6292
vn 0.9097 -0.2506 0.3311
vn 0.9681 -0.2506 0.0000
vn 0.9789 -0.2045 -0.0000
vn 0.9198 -0.2045 0.3348
vn 0.9789 -0.2045 -0.0000
vn 0.9198 -0.2045 -0.3348
vn 0.9346 -0.1039 -0.3402
vn 0.9946 -0.1039 -0.0000
vn 0.9198 -0.2045 -0.3348
vn 0.7499 -0.2045 -0.6292
vn 0.7619 -0.1039 -0.6393
vn 0.9346 -0.1039 -0.3402
vn 0.7499 -0.2045 -0.6292
vn 0.4894 -0.2045 -0.8477
vn 0.4973 -0.1039 -0.8613
vn 0.7619 -0.1039 -0.6393
vn 0.4894 -0.2045 -0.8477
vn 0.1700 -0.2045 -0.9640
vn 0.1727 -0.1039 -0.9795
vn 0.4973 -0.1039 -0.8613
vn 0.1700 -0.2045 -0.9640
vn -0.1700 -0.2045 -0.9640
vn -0.1727 -0.1039 -0.9795
vn 0.1727 -0.1039 -0.9795
vn -0.1700 -0.2045 -0.9640
vn -0.4894 -0.2045 -0.8477
vn -0.4973 -0.1039 -0.8613
vn -0.1727 -0.1039 -0.9795
vn -0.4894 -0.2045 -0.8477
vn -0.7499 -0.2045 -0.6292
vn -0.7619 -0.1039 -0.6393
vn -0.4973 -0.1039 -0.8613
vn -0.7499 -0.2045 -0.6292
vn -0.9198 -0.2045 -0.3348
vn -0.9346 -0.1039 -0.3402
vn -0.7619 -0.1039 -0.6393
vn -0.9198 -0.2045 -0.3348
vn -0.9789 -0.2045 0.0000
vn -0.9946 -0.1039 -0.0000
vn -0.9346 -0.1039 -0.3402
vn -0.9789 -0.2045 0.0000
vn -0.9198 -0.2045 0.3348
vn -0.9346 -0.1039 0.3402
vn -0.9946 -0.1039 -0.0000
vn -0.9198 -0.2045 0.3348
vn -0.7499 -0.2045 0.6292
vn -0.7619 -0.1039 0.6393
vn -0.9346 -0.1039 0.3402
vn -0.7499 -0.2045 0.6292
vn -0.4894 -0.2045 0.8477
vn -0.4973 -0.1039 0.8613
vn -0.7619 -0.1039 0.6393
vn -0.4894 -0.2045 0.8477
vn -0.1700 -0.2045 0.9640
vn -0.1727 -0.1039 0.9795
vn -0.4973 -0.1039 0.8613
vn -0.1700 -0.2045 0.9640
vn 0.1700 -0.2045 0.9640
vn 0.1727 -0.1039 0.9795
vn -0.1727 -0.1039 0.9795
vn 0.1700 -0.2045 0.9640
vn 0.4894 -0.2045 0.8477
vn 0.4973 -0.1039 0.8613
vn 0.1727 -0.1039 0.9795
vn 0.4894 -0.2045 0.8477
vn 0.7499 -0.2045 0.6292
vn 0.7619 -0.1039 0.6393
vn 0.4973 -0.1039 0.8613
vn 0.7499 -0.2045 0.6292
vn 0.9198 -0.2045 0.3348
vn 0.9346 -0.1039 0.3402
vn 0.7619 -0.1039 0.6393
vn 0.9198 -0.2045 0.3348
vn 0.9789 -0.2045 -0.0000
vn 0.9946 -0.1039 -0.0000
vn 0.9346 -0.1039 0.3402
vn 0.9946 -0.1039 -0.0000
vn 0.9346 -0.1039 -0.3402
vn 0.9316 0.1309 -0.3391
vn 0.9914 0.1309 -0.0000
vn 0.9346 -0.1039 -0.3402
vn 0.7619 -0.1039 -0.6393
vn 0.7595 0.1309 -0.6373
vn 0.9316 0.1309 -0.3391
vn 0.7619 -0.1039 -0.6393
vn 0.4973 -0.1039 -0.8613
vn 0.4957 0.1309 -0.8586
vn 0.7595 0.1309 -0.6373
vn 0.4973 -0.1039 -0.8613
vn 0.1727 -0.1039 -0.9795
vn 0.1722 0.1309 -0.9763
vn 0.4957 0.1309 -0.8586
vn 0.1727 -0.1039 -0.9795
vn -0.1727 -0.1039 -0.9795
vn -0.1722 0.1309 -0.9763
vn 0.1722 0.1309 -0.9763
vn -0.1727 -0.1039 -0.9795
vn -0.4973 -0.1039 -0.8613
vn -0.4957 0.1309 -0.8586
vn -0.1722 0.1309 -0.9763
vn -0.4973 -0.1039 -0.8613
vn -0.7619 -0.1039 -0.6393
vn -0.7595 0.1309 -0.6373
vn -0.4957 0.1309 -0.8586
vn -0.7619 -0.1039 -0.6393
vn -0.9346 -0.1039 -0.3402
vn -0.9316 0.1309 -0.3391
vn -0.7595 0.1309 -0.6373
vn -0.9346 -0.1039 -0.3402
vn -0.9946 -0.1039 -0.0000
vn -0.9914 0.1309 -0.0000
vn -0.9316 0.1309 -0.3391
vn -0.9946 -0.1039 -0.0000
vn -0.9346 -0.1039 0.3402
vn -0.9316 0.1309 0.3391
vn -0.9914 0.1309 -0.0000
vn -0.9346 -0.1039 0.3402
vn -0.7619 -0.1039 0.6393
vn -0.7595 0.1309 0.6373
vn -0.9316 0.1309 0.3391
vn -0.7619 -0.1039 0.6393
vn -0.4973 -0.1039 0.8613
vn -0.4957 0.1309 0.8586
vn -0.7595 0.1309 0.6373
vn -0.4973 -0.1039 0.8613
vn -0.1727 -0.1039 0.9795
vn -0.1722 0.1309 0.9763
vn -0.4957 0.1309 0.8586
vn -0.1727 -0.1039 0.9795
vn 0.1727 -0.1039 0.9795
vn 0.1722 0.1309 0.9763
vn -0.1722 0.1309 0.9763
vn 0.1727 -0.1039 0.9795
vn 0.4973 -0.1039 0.8613
vn 0.4957 0.1309 0.8586
vn 0.1722 0.1309 0.9763
vn 0.4973 -0.1039 0.8613
vn 0.7619 -0.1039 0.6393
vn 0.7595 0.1309 0.6373
vn 0.4957 0.1309 0.8586
vn 0.7619 -0.1039 0.6393
vn 0.9346 -0.1039 0.3402
vn 0.9316 0.1309 0.3391
vn 0.7595 0.1309 0.6373
vn 0.9346 -0.1039 0.3402
vn 0.9946 -0.1039 -0.0000
vn 0.9914 0.1309 -0.0000
vn 0.9316 0.1309 0.3391
vn 0.9914 0.1309 -0.0000
vn 0.9316 0.1309 -0.3391
vn 0.7978 0.5283 -0.2904
vn 0.8490 0.5283 0.0000
vn 0.9316 0.1309 -0.3391
vn 0.7595 0.1309 -0.6373
vn 0.6504 0.5283 -0.5458
vn 0.7978 0.5283 -0.2904
vn 0.7595 0.1309 -0.6373
vn 0.4957 0.1309 -0.8586
vn 0.4245 0.5283 -0.7353
vn 0.6504 0.5283 -0.5458
vn 0.4957 0.1309 -0.8586
vn 0.1722 0.1309 -0.9763
vn 0.1474 0.5283 -0.8361
vn 0.4245 0.5283 -0.7353
vn 0.1722 0.1309 -0.9763
vn -0.1722 0.1309 -0.9763
vn -0.1474 0.5283 -0.8361
vn 0.1474 0.5283 -0.8361
vn -0.1722 0.1309 -0.9763
vn -0.4957 0.1309 -0.8586
vn -0.4245 0.5283 -0.7353
vn -0.1474 0.5283 -0.8361
vn -0.4957 0.1309 -0.8586
vn -0.7595 0.1309 -0.6373
vn -0.6504 0.5283 -0.5458
vn -0.4245 0.5283 -0.7353
vn -0.7595 0.1309 -0.6373
vn -0.9316 0.1309 -0.3391
vn -0.7978 0.5283 -0.2904
vn -0.6504 0.5283 -0.5458
vn -0.9316 0.1309 -0.3391
vn -0.9914 0.1309 -0.0000
vn -0.8490 0.5283 0.0000
vn -0.7978 0.5283 -0.2904
vn -0.9914 0.1309 -0.0000
vn -0.9316 0.1309 0.3391
vn -0.7978 0.5283 0.2904
vn -0.8490 0.5283 0.0000
vn -0.9316 0.1309 0.3391
vn -0.7595 0.1309 0.6373
vn -0.6504 0.5283 0.5458
vn -0.7978 0.5283 0.2904
vn -0.7595 0.1309 0.6373
vn -0.4957 0.1309 0.8586
vn -0.4245 0.5283 0.7353
vn -0.6504 0.5283 0.5458
vn -0.4957 0.1309 0.8586
vn -0.1722 0.1309 0.9763
vn -0.1474 0.5283 0.8361
vn -0.4245 0.5283 0.7353
vn -0.1722 0.1309 0.9763
vn 0.1722 0.1309 0.9763
vn 0.1474 0.5283 0.8361
vn -0.1474 0.5283 0.8361
vn 0.1722 0.1309 0.9763
vn 0.4957 0.1309 0.8586
vn 0.4245 0.5283 0.7353
vn 0.1474 0.5283 0.8361
vn 0.4957 0.1309 0.8586
vn 0.7595 0.1309 0.6373
vn 0.6504 0.5283 0.5458
vn 0.4245 0.5283 0.7353
vn 0.7595 0.1309 0.6373
vn 0.9316 0.1309 0.3391
vn 0.7978 0.5283 0.2904
vn 0.6504 0.5283 0.5458
vn 0.9316 0.1309 0.3391
vn 0.9914 0.1309 -0.0000
vn 0.8490 0.5283 0.0000
vn 0.7978 0.5283 0.2904
vn 0.8490 0.5283 0.0000
vn 0.7978 0.5283 -0.2904
vn 0.6369 0.7353 -0.2318
vn 0.6777 0.7353 -0.0000
vn 0.7978 0.5283 -0.2904
vn 0.6504 0.5283 -0.5458
vn 0.5192 0.7353 -0.4356
vn 0.6369 0.7353 -0.2318
vn 0.6504 0.5283 -0.5458
vn 0.4245 0.5283 -0.7353
vn 0.3389 0.7353 -0.5869
vn 0.5192 0.7353 -0.4356
vn 0.4245 0.5283 -0.7353
vn 0.1474 0.5283 -0.8361
vn 0.1177 0.7353 -0.6674
vn 0.3389 0.7353 -0.5869
vn 0.1474 0.5283 -0.8361
vn -0.1474 0.5283 -0.8361
vn -0.1177 0.7353 -0.6674
vn 0.1177 0.7353 -0.6674
vn -0.1474 0.5283 -0.8361
vn -0.4245 0.5283 -0.7353
vn -0.3389 0.7353 -0.5869
vn -0.1177 0.7353 -0.6674
vn -0.4245 0.5283 -0.7353
vn -0.6504 0.5283 -0.5458
vn -0.5192 0.7353 -0.4356
vn -0.3389 0.7353 -0.5869
vn -0.6504 0.5283 -0.5458
vn -0.7978 0.5283 -0.2904
vn -0.6369 0.7353 -0.2318
vn -0.5192 0.7353 -0.4356
vn -0.7978 0.5283 -0.2904
vn -0.8490 0.5283 0.0000
vn -0.6777 0.7353 0.0000
vn -0.6369 0.7353 -0.2318
vn -0.8490 0.5283 0.0000
vn -0.7978 0.5283 0.2904
vn -0.6369 0.7353 0.2318
vn -0.6777 0.7353 0.0000
vn -0.7978 0.5283 0.2904
vn -0.6504 0.5283 0.5458
vn -0.5192 0.7353 0.4356
vn -0.6369 0.7353 0.2318
vn -0.6504 0.5283 0.5458
vn -0.4245 0.5283 0.7353
vn -0.3389 0.7353 0.5869
vn -0.5192 0.7353 0.4356
vn -0.4245 0.5283 0.7353
vn -0.1474 0.5283 0.8361
vn -0.1177 0.7353 0.6674
vn -0.3389 0.7353 0.5869
vn -0.1474 0.5283 0.8361
vn 0.1474 0.5283 0.8361
vn 0.1177 0.7353 0.6674
vn -0.1177 0.7353 0.6674
vn 0.1474 0.5283 0.8361
vn 0.4245 0.5283 0.7353
vn 0.3389 0.7353 0.5869
vn 0.1177 0.7353 0.6674
vn 0.4245 0.5283 0.7353
vn 0.6504 0.5283 0.5458
vn 0.5192 0.7353 0.4356
vn 0.3389 0.7353 0.5869
vn 0.6504 0.5283 0.5458
vn 0.7978 0.5283 0.2904
vn 0.6369 0.7353 0.2318
vn 0.5192 0.7353 0.4356
vn 0.7978 0.5283 0.2904
vn 0.8490 0.5283 0.0000
vn 0.6777 0.7353 -0.0000
vn 0.6369 0.7353 0.2318
vn 0.0000 1.0000 0.0000
vn 0.0000 1.0000 0.0000
vn 0.0000 1.0000 0.0000
vn 0.0000 1.0000 0.0000
vn 0.0000 0.0000 -1.0000
vn 0.0000 0.0000 -1.0000
vn 0.0000 0.0000 -1.0000
vn 0.0000 0.0000 -1.0000
vn 0.0000 -0.0000 1.0000
vn 0.0000 -0.0000 1.0000
vn 0.0000 -0.0000 1.0000
vn 0.0000 -0.0000 1.0000
vn 0.0000 -1.0000 -0.0000
vn 0.0000 -1.0000 -0.0000
vn 0.0000 -1.0000 -0.0000
vn 0.0000 -1.0000 -0.0000
vn 1.0000 0.0000 -0.0000
vn 1.0000 0.0000 -0.0000
vn 1.0000 0.0000 -0.0000
vn 1.0000 0.0000 -0.0000
vn 0.0000 1.0000 0.0000
vn 0.0000 1.0000 0.0000
vn 0.0000 1.0000 0.0000
vn 0.0000 1.0000 0.0000
vn -1.0000 0.0000 -0.0000
vn -1.0000 0.0000 -0.0000
vn -1.0000 0.0000 -0.0000
vn -1.0000 0.0000 -0.0000
vn 1.0000 0.0000 -0.0000
vn 1.0000 0.0000 -0.0000
vn 1.0000 0.0000 -0.0000
vn 1.0000 0.0000 -0.0000
vn 0.0000 0.0000 -1.0000
vn 0.0000 0.0000 -1.0000
vn 0.0000 0.0000 -1.0000
vn 0.0000 0.0000 -1.0000
vn 0.0000 1.0000 0.0000
vn 0.0000 1.0000 0.0000
vn 0.0000 1.0000 0.0000
vn 0.0000 1.0000 0.0000
vn -0.0000 -0.0000 1.0000
vn -0.0000 -0.0000 1.0000
vn -0.0000 -0.0000 1.0000
vn -0.0000 -0.0000 1.0000
vn 0.0000 -1.0000 -0.0000
vn 0.0000 -1.0000 -0.0000
vn 0.0000 -1.0000 -0.0000
vn 0.0000 -1.0000 -0.0000
vn 0.0000 0.0000 -1.0000
vn 0.0000 0.0000 -1.0000
vn 0.0000 0.0000 -1.0000
vn 0.0000 0.0000 -1.0000
vn 0.0000 1.0000 -0.0000
vn 0.0000 1.0000 -0.0000
vn 0.0000 1.0000 -0.0000
vn 0.0000 1.0000 -0.0000
vn 0.0000 -0.0000 1.0000
vn 0.0000 -0.0000 1.0000
vn 0.0000 -0.0000 1.0000
vn 0.0000 -0.0000 1.0000
vn 0.0000 -1.0000 -0.0000
vn 0.0000 -1.0000 -0.0000
vn 0.0000 -1.0000 -0.0000
vn 0.0000 -1.0000 -0.0000
vn -1.0000 0.0000 -0.0000
vn -1.0000 0.0000 -0.0000
vn -1.0000 0.0000 -0.0000
vn -1.0000 0.0000 -0.0000
vn 0.0000 0.0000 -1.0000
vn 0.0000 0.0000 -1.0000
vn 0.0000 0.0000 -1.0000
vn 0.0000 0.0000 -1.0000
vn 1.0000 0.0000 -0.0000
vn 1.0000 0.0000 -0.0000
vn 1.0000 0.0000 -0.0000
vn 1.0000 0.0000 -0.0000
vn 0.0000 -0.0000 1.0000
vn 0.0000 -0.0000 1.0000
vn 0.0000 -0.0000 1.0000
vn 0.0000 -0.0000 1.0000
vn 0.0000 1.0000 0.0000
vn 0.0000 1.0000 0.0000
vn 0.0000 1.0000 0.0000
vn 0.0000 1.0000 0.0000
vn 0.0000 1.0000 0.0000
vn 0.0000 1.0000 0.0000
vn 0.0000 1.0000 0.0000
vn 0.0000 1.0000 0.0000
vn 0.0000 1.0000 0.0000
vn 0.0000 1.0000 0.0000
vn 0.0000 1.0000 0.0000
vn 0.0000 1.0000 0.0000
vn 0.0000 1.0000 0.0000
vn 0.0000 1.0000 0.0000
vn 0.0000 1.0000 0.0000
vn 0.0000 1.0000 0.0000
vn 0.0000 1.0000 0.0000
vn 0.0000 1.0000 0.0000
vn 0.0000 1.0000 0.0000
vn 0.0000 1.0000 0.0000
vn 0.0000 1.0000 0.0000
vn 0.0000 1.0000 0.0000
vn 0.0000 1.0000 0.0000
vn 0.0000 1.0000 0.0000
vn -0.0000 1.0000 -0.0000
vn -0.0000 1.0000 -0.0000
vn 0.0000 1.0000 0.0000
vn 0.0000 1.0000 0.0000
vn -1.0000 0.0000 -0.0000
vn -1.0000 0.0000 -0.0000
vn -1.0000 0.0000 -0.0000
vn -1.0000 0.0000 -0.0000
vn 0.0000 -0.0000 1.0000
vn 0.0000 -0.0000 1.0000
vn 0.0000 -0.0000 1.0000
vn 0.0000 -0.0000 1.0000
vn 0.0000 0.0000 -1.0000
vn 0.0000 0.0000 -1.0000
vn 0.0000 0.0000 -1.0000
vn 0.0000 0.0000 -1.0000
# 480 vertex normals

vt 0.2661 0.4381 0.0000
vt 0.2420 0.4381 0.0000
vt 0.2420 0.2426 0.0000
vt 0.2661 0.2426 0.0000
vt 0.2902 0.4381 0.0000
vt 0.2902 0.2426 0.0000
vt 0.3143 0.4381 0.0000
vt 0.3143 0.2426 0.0000
vt 0.3383 0.4381 0.0000
vt 0.3383 0.2426 0.0000
vt 0.3624 0.4381 0.0000
vt 0.3624 0.2426 0.0000
vt 0.3864 0.4381 0.0000
vt 0.3864 0.2426 0.0000
vt 0.4104 0.4381 0.0000
vt 0.4104 0.2426 0.0000
vt 0.4344 0.4381 0.0000
vt 0.4344 0.2426 0.0000
vt 0.0253 0.4381 0.0000
vt 0.0253 0.2426 0.0000
vt 0.0494 0.4381 0.0000
vt 0.0494 0.2426 0.0000
vt 0.0734 0.4381 0.0000
vt 0.0734 0.2426 0.0000
vt 0.0975 0.4381 0.0000
vt 0.0975 0.2426 0.0000
vt 0.1216 0.4381 0.0000
vt 0.1216 0.2426 0.0000
vt 0.1457 0.4381 0.0000
vt 0.1457 0.2426 0.0000
vt 0.1698 0.4381 0.0000
vt 0.1698 0.2426 0.0000
vt 0.1939 0.4381 0.0000
vt 0.1939 0.2426 0.0000
vt 0.2180 0.4381 0.0000
vt 0.2180 0.2426 0.0000
vt 0.2661 0.6525 0.0000
vt 0.2420 0.6525 0.0000
vt 0.2902 0.6525 0.0000
vt 0.3143 0.6525 0.0000
vt 0.3383 0.6525 0.0000
vt 0.3624 0.6525 0.0000
vt 0.3864 0.6525 0.0000
vt 0.4104 0.6525 0.0000
vt 0.4344 0.6525 0.0000
vt 0.0253 0.6525 0.0000
vt 0.0494 0.6525 0.0000
vt 0.0734 0.6525 0.0000
vt 0.0975 0.6525 0.0000
vt 0.1216 0.6525 0.0000
vt 0.1457 0.6525 0.0000
vt 0.1698 0.6525 0.0000
vt 0.1939 0.6525 0.0000
vt 0.2180 0.6525 0.0000
vt 0.2661 0.8314 0.0000
vt 0.2420 0.8314 0.0000
vt 0.2902 0.8314 0.0000
vt 0.3143 0.8314 0.0000
vt 0.3383 0.8314 0.0000
vt 0.3624 0.8314 0.0000
vt 0.3864 0.8314 0.0000
vt 0.4104 0.8314 0.0000
vt 0.4344 0.8314 0.0000
vt 0.0253 0.8314 0.0000
vt 0.0494 0.8314 0.0000
vt 0.0734 0.8314 0.0000
vt 0.0975 0.8314 0.0000
vt 0.1216 0.8314 0.0000
vt 0.1457 0.8314 0.0000
vt 0.1698 0.8314 0.0000
vt 0.1939 0.8314 0.0000
vt 0.2180 0.8314 0.0000
vt 0.2661 0.9244 0.0000
vt 0.2420 0.9244 0.0000
vt 0.2902 0.9244 0.0000
vt 0.3143 0.9244 0.0000
vt 0.3383 0.9244 0.0000
vt 0.3624 0.9244 0.0000
vt 0.3864 0.9244 0.0000
vt 0.4104 0.9244 0.0000
vt 0.4344 0.9244 0.0000
vt 0.0253 0.9244 0.0000
vt 0.0494 0.9244 0.0000
vt 0.0734 0.9244 0.0000
vt 0.0975 0.9244 0.0000
vt 0.1216 0.9244 0.0000
vt 0.1457 0.9244 0.0000
vt 0.1698 0.9244 0.0000
vt 0.1939 0.9244 0.0000
vt 0.2180 0.9244 0.0000
vt 0.2661 0.9974 0.0000
vt 0.2420 0.9974 0.0000
vt 0.2902 0.9974 0.0000
vt 0.3143 0.9974 0.0000
vt 0.3383 0.9974 0.0000
vt 0.3624 0.9974 0.0000
vt 0.3864 0.9974 0.0000
vt 0.4104 0.9974 0.0000
vt 0.4344 0.9974 0.0000
vt 0.0253 0.9974 0.0000
vt 0.0494 0.9974 0.0000
vt 0.0734 0.9974 0.0000
vt 0.0975 0.9974 0.0000
vt 0.1216 0.9974 0.0000
vt 0.1457 0.9974 0.0000
vt 0.1698 0.9974 0.0000
vt 0.1939 0.9974 0.0000
vt 0.2180 0.9974 0.0000
vt 0.8058 0.0347 0.0000
vt 0.8058 0.9934 0.0000
vt 0.4298 0.1742 0.0000
vt 0.4179 0.2049 0.0000
vt 0.3997 0.2277 0.0000
vt 0.3773 0.2398 0.0000
vt 0.3536 0.2398 0.0000
vt 0.3313 0.2277 0.0000
vt 0.3130 0.2049 0.0000
vt 0.3012 0.1742 0.0000
vt 0.2970 0.1392 0.0000
vt 0.3012 0.1043 0.0000
vt 0.3130 0.0736 0.0000
vt 0.3313 0.0508 0.0000
vt 0.3536 0.0386 0.0000
vt 0.3773 0.0386 0.0000
vt 0.3997 0.0508 0.0000
vt 0.4179 0.0736 0.0000
vt 0.4298 0.1043 0.0000
vt 0.4339 0.1392 0.0000
vt 0.7307 0.0347 0.0000
vt 0.7307 0.9934 0.0000
vt 0.6973 0.9934 0.0000
vt 0.6973 0.9332 0.0000
vt 0.8082 0.1343 0.0000
vt 0.8418 0.1343 0.0000
vt 0.8418 0.9399 0.0000
vt 0.8418 0.9939 0.0000
vt 0.5111 0.9378 0.0000
vt 0.8082 0.0346 0.0000
vt 0.8418 0.0346 0.0000
vt 0.6222 0.0347 0.0000
vt 0.6973 0.0347 0.0000
vt 0.8805 0.5419 0.0000
vt 0.8805 0.4976 0.0000
vt 0.9561 0.5419 0.0000
vt 0.8082 0.9939 0.0000
vt 0.9966 0.9955 0.0000
vt 0.8437 0.9408 0.0000
vt 0.8805 0.0469 0.0000
vt 0.9561 0.0469 0.0000
vt 0.9966 0.5448 0.0000
vt 0.4360 0.9378 0.0000
vt 0.5111 0.9981 0.0000
vt 0.4360 0.9981 0.0000
vt 0.8775 0.0354 0.0000
vt 0.8775 0.1352 0.0000
vt 0.8437 0.1352 0.0000
vt 0.8437 0.0354 0.0000
vt 0.6222 0.9332 0.0000
vt 0.5446 0.9378 0.0000
vt 0.9561 0.0023 0.0000
vt 0.5111 0.0392 0.0000
vt 0.5446 0.0392 0.0000
vt 0.8437 0.9948 0.0000
vt 0.8775 0.9408 0.0000
vt 0.8775 0.9948 0.0000
vt 0.8805 0.0023 0.0000
vt 0.9561 0.0023 0.0000
vt 0.4360 0.0392 0.0000
vt 0.6197 0.0392 0.0000
vt 0.6197 0.9378 0.0000
vt 0.9210 0.5448 0.0000
vt 0.8801 0.5448 0.0000
vt 0.9210 0.9955 0.0000
vt 0.8801 0.9955 0.0000
vt 0.9561 0.4976 0.0000
vt 0.9970 0.4976 0.0000
vt 0.9970 0.0023 0.0000
vt 0.9970 0.0469 0.0000
vt 0.0015 0.4381 0.0000
vt 0.0015 0.2426 0.0000
vt 0.0015 0.6525 0.0000
vt 0.0015 0.8314 0.0000
vt 0.0015 0.9244 0.0000
vt 0.0015 0.9974 0.0000
vt 0.7307 0.9311 0.0000
vt 0.8082 0.9380 0.0000
vt 0.8058 0.9311 0.0000
# 187 texture coords

g SwitchHandle
usemtl SwitchHandle
s 8
f 589/703/2001 590/704/2002 591/701/2003 592/702/2004 
f 590/704/2005 593/706/2006 594/705/2007 591/701/2008 
f 593/706/2009 595/708/2010 596/707/2011 594/705/2012 
f 595/708/2013 597/710/2014 598/709/2015 596/707/2016 
f 597/710/2017 599/712/2018 600/711/2019 598/709/2020 
f 599/712/2021 601/714/2022 602/713/2023 600/711/2024 
f 601/714/2025 603/716/2026 604/715/2027 602/713/2028 
f 603/716/2029 605/718/2030 606/717/2031 604/715/2032 
f 605/880/2033 607/720/2034 608/719/2035 606/879/2036 
f 607/720/2037 609/722/2038 610/721/2039 608/719/2040 
f 609/722/2041 611/724/2042 612/723/2043 610/721/2044 
f 611/724/2045 613/726/2046 614/725/2047 612/723/2048 
f 613/726/2049 615/728/2050 616/727/2051 614/725/2052 
f 615/728/2053 617/730/2054 618/729/2055 616/727/2056 
f 617/730/2057 619/732/2058 620/731/2059 618/729/2060 
f 619/732/2061 621/734/2062 622/733/2063 620/731/2064 
f 621/734/2065 623/736/2066 624/735/2067 622/733/2068 
f 623/736/2069 589/703/2070 592/702/2071 624/735/2072 
f 592/702/2073 591/701/2074 625/737/2075 626/738/2076 
f 591/701/2077 594/705/2078 627/739/2079 625/737/2080 
f 594/705/2081 596/707/2082 628/740/2083 627/739/2084 
f 596/707/2085 598/709/2086 629/741/2087 628/740/2088 
f 598/709/2089 600/711/2090 630/742/2091 629/741/2092 
f 600/711/2093 602/713/2094 631/743/2095 630/742/2096 
f 602/713/2097 604/715/2098 632/744/2099 631/743/2100 
f 604/715/2101 606/717/2102 633/745/2103 632/744/2104 
f 606/879/2105 608/719/2106 634/746/2107 633/881/2108 
f 608/719/2109 610/721/2110 635/747/2111 634/746/2112 
f 610/721/2113 612/723/2114 636/748/2115 635/747/2116 
f 612/723/2117 614/725/2118 637/749/2119 636/748/2120 
f 614/725/2121 616/727/2122 638/750/2123 637/749/2124 
f 616/727/2125 618/729/2126 639/751/2127 638/750/2128 
f 618/729/2129 620/731/2130 640/752/2131 639/751/2132 
f 620/731/2133 622/733/2134 641/753/2135 640/752/2136 
f 622/733/2137 624/735/2138 642/754/2139 641/753/2140 
f 624/735/2141 592/702/2142 626/738/2143 642/754/2144 
f 626/738/2145 625/737/2146 643/755/2147 644/756/2148 
f 625/737/2149 627/739/2150 645/757/2151 643/755/2152 
f 627/739/2153 628/740/2154 646/758/2155 645/757/2156 
f 628/740/2157 629/741/2158 647/759/2159 646/758/2160 
f 629/741/2161 630/742/2162 648/760/2163 647/759/2164 
f 630/742/2165 631/743/2166 649/761/2167 648/760/2168 
f 631/743/2169 632/744/2170 650/762/2171 649/761/2172 
f 632/744/2173 633/745/2174 651/763/2175 650/762/2176 
f 633/881/2177 634/746/2178 652/764/2179 651/882/2180 
f 634/746/2181 635/747/2182 653/765/2183 652/764/2184 
f 635/747/2185 636/748/2186 654/766/2187 653/765/2188 
f 636/748/2189 637/749/2190 655/767/2191 654/766/2192 
f 637/749/2193 638/750/2194 656/768/2195 655/767/2196 
f 638/750/2197 639/751/2198 657/769/2199 656/768/2200 
f 639/751/2201 640/752/2202 658/770/2203 657/769/2204 
f 640/752/2205 641/753/2206 659/771/2207 658/770/2208 
f 641/753/2209 642/754/2210 660/772/2211 659/771/2212 
f 642/754/2213 626/738/2214 644/756/2215 660/772/2216 
f 644/756/2217 643/755/2218 661/773/2219 662/774/2220 
f 643/755/2221 645/757/2222 663/775/2223 661/773/2224 
f 645/757/2225 646/758/2226 664/776/2227 663/775/2228 
f 646/758/2229 647/759/2230 665/777/2231 664/776/2232 
f 647/759/2233 648/760/2234 666/778/2235 665/777/2236 
f 648/760/2237 649/761/2238 667/779/2239 666/778/2240 
f 649/761/2241 650/762/2242 668/780/2243 667/779/2244 
f 650/762/2245 651/763/2246 669/781/2247 668/780/2248 
f 651/882/2249 652/764/2250 670/782/2251 669/883/2252 
f 652/764/2253 653/765/2254 671/783/2255 670/782/2256 
f 653/765/2257 654/766/2258 672/784/2259 671/783/2260 
f 654/766/2261 655/767/2262 673/785/2263 672/784/2264 
f 655/767/2265 656/768/2266 674/786/2267 673/785/2268 
f 656/768/2269 657/769/2270 675/787/2271 674/786/2272 
f 657/769/2273 658/770/2274 676/788/2275 675/787/2276 
f 658/770/2277 659/771/2278 677/789/2279 676/788/2280 
f 659/771/2281 660/772/2282 678/790/2283 677/789/2284 
f 660/772/2285 644/756/2286 662/774/2287 678/790/2288 
f 662/774/2289 661/773/2290 679/791/2291 680/792/2292 
f 661/773/2293 663/775/2294 681/793/2295 679/791/2296 
f 663/775/2297 664/776/2298 682/794/2299 681/793/2300 
f 664/776/2301 665/777/2302 683/795/2303 682/794/2304 
f 665/777/2305 666/778/2306 684/796/2307 683/795/2308 
f 666/778/2309 667/779/2310 685/797/2311 684/796/2312 
f 667/779/2313 668/780/2314 686/798/2315 685/797/2316 
f 668/780/2317 669/781/2318 687/799/2319 686/798/2320 
f 669/883/2321 670/782/2322 688/800/2323 687/884/2324 
f 670/782/2325 671/783/2326 689/801/2327 688/800/2328 
f 671/783/2329 672/784/2330 690/802/2331 689/801/2332 
f 672/784/2333 673/785/2334 691/803/2335 690/802/2336 
f 673/785/2337 674/786/2338 692/804/2339 691/803/2340 
f 674/786/2341 675/787/2342 693/805/2343 692/804/2344 
f 675/787/2345 676/788/2346 694/806/2347 693/805/2348 
f 676/788/2349 677/789/2350 695/807/2351 694/806/2352 
f 677/789/2353 678/790/2354 696/808/2355 695/807/2356 
f 678/790/2357 662/774/2358 680/792/2359 696/808/2360 
s 1
f 685/816/2361 686/817/2362 689/820/2363 690/821/2364 
s 2
f 719/885/2365 705/832/2366 698/841/2367 697/829/2368 
s 4
f 702/834/2369 706/835/2370 720/886/2371 701/833/2372 
s 8
f 697/838/2373 698/839/2374 702/834/2375 701/833/2376 
s 16
f 705/832/2377 706/858/2378 702/840/2379 698/841/2380 
s 32
f 700/875/2381 699/844/2382 703/842/2383 704/843/2384 
s 64
f 720/887/2385 719/885/2386 697/829/2387 701/809/2388 
s 16
f 712/852/2389 713/853/2390 714/851/2391 711/837/2392 
s off
f 705/876/2393 700/875/2394 708/849/2395 707/878/2396 
f 700/875/2397 704/843/2398 709/848/2399 708/849/2400 
f 704/872/2401 706/871/2402 710/873/2403 709/874/2404 
f 706/871/2405 705/850/2406 707/846/2407 710/873/2408 
f 707/878/2409 708/849/2410 712/860/2411 711/877/2412 
f 708/849/2413 709/848/2414 713/866/2415 712/867/2416 
f 709/863/2417 710/847/2418 714/864/2419 713/865/2420 
f 715/856/2421 716/857/2422 717/854/2423 718/855/2424 
f 710/870/2425 707/859/2426 716/862/2427 715/869/2428 
f 707/859/2429 711/837/2430 717/861/2431 716/862/2432 
f 711/837/2433 714/851/2434 718/868/2435 717/861/2436 
f 714/864/2437 710/847/2438 715/856/2439 718/855/2440 
s 1
f 687/818/2441 688/819/2442 689/820/2443 686/817/2444 
f 691/822/2445 684/815/2446 685/816/2447 690/821/2448 
f 692/823/2449 683/814/2450 684/815/2451 691/822/2452 
f 693/824/2453 682/813/2454 683/814/2455 692/823/2456 
f 694/825/2457 681/812/2458 682/813/2459 693/824/2460 
f 695/826/2461 679/811/2462 681/812/2463 694/825/2464 
f 696/827/2465 680/828/2466 679/811/2467 695/826/2468 
s 64
f 703/810/2469 699/830/2470 719/885/2471 720/887/2472 
s 4
f 706/835/2473 704/836/2474 703/845/2475 720/886/2476 
s 2
f 699/830/2477 700/831/2478 705/832/2479 719/885/2480 
# 120 polygons

