# Blender v3.0.0 OBJ File: 'aircon_units_modeling_02.blend'
# www.blender.org
mtllib aircon_units_modeling_02.mtl
o Cube.002_Cube.003
v 1.269384 0.151200 1.885017
v 1.269384 0.151200 2.104361
v 1.286438 0.151200 1.885017
v 1.286438 0.151200 2.104361
v 1.228105 0.362337 1.890795
v 1.269344 0.151155 1.890795
v 1.269344 0.151155 2.098582
v 1.228105 0.362337 2.098582
v 1.286061 0.362404 1.890795
v 1.286061 0.151155 1.890795
v 1.286061 0.151155 2.098582
v 1.286061 0.362404 2.098582
v 1.228545 0.361664 1.885017
v 1.227312 0.368020 1.891374
v 1.227931 0.363583 1.889527
v 1.227673 0.366158 1.886878
v 1.227312 0.368020 2.098003
v 1.228545 0.361664 2.104361
v 1.227931 0.363583 2.099850
v 1.227673 0.366158 2.102499
v 1.286438 0.368089 1.891374
v 1.286438 0.361731 1.885017
v 1.286142 0.363635 1.889544
v 1.286438 0.366227 1.886878
v 1.286438 0.361731 2.104361
v 1.286438 0.368089 2.098003
v 1.286142 0.363635 2.099833
v 1.286438 0.366227 2.102499
v 1.286438 0.147684 1.885017
v 1.269384 0.147684 1.885017
v 1.269384 0.147684 2.104361
v 1.286438 0.147684 2.104361
v 1.286061 0.147639 1.890795
v 1.269344 0.147639 1.890795
v 1.269344 0.147639 2.098582
v 1.286061 0.147639 2.098582
vt 0.531724 0.739633
vt 0.527576 0.737816
vt 0.527576 0.541286
vt 0.532890 0.541248
vt 0.532890 0.738476
vt 0.725156 0.739633
vt 0.723458 0.743751
vt 0.533423 0.743751
vt 0.723990 0.738476
vt 0.733468 0.736603
vt 0.729305 0.734861
vt 0.729305 0.541319
vt 0.734619 0.541267
vt 0.734619 0.735469
vt 0.687481 0.743751
vt 0.687481 0.934851
vt 0.634179 0.934851
vt 0.634179 0.743751
vt 0.596478 0.743769
vt 0.634179 0.937118
vt 0.580877 0.937118
vt 0.581104 0.743751
vt 0.527576 0.937118
vt 0.565277 0.743769
vt 0.580651 0.743751
vt 0.580877 0.937118
vt 0.527576 0.538072
vt 0.532890 0.538035
vt 0.926870 0.736603
vt 0.925187 0.740705
vt 0.735151 0.740705
vt 0.925719 0.735469
vt 0.837395 0.744839
vt 0.891772 0.744839
vt 0.891772 0.934875
vt 0.837395 0.934875
vt 0.729305 0.541286
vt 0.723990 0.541248
vt 0.723990 0.538035
vt 0.729305 0.538072
vt 0.931034 0.541319
vt 0.931034 0.734861
vt 0.925719 0.541267
vt 0.784152 0.745046
vt 0.837395 0.744986
vt 0.837386 0.937696
vt 0.821702 0.937695
vt 0.767657 0.743924
vt 0.783341 0.743923
vt 0.783350 0.936633
vt 0.730107 0.936573
vt 0.729305 0.737816
vt 0.727592 0.742013
vt 0.529288 0.742013
vt 0.731017 0.738993
vt 0.929321 0.738993
vt 0.891771 0.939009
vt 0.837726 0.939009
vt 0.783350 0.740766
vt 0.837395 0.740705
vt 0.837726 0.740705
vt 0.891771 0.740705
vt 0.783350 0.940914
vt 0.729305 0.940853
vt 0.907457 0.942434
vt 0.891772 0.942434
vt 0.892119 0.937120
vt 0.907493 0.937120
vt 0.891772 0.740705
vt 0.907457 0.740705
vt 0.907493 0.746019
vt 0.892119 0.746019
vt 0.767657 0.740706
vt 0.783341 0.740705
vt 0.729305 0.538087
vt 0.734619 0.538035
vt 0.925719 0.538035
vt 0.931034 0.538087
vt 0.837386 0.940914
vt 0.821702 0.940913
vt 0.907493 0.740705
vt 0.922867 0.740705
vt 0.922867 0.931805
vt 0.907493 0.931805
vn 0.9811 0.1910 -0.0304
vn 0.9904 0.1382 0.0000
vn -0.9979 0.0000 -0.0651
vn -0.0012 1.0000 0.0000
vn 0.0000 0.0000 -1.0000
vn 0.0000 0.0000 1.0000
vn 1.0000 0.0000 -0.0068
vn -0.9978 0.0661 -0.0000
vn 0.0012 -1.0000 0.0000
vn 1.0000 0.0000 0.0068
vn -0.9979 0.0000 0.0651
vn 0.9843 0.1644 0.0641
vn 0.9915 0.1271 0.0271
vn 0.9915 0.1271 -0.0271
vn 0.9843 0.1644 -0.0641
vn -0.9963 0.0796 -0.0330
vn -0.9964 0.0326 -0.0787
vn -0.9964 0.0326 0.0787
vn -0.9963 0.0796 0.0330
vn 0.0011 -0.9239 -0.3827
vn 0.0004 -0.3827 -0.9239
vn 0.0011 -0.9239 0.3827
vn 0.0004 -0.3827 0.9239
vn 0.9811 0.1910 0.0304
vn 0.0000 1.0000 -0.0079
vn 0.0000 1.0000 0.0079
vn 1.0000 0.0000 0.0000
vn 0.0000 1.0000 0.0000
vn -1.0000 0.0000 0.0000
vn 0.0000 -1.0000 0.0000
usemtl Metal_01_vent03
s off
f 19/1/1 18/2/1 2/3/1 7/4/1 8/5/1
f 15/6/2 14/7/2 17/8/2 19/1/2 8/5/2 5/9/2
f 23/10/3 22/11/3 3/12/3 10/13/3 9/14/3
f 5/15/4 8/16/4 12/17/4 9/18/4
f 6/19/5 5/20/5 9/21/5 10/22/5
f 8/23/6 7/24/6 11/25/6 12/26/6
f 7/4/7 2/3/7 31/27/7 35/28/7
f 27/29/8 26/30/8 21/31/8 23/10/8 9/14/8 12/32/8
f 14/33/9 21/34/9 26/35/9 17/36/9
f 1/37/10 6/38/10 34/39/10 30/40/10
f 4/41/11 25/42/11 27/29/11 12/32/11 11/43/11
f 18/44/5 25/45/5 4/46/5 2/47/5
f 1/48/6 3/49/6 22/50/6 13/51/6
f 13/52/12 16/53/12 15/6/12
f 16/53/13 14/7/13 15/6/13
f 17/8/14 20/54/14 19/1/14
f 20/54/15 18/2/15 19/1/15
f 21/31/16 24/55/16 23/10/16
f 24/55/17 22/11/17 23/10/17
f 25/42/18 28/56/18 27/29/18
f 28/56/19 26/30/19 27/29/19
f 17/36/20 26/35/20 28/57/20 20/58/20
f 20/59/21 28/60/21 25/45/21 18/44/21
f 21/34/22 14/33/22 16/61/22 24/62/22
f 24/63/23 16/64/23 13/51/23 22/50/23
f 1/37/24 13/52/24 15/6/24 5/9/24 6/38/24
f 31/65/25 32/66/25 36/67/25 35/68/25
f 29/69/26 30/70/26 34/71/26 33/72/26
f 3/49/6 1/48/6 30/73/6 29/74/6
f 10/13/3 3/12/3 29/75/3 33/76/3
f 4/41/11 11/43/11 36/77/11 32/78/11
f 2/47/5 4/46/5 32/79/5 31/80/5
f 7/4/27 35/28/27 34/39/27 6/38/27
f 35/68/28 36/67/28 33/72/28 34/71/28
f 36/77/29 11/43/29 10/13/29 33/76/29
f 11/81/30 7/82/30 6/83/30 10/84/30
o Cube.003_Cube.004
v 2.639313 0.009349 2.102195
v 2.639313 0.098669 2.102195
v 2.639313 0.009349 2.096932
v 2.639313 0.098669 2.096932
v 2.656864 0.009349 2.102195
v 2.656864 0.098669 2.102195
v 2.656864 0.009349 2.096932
v 2.656864 0.098669 2.096932
v 2.639313 0.013266 2.102195
v 2.639313 0.013266 2.096932
v 2.656864 0.013266 2.096932
v 2.656864 0.013266 2.102195
v 2.639313 0.009349 1.890873
v 2.639313 0.098669 1.890873
v 2.639313 0.009349 1.896137
v 2.639313 0.098669 1.896137
v 2.656864 0.009349 1.890873
v 2.656864 0.098669 1.890873
v 2.656864 0.009349 1.896137
v 2.656864 0.098669 1.896137
v 2.639313 0.013266 1.890873
v 2.639313 0.013266 1.896137
v 2.656864 0.013266 1.896137
v 2.656864 0.013266 1.890873
v 1.489086 0.009349 2.102195
v 1.489086 0.098669 2.102195
v 1.489086 0.009349 2.096932
v 1.489086 0.098669 2.096932
v 1.515403 0.009349 2.102195
v 1.515403 0.098669 2.102195
v 1.515403 0.009349 2.096932
v 1.515403 0.098669 2.096932
v 1.489086 0.013266 2.102195
v 1.489086 0.013266 2.096932
v 1.515403 0.013266 2.096932
v 1.515403 0.013266 2.102195
v 1.489086 0.009349 1.890873
v 1.489086 0.098669 1.890873
v 1.489086 0.009349 1.896137
v 1.489086 0.098669 1.896137
v 1.515403 0.009349 1.890873
v 1.515403 0.098669 1.890873
v 1.515403 0.009349 1.896137
v 1.515403 0.098669 1.896137
v 1.489086 0.013266 1.890873
v 1.489086 0.013266 1.896137
v 1.515403 0.013266 1.896137
v 1.515403 0.013266 1.890873
v 2.662864 0.004616 2.102202
v 2.662864 0.004616 2.075885
v 2.662864 0.010180 2.102202
v 2.662864 0.010180 2.075885
v 1.484473 0.004616 2.102202
v 1.484473 0.004616 2.075886
v 1.484473 0.010180 2.102202
v 1.484473 0.010180 2.075886
v 2.662864 0.004616 1.889909
v 2.662864 0.004616 1.916225
v 2.662864 0.010180 1.889909
v 2.662864 0.010180 1.916225
v 1.484473 0.004616 1.889909
v 1.484473 0.004616 1.916225
v 1.484473 0.010180 1.889909
v 1.484473 0.010180 1.916225
v 2.648041 0.074561 2.094721
v 2.647238 0.089485 2.094721
v 2.648041 0.074561 2.098638
v 2.647238 0.089485 2.098638
v 1.501779 0.012861 2.094721
v 1.500976 0.027785 2.094721
v 1.501779 0.012861 2.098638
v 1.500976 0.027785 2.098638
v 1.500954 0.073970 2.093408
v 1.501722 0.088587 2.093408
v 1.500954 0.073970 2.097325
v 1.501722 0.088587 2.097325
v 2.647295 0.013760 2.093408
v 2.648063 0.028377 2.093408
v 2.647295 0.013760 2.097325
v 2.648063 0.028377 2.097325
v 2.648041 0.074561 1.897031
v 2.647238 0.089485 1.897031
v 2.648041 0.074561 1.900947
v 2.647238 0.089485 1.900947
v 1.501779 0.012861 1.897031
v 1.500976 0.027785 1.897031
v 1.501779 0.012861 1.900948
v 1.500976 0.027785 1.900948
v 1.500954 0.073970 1.895718
v 1.501722 0.088587 1.895718
v 1.500954 0.073970 1.899635
v 1.501722 0.088587 1.899635
v 2.647295 0.013760 1.895718
v 2.648063 0.028377 1.895718
v 2.647295 0.013760 1.899635
v 2.648063 0.028377 1.899635
vt 0.547020 0.333878
vt 0.547020 0.371101
vt 0.544726 0.371101
vt 0.544726 0.333878
vt 0.493846 0.262651
vt 0.531069 0.262651
vt 0.531069 0.270301
vt 0.493846 0.270301
vt 0.365105 0.256018
vt 0.365105 0.293241
vt 0.362812 0.293241
vt 0.362812 0.256018
vt 0.456623 0.304711
vt 0.493846 0.304711
vt 0.493846 0.312361
vt 0.456623 0.312361
vt 0.544726 0.261960
vt 0.544726 0.254311
vt 0.547020 0.254311
vt 0.547020 0.261960
vt 0.531069 0.265713
vt 0.538719 0.265713
vt 0.538719 0.268007
vt 0.531069 0.268007
vt 0.454916 0.304711
vt 0.454916 0.312361
vt 0.365105 0.254311
vt 0.362812 0.254311
vt 0.547020 0.332171
vt 0.544726 0.332171
vt 0.457210 0.332171
vt 0.457210 0.333878
vt 0.457210 0.254311
vt 0.457210 0.261960
vt 0.454916 0.324521
vt 0.542432 0.324521
vt 0.542432 0.332171
vt 0.454916 0.332171
vt 0.452622 0.256018
vt 0.452622 0.254311
vt 0.454916 0.333878
vt 0.457210 0.371101
vt 0.454916 0.371101
vt 0.493846 0.312361
vt 0.493846 0.304711
vt 0.531069 0.304711
vt 0.531069 0.312361
vt 0.454916 0.256018
vt 0.454916 0.293241
vt 0.452622 0.293241
vt 0.456623 0.270301
vt 0.456623 0.262651
vt 0.493846 0.262651
vt 0.493846 0.270301
vt 0.454916 0.261960
vt 0.454916 0.254311
vt 0.531069 0.270301
vt 0.531069 0.268007
vt 0.538719 0.268007
vt 0.538719 0.270301
vt 0.454916 0.270301
vt 0.454916 0.262651
vt 0.454916 0.332171
vt 0.454916 0.333878
vt 0.454916 0.371101
vt 0.452622 0.371101
vt 0.452622 0.333878
vt 0.493846 0.270301
vt 0.531069 0.270301
vt 0.531069 0.281771
vt 0.493846 0.281771
vt 0.365105 0.294948
vt 0.365105 0.332171
vt 0.362812 0.332171
vt 0.362812 0.294948
vt 0.456623 0.270301
vt 0.493846 0.270301
vt 0.493846 0.281771
vt 0.456623 0.281771
vt 0.544726 0.293241
vt 0.544726 0.281771
vt 0.547020 0.281771
vt 0.547020 0.293241
vt 0.531069 0.313051
vt 0.542539 0.313051
vt 0.542539 0.315345
vt 0.531069 0.315345
vt 0.454916 0.270301
vt 0.454916 0.281771
vt 0.365105 0.293241
vt 0.362812 0.293241
vt 0.454916 0.332171
vt 0.452622 0.332171
vt 0.365106 0.332171
vt 0.365106 0.333878
vt 0.457210 0.281771
vt 0.457210 0.293241
vt 0.454916 0.293241
vt 0.542432 0.293241
vt 0.542432 0.304711
vt 0.454916 0.304711
vt 0.452622 0.294948
vt 0.452622 0.293241
vt 0.362812 0.333878
vt 0.365106 0.371101
vt 0.362812 0.371101
vt 0.493846 0.324521
vt 0.493846 0.313051
vt 0.531069 0.313051
vt 0.531069 0.324521
vt 0.454916 0.294948
vt 0.454916 0.332171
vt 0.452622 0.332171
vt 0.456623 0.324521
vt 0.456623 0.313051
vt 0.493846 0.313051
vt 0.493846 0.324521
vt 0.454916 0.293241
vt 0.454916 0.281771
vt 0.531069 0.310627
vt 0.531069 0.308333
vt 0.542539 0.308333
vt 0.542539 0.310627
vt 0.454916 0.324521
vt 0.454916 0.313051
vt 0.454916 0.293241
vt 0.362812 0.332171
vt 0.542539 0.310627
vt 0.542539 0.313051
vt 0.531069 0.313051
vt 0.531069 0.310627
vt 0.876413 0.202737
vt 0.362812 0.202737
vt 0.362812 0.200312
vt 0.876413 0.200312
vt 0.362812 0.195462
vt 0.876413 0.195462
vt 0.876413 0.197887
vt 0.362812 0.197887
vt 0.531069 0.319672
vt 0.542539 0.319672
vt 0.542539 0.322097
vt 0.531069 0.322097
vt 0.362812 0.416981
vt 0.362812 0.405511
vt 0.876413 0.405511
vt 0.876413 0.416981
vt 0.876413 0.394041
vt 0.362812 0.394041
vt 0.362812 0.382571
vt 0.876413 0.382571
vt 0.531069 0.317247
vt 0.542539 0.317247
vt 0.542539 0.319672
vt 0.531069 0.319672
vt 0.362812 0.200312
vt 0.362812 0.197887
vt 0.876413 0.197887
vt 0.876413 0.200312
vt 0.876413 0.193037
vt 0.876413 0.195462
vt 0.362812 0.195462
vt 0.362812 0.193037
vt 0.542539 0.322097
vt 0.542539 0.324521
vt 0.531069 0.324521
vt 0.531069 0.322097
vt 0.362812 0.371101
vt 0.876413 0.371101
vt 0.876413 0.382571
vt 0.362812 0.382571
vt 0.876413 0.394041
vt 0.876413 0.405511
vt 0.362812 0.405511
vt 0.362812 0.394041
vt 0.537574 0.272008
vt 0.537574 0.273715
vt 0.531069 0.273715
vt 0.531069 0.272008
vt 0.362812 0.182795
vt 0.862410 0.182795
vt 0.862410 0.184502
vt 0.362812 0.184502
vt 0.862410 0.181088
vt 0.362812 0.181088
vt 0.362812 0.179380
vt 0.862410 0.179380
vt 0.537574 0.272008
vt 0.531069 0.272008
vt 0.531069 0.270301
vt 0.537574 0.270301
vt 0.863133 0.228254
vt 0.863133 0.234768
vt 0.362812 0.234769
vt 0.362812 0.228254
vt 0.362812 0.241283
vt 0.863133 0.241283
vt 0.863133 0.247797
vt 0.362812 0.247797
vt 0.537440 0.306625
vt 0.537440 0.308333
vt 0.531069 0.308333
vt 0.531069 0.306625
vt 0.362812 0.189623
vt 0.862444 0.189623
vt 0.862444 0.191330
vt 0.362812 0.191330
vt 0.862444 0.187916
vt 0.362812 0.187916
vt 0.362812 0.186209
vt 0.862444 0.186209
vt 0.537440 0.264006
vt 0.531069 0.264006
vt 0.531069 0.262299
vt 0.537440 0.262299
vt 0.863133 0.215496
vt 0.863133 0.221875
vt 0.362812 0.221875
vt 0.362812 0.215496
vt 0.362812 0.202737
vt 0.863133 0.202737
vt 0.863133 0.209116
vt 0.362812 0.209116
vt 0.537574 0.315540
vt 0.537574 0.317247
vt 0.531069 0.317247
vt 0.531069 0.315540
vt 0.362812 0.184502
vt 0.862410 0.184502
vt 0.862410 0.186209
vt 0.362812 0.186209
vt 0.862410 0.182795
vt 0.362812 0.182795
vt 0.362812 0.181088
vt 0.862410 0.181088
vt 0.537574 0.265713
vt 0.531069 0.265713
vt 0.531069 0.264006
vt 0.537574 0.264006
vt 0.863133 0.234769
vt 0.863133 0.241283
vt 0.362812 0.241283
vt 0.362812 0.234769
vt 0.362812 0.247797
vt 0.863133 0.247797
vt 0.863133 0.254311
vt 0.362812 0.254311
vt 0.537440 0.280064
vt 0.537440 0.281771
vt 0.531069 0.281771
vt 0.531069 0.280064
vt 0.362812 0.191330
vt 0.862444 0.191330
vt 0.862444 0.193037
vt 0.362812 0.193037
vt 0.862444 0.189623
vt 0.362812 0.189623
vt 0.362812 0.187916
vt 0.862444 0.187916
vt 0.537440 0.280064
vt 0.531069 0.280064
vt 0.531069 0.278357
vt 0.537440 0.278357
vt 0.863133 0.221875
vt 0.863133 0.228254
vt 0.362812 0.228254
vt 0.362812 0.221875
vt 0.362812 0.209116
vt 0.863133 0.209116
vt 0.863133 0.215496
vt 0.362812 0.215496
vn -1.0000 0.0000 0.0000
vn 0.0000 0.0000 -1.0000
vn 1.0000 0.0000 0.0000
vn 0.0000 0.0000 1.0000
vn 0.0000 -1.0000 0.0000
vn 0.0000 1.0000 0.0000
vn 0.9986 0.0538 0.0000
vn -0.0538 0.9986 0.0000
vn 0.0537 -0.9986 0.0000
vn -0.9986 -0.0538 0.0000
vn 0.9986 -0.0525 0.0000
vn -0.0525 -0.9986 0.0000
vn 0.0525 0.9986 0.0000
vn -0.9986 0.0525 0.0000
vn -0.0537 0.9986 0.0000
vn 0.0538 -0.9986 0.0000
vn 0.9986 -0.0524 0.0000
usemtl Metal_Brushed_mat_004
s off
f 45/85/31 38/86/31 40/87/31 46/88/31
f 46/89/32 40/90/32 44/91/32 47/92/32
f 47/93/33 44/94/33 42/95/33 48/96/33
f 48/97/34 42/98/34 38/99/34 45/100/34
f 39/101/35 43/102/35 41/103/35 37/104/35
f 44/105/36 40/106/36 38/107/36 42/108/36
f 41/109/34 48/97/34 45/100/34 37/110/34
f 43/111/33 47/93/33 48/96/33 41/112/33
f 37/113/31 45/85/31 46/88/31 39/114/31
f 51/115/31 39/114/31 46/88/31 58/116/31
f 55/117/35 43/102/35 39/101/35 51/118/35
f 58/119/36 46/120/36 47/121/36 59/122/36
f 59/123/33 47/93/33 43/111/33 55/124/33
f 57/125/31 58/116/31 52/126/31 50/127/31
f 58/128/34 59/129/34 56/130/34 52/131/34
f 59/123/33 60/132/33 54/133/33 56/134/33
f 60/135/32 57/136/32 50/137/32 54/138/32
f 51/118/35 49/139/35 53/140/35 55/117/35
f 56/141/36 54/142/36 50/143/36 52/144/36
f 53/145/32 49/146/32 57/136/32 60/135/32
f 55/124/33 53/140/33 60/132/33 59/123/33
f 49/147/31 51/115/31 58/116/31 57/125/31
f 69/148/31 62/149/31 64/150/31 70/151/31
f 70/152/32 64/153/32 68/154/32 71/155/32
f 71/156/33 68/157/33 66/158/33 72/159/33
f 72/160/34 66/161/34 62/162/34 69/163/34
f 63/164/35 67/165/35 65/166/35 61/167/35
f 68/168/36 64/169/36 62/170/36 66/171/36
f 65/172/34 72/160/34 69/163/34 61/173/34
f 67/174/33 71/156/33 72/159/33 65/175/33
f 61/176/31 69/148/31 70/151/31 63/177/31
f 75/178/31 63/177/31 70/151/31 82/179/31
f 79/180/35 67/165/35 63/164/35 75/181/35
f 82/182/36 70/183/36 71/184/36 83/185/36
f 83/186/33 71/156/33 67/174/33 79/187/33
f 81/188/31 82/179/31 76/189/31 74/190/31
f 82/191/34 83/192/34 80/193/34 76/194/34
f 83/186/33 84/195/33 78/196/33 80/197/33
f 84/198/32 81/199/32 74/200/32 78/201/32
f 75/181/35 73/202/35 77/203/35 79/180/35
f 80/204/36 78/205/36 74/206/36 76/207/36
f 77/208/32 73/209/32 81/199/32 84/198/32
f 79/187/33 77/210/33 84/195/33 83/186/33
f 73/211/31 75/178/31 82/179/31 81/188/31
f 86/212/33 88/213/33 87/214/33 85/215/33
f 92/216/32 88/217/32 86/218/32 90/219/32
f 89/220/34 85/221/34 87/222/34 91/223/34
f 90/224/31 89/225/31 91/226/31 92/227/31
f 92/228/36 91/229/36 87/230/36 88/231/36
f 90/232/35 86/233/35 85/234/35 89/235/35
f 94/236/33 93/237/33 95/238/33 96/239/33
f 100/240/34 98/241/34 94/242/34 96/243/34
f 97/244/32 99/245/32 95/246/32 93/247/32
f 98/248/31 100/249/31 99/250/31 97/251/31
f 100/252/36 96/253/36 95/254/36 99/255/36
f 98/256/35 97/257/35 93/258/35 94/259/35
f 102/260/37 104/261/37 103/262/37 101/263/37
f 108/264/38 104/265/38 102/266/38 106/267/38
f 105/268/39 101/269/39 103/270/39 107/271/39
f 106/272/40 105/273/40 107/274/40 108/275/40
f 108/276/34 107/277/34 103/278/34 104/279/34
f 106/280/32 102/281/32 101/282/32 105/283/32
f 110/284/41 112/285/41 111/286/41 109/287/41
f 116/288/42 112/289/42 110/290/42 114/291/42
f 113/292/43 109/293/43 111/294/43 115/295/43
f 114/296/44 113/297/44 115/298/44 116/299/44
f 116/300/32 115/301/32 111/302/32 112/303/32
f 114/304/34 110/305/34 109/306/34 113/307/34
f 118/308/37 120/309/37 119/310/37 117/311/37
f 124/312/45 120/313/45 118/314/45 122/315/45
f 121/316/46 117/317/46 119/318/46 123/319/46
f 122/320/40 121/321/40 123/322/40 124/323/40
f 124/324/34 123/325/34 119/326/34 120/327/34
f 122/328/32 118/329/32 117/330/32 121/331/32
f 126/332/47 128/333/47 127/334/47 125/335/47
f 132/336/42 128/337/42 126/338/42 130/339/42
f 129/340/43 125/341/43 127/342/43 131/343/43
f 130/344/44 129/345/44 131/346/44 132/347/44
f 132/348/32 131/349/32 127/350/32 128/351/32
f 130/352/34 126/353/34 125/354/34 129/355/34
o Cube.004_Cube.005
v 1.672011 0.315455 1.886569
v 1.672011 0.098636 1.886569
v 1.672011 0.098636 2.104361
v 1.672011 0.315455 2.104361
v 2.667805 0.315524 1.886569
v 2.667805 0.098636 1.886569
v 2.667805 0.098636 2.104361
v 2.667805 0.315524 2.104361
v 1.663114 0.315637 1.886592
v 1.663114 0.098454 1.886592
v 1.663114 0.098454 2.104337
v 1.663114 0.315637 2.104337
v 1.479393 0.368597 1.886592
v 1.479393 0.098454 1.886592
v 1.479393 0.098454 2.104337
v 1.479393 0.368597 2.104337
v 1.470274 0.368597 1.886569
v 1.470274 0.098454 1.886569
v 1.470274 0.098454 2.104337
v 1.470274 0.368597 2.104337
v 1.292111 0.368597 1.886569
v 1.292111 0.098454 1.886569
v 1.292111 0.098454 2.104337
v 1.292111 0.368597 2.104337
v 2.658491 0.315523 2.104361
v 2.658491 0.315523 1.886569
v 2.658491 0.098636 1.886569
v 2.658491 0.098636 2.104361
v 1.672011 0.315573 1.870162
v 1.672011 0.326770 1.881359
v 1.672011 0.320413 1.879380
v 1.672011 0.321171 1.871662
v 1.672011 0.325270 1.875761
v 1.672011 0.087321 1.881359
v 1.672011 0.098518 1.870162
v 1.672011 0.093678 1.879380
v 1.672011 0.088821 1.875761
v 1.672011 0.092919 1.871662
v 1.672011 0.098518 2.120767
v 1.672011 0.087321 2.109571
v 1.672011 0.093678 2.111550
v 1.672011 0.092919 2.119267
v 1.672011 0.088821 2.115169
v 1.672011 0.326770 2.109571
v 1.672011 0.315573 2.120767
v 1.672011 0.320413 2.111550
v 1.672011 0.325270 2.115169
v 1.672011 0.321171 2.119267
v 1.663114 0.326770 1.881359
v 1.663114 0.315573 1.870162
v 1.663114 0.320489 1.879431
v 1.663114 0.325270 1.875761
v 1.663114 0.321171 1.871662
v 1.663114 0.098518 1.870162
v 1.663114 0.087321 1.881359
v 1.663114 0.093602 1.879431
v 1.663114 0.092919 1.871662
v 1.663114 0.088821 1.875761
v 1.663114 0.087321 2.109571
v 1.663114 0.098518 2.120767
v 1.663114 0.093602 2.111498
v 1.663114 0.088821 2.115169
v 1.663114 0.092919 2.119267
v 1.663114 0.315573 2.120767
v 1.663114 0.326770 2.109571
v 1.663114 0.320489 2.111498
v 1.663114 0.321171 2.119267
v 1.663114 0.325270 2.115169
v 1.479393 0.368259 1.870162
v 1.479393 0.379456 1.881359
v 1.479393 0.373282 1.879503
v 1.479393 0.373857 1.871662
v 1.479393 0.377956 1.875761
v 1.479393 0.087594 1.881359
v 1.479393 0.098791 1.870162
v 1.479393 0.093768 1.879503
v 1.479393 0.089094 1.875761
v 1.479393 0.093193 1.871662
v 1.479393 0.098791 2.120767
v 1.479393 0.087594 2.109571
v 1.479393 0.093768 2.111426
v 1.479393 0.093193 2.119267
v 1.479393 0.089094 2.115169
v 1.479393 0.379456 2.109571
v 1.479393 0.368259 2.120767
v 1.479393 0.373282 2.111426
v 1.479393 0.377956 2.115169
v 1.479393 0.373857 2.119267
v 1.470274 0.379456 1.881359
v 1.470274 0.368259 1.870162
v 1.470274 0.373276 1.879499
v 1.470274 0.377956 1.875761
v 1.470274 0.373857 1.871662
v 1.470274 0.098791 1.870162
v 1.470274 0.087594 1.881359
v 1.470274 0.093774 1.879499
v 1.470274 0.093193 1.871662
v 1.470274 0.089094 1.875761
v 1.470274 0.087594 2.109571
v 1.470274 0.098791 2.120767
v 1.470274 0.093768 2.111426
v 1.470274 0.089094 2.115169
v 1.470274 0.093193 2.119267
v 1.470274 0.368259 2.120767
v 1.470274 0.379456 2.109571
v 1.470274 0.373282 2.111426
v 1.470274 0.373857 2.119267
v 1.470274 0.377956 2.115169
v 1.292111 0.368259 1.870173
v 1.292111 0.379456 1.881369
v 1.292111 0.373273 1.879508
v 1.292111 0.373857 1.871673
v 1.292111 0.377956 1.875771
v 1.292111 0.087594 1.881369
v 1.292111 0.098791 1.870173
v 1.292111 0.093777 1.879508
v 1.292111 0.089094 1.875771
v 1.292111 0.093193 1.871673
v 1.292111 0.098791 2.120733
v 1.292111 0.087594 2.109537
v 1.292111 0.093777 2.111398
v 1.292111 0.093193 2.119233
v 1.292111 0.089094 2.115135
v 1.292111 0.379456 2.109537
v 1.292111 0.368259 2.120733
v 1.292111 0.373273 2.111398
v 1.292111 0.377956 2.115135
v 1.292111 0.373857 2.119233
v 1.282193 0.379456 1.881369
v 1.282193 0.368259 1.870173
v 1.282193 0.377956 1.875771
v 1.282193 0.373857 1.871673
v 1.282193 0.098791 1.870173
v 1.282193 0.087594 1.881369
v 1.282193 0.093193 1.871673
v 1.282193 0.089094 1.875771
v 1.282193 0.087594 2.109537
v 1.282193 0.098791 2.120733
v 1.282193 0.089094 2.115135
v 1.282193 0.093193 2.119233
v 1.282193 0.368259 2.120733
v 1.282193 0.379456 2.109537
v 1.282193 0.373857 2.119233
v 1.282193 0.377956 2.115135
v 2.668065 0.315574 1.870162
v 2.668065 0.326770 1.881359
v 2.667919 0.320440 1.879397
v 2.668065 0.321172 1.871662
v 2.668065 0.325270 1.875761
v 2.668065 0.087594 1.881359
v 2.668065 0.098791 1.870162
v 2.667918 0.093845 1.879451
v 2.668065 0.089095 1.875761
v 2.668065 0.093193 1.871662
v 2.668065 0.098791 2.120735
v 2.668065 0.087594 2.109537
v 2.667918 0.093854 2.111451
v 2.668065 0.093193 2.119234
v 2.668065 0.089095 2.115135
v 2.668065 0.326770 2.109571
v 2.668065 0.315574 2.120766
v 2.667919 0.320440 2.111533
v 2.668065 0.325270 2.115169
v 2.668065 0.321172 2.119266
v 2.658231 0.315573 2.120766
v 2.658231 0.326770 2.109571
v 2.658377 0.320440 2.111533
v 2.658231 0.321171 2.119266
v 2.658231 0.325270 2.115169
v 2.658231 0.087594 2.109537
v 2.658231 0.098791 2.120735
v 2.658378 0.093854 2.111451
v 2.658231 0.089095 2.115135
v 2.658231 0.093193 2.119234
v 2.658231 0.326770 1.881359
v 2.658231 0.315573 1.870162
v 2.658377 0.320440 1.879397
v 2.658231 0.325270 1.875761
v 2.658231 0.321171 1.871662
v 2.658231 0.098791 1.870162
v 2.658231 0.087594 1.881359
v 2.658378 0.093845 1.879451
v 2.658231 0.093193 1.871662
v 2.658231 0.089095 1.875761
v 2.165251 0.315489 1.886569
v 2.165251 0.098636 1.886569
v 2.165251 0.315489 2.104361
v 2.165251 0.098636 2.104361
vt 0.281386 0.872813
vt 0.281386 0.812813
vt 0.284108 0.812813
vt 0.284108 0.872813
vt 0.256844 0.876083
vt 0.196814 0.876083
vt 0.196814 0.815804
vt 0.256844 0.815804
vt 0.440463 0.889708
vt 0.440463 0.829429
vt 0.441823 0.827444
vt 0.443575 0.827987
vt 0.443575 0.891150
vt 0.441823 0.891693
vt 0.380433 0.829429
vt 0.380433 0.889708
vt 0.379107 0.891678
vt 0.377377 0.891150
vt 0.377377 0.827996
vt 0.379110 0.827466
vt 0.380476 0.824897
vt 0.440476 0.824888
vt 0.440519 0.760068
vt 0.380509 0.760068
vt 0.379137 0.758078
vt 0.380476 0.755527
vt 0.440552 0.755527
vt 0.441892 0.758078
vt 0.130509 0.876077
vt 0.190620 0.876077
vt 0.191963 0.878059
vt 0.190603 0.880625
vt 0.130527 0.880625
vt 0.129167 0.878059
vt 0.380509 0.820347
vt 0.440519 0.820347
vt 0.441892 0.822337
vt 0.440552 0.824888
vt 0.380476 0.824888
vt 0.379137 0.822337
vt 0.377377 0.821789
vt 0.377377 0.758626
vt 0.443651 0.758626
vt 0.443651 0.821789
vt 0.190620 0.815811
vt 0.191963 0.813829
vt 0.193702 0.814362
vt 0.193702 0.877526
vt 0.130509 0.815811
vt 0.129167 0.813829
vt 0.130527 0.811264
vt 0.190603 0.811264
vt 0.127428 0.877526
vt 0.127428 0.814362
vt 0.312557 0.758532
vt 0.312557 0.833301
vt 0.310600 0.834596
vt 0.308016 0.833208
vt 0.308016 0.758626
vt 0.310600 0.757237
vt 0.372830 0.752521
vt 0.372830 0.677752
vt 0.374792 0.676456
vt 0.377377 0.677846
vt 0.377377 0.752428
vt 0.374792 0.753818
vt 0.312563 0.677752
vt 0.312563 0.752521
vt 0.310602 0.753818
vt 0.308016 0.752428
vt 0.308016 0.677846
vt 0.310602 0.676456
vt 0.311115 0.674747
vt 0.374278 0.674747
vt 0.374278 0.755527
vt 0.311115 0.755527
vt 0.372830 0.833301
vt 0.374792 0.834598
vt 0.374278 0.836307
vt 0.311115 0.836307
vt 0.372830 0.758532
vt 0.374792 0.757236
vt 0.377377 0.758626
vt 0.377377 0.833208
vt 0.311115 0.755527
vt 0.374278 0.755527
vt 0.432847 0.616005
vt 0.432847 0.541236
vt 0.434801 0.539941
vt 0.437385 0.541329
vt 0.437385 0.615911
vt 0.434801 0.617299
vt 0.377377 0.677846
vt 0.377793 0.676296
vt 0.378927 0.675162
vt 0.380476 0.674747
vt 0.443627 0.674747
vt 0.445177 0.675162
vt 0.446311 0.676296
vt 0.446727 0.677846
vt 0.446727 0.752428
vt 0.446311 0.753978
vt 0.445177 0.755112
vt 0.443627 0.755527
vt 0.380476 0.755527
vt 0.378927 0.755112
vt 0.377793 0.753978
vt 0.377377 0.752428
vt 0.372574 0.616005
vt 0.434286 0.619010
vt 0.371135 0.619010
vt 0.370620 0.617299
vt 0.372574 0.541236
vt 0.368036 0.615911
vt 0.368036 0.541329
vt 0.370620 0.539941
vt 0.371135 0.538230
vt 0.434286 0.538230
vt 0.258170 0.878054
vt 0.256801 0.880624
vt 0.196801 0.880624
vt 0.195454 0.878068
vt 0.443651 0.820230
vt 0.443651 0.757076
vt 0.446373 0.757076
vt 0.446373 0.820230
vt 0.193702 0.877525
vt 0.193702 0.814362
vt 0.195454 0.813819
vt 0.196801 0.811264
vt 0.256801 0.811272
vt 0.258167 0.813842
vt 0.259900 0.814371
vt 0.259900 0.877525
vt 0.440476 0.894249
vt 0.380476 0.894249
vt 0.278664 0.812813
vt 0.278664 0.875976
vt 0.275942 0.875976
vt 0.275942 0.812813
vt 0.278664 0.873947
vt 0.278664 0.813947
vt 0.281386 0.813947
vt 0.281386 0.873947
vt 0.442101 0.755942
vt 0.443236 0.757076
vt 0.377793 0.757076
vt 0.378927 0.755942
vt 0.378927 0.824473
vt 0.377793 0.823339
vt 0.443236 0.823339
vt 0.442101 0.824473
vt 0.193287 0.879075
vt 0.192152 0.880210
vt 0.128978 0.880210
vt 0.127843 0.879075
vt 0.127843 0.812813
vt 0.128978 0.811679
vt 0.192152 0.811679
vt 0.193287 0.812813
vt 0.376962 0.753978
vt 0.375828 0.755112
vt 0.375828 0.675162
vt 0.376962 0.676296
vt 0.308431 0.676296
vt 0.309566 0.675162
vt 0.309566 0.755112
vt 0.308431 0.753978
vt 0.309566 0.835892
vt 0.308431 0.834757
vt 0.308431 0.757076
vt 0.309566 0.755942
vt 0.375828 0.755942
vt 0.376962 0.757076
vt 0.376962 0.834757
vt 0.375828 0.835892
vt 0.436970 0.617461
vt 0.435835 0.618595
vt 0.435835 0.538646
vt 0.436970 0.539780
vt 0.368451 0.539780
vt 0.369585 0.538646
vt 0.369585 0.618595
vt 0.368451 0.617461
vt 0.195251 0.880209
vt 0.194117 0.879075
vt 0.259485 0.879075
vt 0.258350 0.880209
vt 0.258350 0.811687
vt 0.259485 0.812822
vt 0.194117 0.812813
vt 0.195251 0.811678
vt 0.442026 0.825303
vt 0.443160 0.826437
vt 0.377793 0.826447
vt 0.378927 0.825312
vt 0.443160 0.892700
vt 0.442026 0.893834
vt 0.378927 0.893834
vt 0.377793 0.892700
vt 0.284108 0.874363
vt 0.281386 0.874362
vt 0.284108 0.875497
vt 0.281386 0.875497
vt 0.278656 0.877526
vt 0.275935 0.877526
vt 0.446373 0.821780
vt 0.443651 0.821780
vt 0.446373 0.822914
vt 0.443651 0.822914
vt 0.281386 0.811264
vt 0.284108 0.811264
vt 0.278664 0.812398
vt 0.281386 0.812398
vt 0.278664 0.811264
vt 0.281386 0.811264
vt 0.275935 0.811264
vt 0.443651 0.755527
vt 0.446373 0.755527
vt 0.281386 0.876631
vt 0.278664 0.876631
vt 0.278664 0.875497
vt 0.281386 0.875497
vt 0.305554 0.875976
vt 0.305554 0.812813
vt 0.308016 0.812813
vt 0.308016 0.875976
vt 0.305547 0.813947
vt 0.305547 0.874023
vt 0.303084 0.874023
vt 0.303084 0.813947
vt 0.291625 0.812813
vt 0.291625 0.875976
vt 0.289162 0.875976
vt 0.289162 0.812813
vt 0.443575 0.899657
vt 0.443575 0.839546
vt 0.494425 0.824888
vt 0.494425 0.899657
vt 0.265390 0.888529
vt 0.265390 0.813947
vt 0.267914 0.813947
vt 0.267914 0.888529
vt 0.488234 0.612999
vt 0.488234 0.673266
vt 0.437385 0.673266
vt 0.437385 0.612999
vt 0.359116 0.836307
vt 0.359116 0.896573
vt 0.308016 0.896573
vt 0.308016 0.836307
vt 0.437385 0.598341
vt 0.437385 0.538230
vt 0.488234 0.538230
vt 0.488234 0.612999
vt 0.270438 0.813947
vt 0.270438 0.888529
vt 0.267914 0.888529
vt 0.267914 0.813947
vt 0.284115 0.875976
vt 0.284115 0.812813
vt 0.286638 0.812813
vt 0.286638 0.875976
vt 0.289162 0.812813
vt 0.289162 0.875976
vt 0.286638 0.875976
vt 0.286638 0.812813
vt 0.176732 0.880625
vt 0.176732 0.940898
vt 0.127428 0.940898
vt 0.127428 0.880625
vt 0.259900 0.888529
vt 0.259900 0.813947
vt 0.262645 0.813947
vt 0.262645 0.888529
vt 0.265390 0.813947
vt 0.265390 0.888529
vt 0.262645 0.888529
vt 0.262645 0.813947
vt 0.446727 0.824285
vt 0.446727 0.749516
vt 0.496038 0.749516
vt 0.496038 0.824285
vt 0.496038 0.674747
vt 0.496038 0.749516
vt 0.446727 0.749516
vt 0.446727 0.674747
vt 0.259900 0.880624
vt 0.259900 0.940897
vt 0.210589 0.940897
vt 0.210589 0.880624
vt 0.275935 0.812813
vt 0.275935 0.875964
vt 0.273190 0.875964
vt 0.273190 0.812813
vt 0.273182 0.812813
vt 0.273182 0.875964
vt 0.270438 0.875964
vt 0.270438 0.812813
vt 0.127428 0.674747
vt 0.187708 0.674747
vt 0.187708 0.811264
vt 0.127428 0.811264
vt 0.028905 0.500282
vt 0.028905 0.098511
vt 0.964710 0.098511
vt 0.964710 0.500346
vt 0.247987 0.674747
vt 0.308007 0.674747
vt 0.308016 0.811264
vt 0.247987 0.811264
vt 0.247987 0.674725
vt 0.187708 0.674725
vt 0.187708 0.538230
vt 0.247987 0.538230
vt 0.291625 0.877526
vt 0.289162 0.877526
vt 0.303084 0.811264
vt 0.305547 0.811264
vt 0.305547 0.812398
vt 0.303084 0.812398
vt 0.308009 0.877526
vt 0.305547 0.877526
vt 0.305547 0.876707
vt 0.303084 0.876707
vt 0.303084 0.875572
vt 0.305547 0.875572
vt 0.300622 0.874023
vt 0.303084 0.874023
vt 0.303084 0.875572
vt 0.300622 0.875572
vt 0.303084 0.876707
vt 0.300622 0.876707
vt 0.289162 0.811264
vt 0.291625 0.811264
vt 0.303084 0.813947
vt 0.300622 0.813947
vt 0.300622 0.812398
vt 0.303084 0.812398
vt 0.300622 0.811264
vt 0.303084 0.811264
vt 0.305547 0.811264
vt 0.308009 0.811264
vt 0.289162 0.877526
vt 0.286638 0.877526
vt 0.267914 0.811264
vt 0.270438 0.811264
vt 0.270438 0.812398
vt 0.267914 0.812398
vt 0.286631 0.877526
vt 0.284108 0.877526
vt 0.270438 0.891213
vt 0.267914 0.891213
vt 0.267914 0.890079
vt 0.270438 0.890079
vt 0.265390 0.812398
vt 0.267914 0.812398
vt 0.265390 0.811264
vt 0.267914 0.811264
vt 0.286638 0.811264
vt 0.289162 0.811264
vt 0.267914 0.890079
vt 0.265390 0.890079
vt 0.267914 0.891213
vt 0.265390 0.891213
vt 0.284108 0.811264
vt 0.286631 0.811264
vt 0.265390 0.890079
vt 0.262645 0.890079
vt 0.265390 0.891213
vt 0.262645 0.891213
vt 0.270445 0.811264
vt 0.273190 0.811264
vt 0.262645 0.890079
vt 0.259900 0.890079
vt 0.262645 0.891213
vt 0.259900 0.891213
vt 0.273190 0.877514
vt 0.270445 0.877514
vt 0.273190 0.811264
vt 0.275935 0.811264
vt 0.259900 0.811264
vt 0.262645 0.811264
vt 0.262645 0.812398
vt 0.259900 0.812398
vt 0.275935 0.877514
vt 0.273190 0.877514
vt 0.262645 0.811264
vt 0.265390 0.811264
vt 0.265390 0.812398
vt 0.262645 0.812398
vt 0.247987 0.811221
vt 0.187708 0.811221
vt 0.247987 0.538230
vt 0.307997 0.538230
vt 0.308026 0.538230
vt 0.368036 0.538230
vt 0.368036 0.674747
vt 0.308016 0.674747
vt 0.127428 0.538230
vt 0.187708 0.538230
vn 0.0000 -0.0001 1.0000
vn 1.0000 0.0000 0.0000
vn -0.9997 -0.0231 0.0000
vn -0.9997 0.0235 0.0000
vn -0.9999 0.0000 -0.0159
vn -1.0000 0.0000 0.0000
vn 0.9999 0.0000 0.0158
vn 0.0000 -1.0000 0.0000
vn 0.9997 -0.0231 0.0000
vn 0.9999 -0.0000 -0.0158
vn 0.9997 0.0235 0.0000
vn -0.9999 0.0000 0.0158
vn -0.0001 1.0000 0.0000
vn 0.0000 0.0000 -1.0000
vn 1.0000 -0.0001 0.0000
vn 0.9998 -0.0049 0.0184
vn 0.9997 -0.0172 0.0172
vn 0.9997 -0.0252 0.0067
vn 0.9996 0.0256 0.0069
vn 0.9997 0.0174 0.0174
vn 0.9998 0.0048 0.0184
vn 0.9998 0.0049 -0.0185
vn 0.9997 0.0175 -0.0174
vn 0.9996 0.0256 -0.0069
vn 0.9997 -0.0252 -0.0067
vn 0.9997 -0.0172 -0.0172
vn 0.9998 -0.0049 -0.0184
vn -0.9998 -0.0049 -0.0185
vn -0.9997 -0.0173 -0.0173
vn -0.9997 -0.0252 -0.0068
vn -0.9996 0.0256 -0.0069
vn -0.9997 0.0175 -0.0174
vn -0.9998 0.0049 -0.0185
vn -0.9997 -0.0252 0.0068
vn -0.9997 -0.0173 0.0173
vn -0.9998 -0.0049 0.0185
vn -0.9998 0.0050 0.0185
vn -0.9997 0.0174 0.0174
vn -0.9996 0.0256 0.0069
vn -0.0000 0.2587 0.9660
vn -0.0000 0.7071 0.7072
vn -0.0001 0.9659 0.2588
vn 0.0000 -0.9659 0.2588
vn 0.0000 -0.7072 0.7071
vn 0.0000 -0.2589 0.9659
vn -0.0000 0.2588 -0.9659
vn -0.0000 0.7071 -0.7071
vn -0.0001 0.9659 -0.2588
vn 0.0000 -0.9659 -0.2588
vn 0.0000 -0.7071 -0.7071
vn 0.0000 -0.2588 -0.9659
vn 0.6789 0.7280 0.0958
vn 0.6789 0.7280 -0.0958
vn -0.6789 0.7280 -0.0958
vn -0.6789 0.7280 0.0958
vn 0.6789 -0.0958 0.7280
vn 0.6789 0.0958 0.7280
vn -0.6789 0.0958 0.7280
vn -0.6789 -0.0958 0.7280
vn 0.6789 -0.7280 -0.0958
vn 0.6789 -0.7280 0.0958
vn -0.6789 -0.7280 0.0958
vn -0.6789 -0.7280 -0.0958
vn -0.9045 -0.3015 0.3015
vn -0.8731 0.3081 0.3779
vn 0.9330 0.2736 0.2338
vn 0.9045 -0.3015 0.3015
vn 0.6789 0.0958 -0.7280
vn 0.6789 -0.0958 -0.7280
vn -0.6789 -0.0958 -0.7280
vn -0.6789 0.0958 -0.7280
vn -0.9045 -0.3015 -0.3015
vn 0.9045 -0.3015 -0.3015
vn -0.8731 0.3081 -0.3779
vn 0.9330 0.2736 -0.2338
vn -0.9045 0.3015 0.3015
vn -0.9045 0.3015 -0.3015
vn 0.9045 0.3015 -0.3015
vn 0.9045 0.3015 0.3015
vn 0.0000 -0.7071 0.7071
vn -0.9094 -0.2916 -0.2966
vn -0.9094 -0.2916 0.2966
vn -0.0000 0.7071 0.7071
vn -0.9093 0.2918 0.2965
vn -0.9093 0.2918 -0.2965
vn 0.6532 -0.6557 0.3786
vn -0.6532 -0.6557 0.3786
vn 0.6532 -0.3786 0.6557
vn -0.6532 -0.3786 0.6557
vn -0.6532 0.6557 0.3786
vn 0.6532 0.6557 0.3786
vn -0.6532 0.3786 0.6557
vn 0.6532 0.3786 0.6557
vn 0.6532 -0.3786 -0.6557
vn -0.6532 -0.3786 -0.6557
vn 0.6532 -0.6557 -0.3786
vn -0.6532 -0.6557 -0.3786
vn -0.6532 0.3786 -0.6557
vn 0.6532 0.3786 -0.6557
vn -0.6532 0.6557 -0.3786
vn 0.6532 0.6557 -0.3786
usemtl Metal_01_vent03
s off
f 297/356/48 303/357/48 287/358/48 293/359/48
f 138/360/49 137/361/49 140/362/49 139/363/49
f 158/364/50 157/365/50 299/366/50 298/367/50 307/368/50 309/369/50
f 160/370/51 159/371/51 314/372/51 313/373/51 302/374/51 304/375/51
f 157/365/52 160/370/52 304/375/52 303/376/52 297/377/52 299/366/52
f 133/378/49 134/379/49 168/380/49 167/381/49 161/382/49 163/383/49
f 142/384/53 141/385/53 183/386/53 182/387/53 186/388/53 188/389/53
f 135/390/49 136/391/49 178/392/49 177/393/49 171/394/49 173/395/49
f 134/379/49 135/390/49 173/395/49 172/396/49 166/397/49 168/380/49
f 136/391/49 133/378/49 163/383/49 162/398/49 176/399/49 178/392/49
f 141/385/53 144/400/53 198/401/53 197/402/53 181/403/53 183/386/53
f 144/400/53 143/404/53 193/405/53 192/406/53 196/407/53 198/401/53
f 143/404/53 142/384/53 188/389/53 187/408/53 191/409/53 193/405/53
f 150/410/53 149/411/53 223/412/53 222/413/53 226/414/53 228/415/53
f 145/416/49 146/417/49 208/418/49 207/419/49 201/420/49 203/421/49
f 147/422/49 148/423/49 218/424/49 217/425/49 211/426/49 213/427/49
f 146/417/49 147/422/49 213/427/49 212/428/49 206/429/49 208/418/49
f 148/423/49 145/416/49 203/421/49 202/430/49 216/431/49 218/424/49
f 149/411/53 152/432/53 238/433/53 237/434/53 221/435/53 223/412/53
f 152/432/53 151/436/53 233/437/53 232/438/53 236/439/53 238/433/53
f 151/436/53 150/410/53 228/415/53 227/440/53 231/441/53 233/437/53
f 153/442/49 154/443/49 248/444/49 247/445/49 241/446/49 243/447/49
f 265/448/53 267/449/53 268/450/53 266/451/53 269/452/53 271/453/53 272/454/53 270/455/53 273/456/53 275/457/53 276/458/53 274/459/53 261/460/53 263/461/53 264/462/53 262/463/53
f 156/464/49 153/442/49 243/447/49 242/465/49 256/466/49 258/467/49
f 155/468/49 156/464/49 258/467/49 257/469/49 251/470/49 253/471/49
f 154/443/49 155/468/49 253/471/49 252/472/49 246/473/49 248/444/49
f 137/361/54 138/360/54 284/474/54 283/475/54 277/476/54 279/477/54
f 302/478/55 313/479/55 282/480/55 288/481/55
f 140/362/56 137/361/56 279/477/56 278/482/56 292/483/56 294/484/56
f 139/363/57 140/362/57 294/484/57 293/485/57 287/486/57 289/487/57
f 138/360/58 139/363/58 289/487/58 288/488/58 282/489/58 284/474/58
f 159/371/59 158/364/59 309/369/59 308/490/59 312/491/59 314/372/59
f 307/492/60 298/493/60 292/494/60 278/495/60
f 312/496/61 308/497/61 277/498/61 283/499/61
f 161/382/49 164/500/49 163/383/49
f 164/500/49 165/501/49 163/383/49
f 165/501/49 162/398/49 163/383/49
f 166/397/49 169/502/49 168/380/49
f 169/502/49 170/503/49 168/380/49
f 170/503/49 167/381/49 168/380/49
f 171/394/49 174/504/49 173/395/49
f 174/504/49 175/505/49 173/395/49
f 175/505/49 172/396/49 173/395/49
f 176/399/49 179/506/49 178/392/49
f 179/506/49 180/507/49 178/392/49
f 180/507/49 177/393/49 178/392/49
f 181/403/53 184/508/53 183/386/53
f 184/508/53 185/509/53 183/386/53
f 185/509/53 182/387/53 183/386/53
f 186/388/53 189/510/53 188/389/53
f 189/510/53 190/511/53 188/389/53
f 190/511/53 187/408/53 188/389/53
f 191/409/53 194/512/53 193/405/53
f 194/512/53 195/513/53 193/405/53
f 195/513/53 192/406/53 193/405/53
f 196/407/53 199/514/53 198/401/53
f 199/514/53 200/515/53 198/401/53
f 200/515/53 197/402/53 198/401/53
f 201/420/49 204/516/49 203/421/49
f 204/516/49 205/517/49 203/421/49
f 205/517/49 202/430/49 203/421/49
f 206/429/49 209/518/49 208/418/49
f 209/518/49 210/519/49 208/418/49
f 210/519/49 207/419/49 208/418/49
f 211/426/49 214/520/49 213/427/49
f 214/520/49 215/521/49 213/427/49
f 215/521/49 212/428/49 213/427/49
f 216/431/49 219/522/49 218/424/49
f 219/522/62 220/523/62 218/424/62
f 220/523/49 217/425/49 218/424/49
f 221/435/53 224/524/53 223/412/53
f 224/524/53 225/525/53 223/412/53
f 225/525/53 222/413/53 223/412/53
f 226/414/53 229/526/53 228/415/53
f 229/526/53 230/527/53 228/415/53
f 230/527/53 227/440/53 228/415/53
f 231/441/53 234/528/53 233/437/53
f 234/528/53 235/529/53 233/437/53
f 235/529/53 232/438/53 233/437/53
f 236/439/53 239/530/53 238/433/53
f 239/530/53 240/531/53 238/433/53
f 240/531/53 237/434/53 238/433/53
f 241/446/49 244/532/49 243/447/49
f 244/532/49 245/533/49 243/447/49
f 245/533/49 242/465/49 243/447/49
f 246/473/49 249/534/49 248/444/49
f 249/534/62 250/535/62 248/444/62
f 250/535/49 247/445/49 248/444/49
f 251/470/49 254/536/49 253/471/49
f 254/536/49 255/537/49 253/471/49
f 255/537/49 252/472/49 253/471/49
f 256/466/49 259/538/49 258/467/49
f 259/538/49 260/539/49 258/467/49
f 260/539/49 257/469/49 258/467/49
f 277/476/63 280/540/63 279/477/63
f 280/540/64 281/541/64 279/477/64
f 281/541/65 278/482/65 279/477/65
f 282/489/66 285/542/66 284/474/66
f 285/542/67 286/543/67 284/474/67
f 286/543/68 283/475/68 284/474/68
f 287/486/69 290/544/69 289/487/69
f 290/544/70 291/545/70 289/487/70
f 291/545/71 288/488/71 289/487/71
f 292/483/72 295/546/72 294/484/72
f 295/546/73 296/547/73 294/484/73
f 296/547/74 293/485/74 294/484/74
f 297/377/75 300/548/75 299/366/75
f 300/548/76 301/549/76 299/366/76
f 301/549/77 298/367/77 299/366/77
f 302/374/78 305/550/78 304/375/78
f 305/550/79 306/551/79 304/375/79
f 306/551/80 303/376/80 304/375/80
f 307/368/81 310/552/81 309/369/81
f 310/552/82 311/553/82 309/369/82
f 311/553/83 308/490/83 309/369/83
f 312/491/84 315/554/84 314/372/84
f 315/554/85 316/555/85 314/372/85
f 316/555/86 313/373/86 314/372/86
f 297/356/87 293/359/87 296/556/87 300/557/87
f 300/557/88 296/556/88 295/558/88 301/559/88
f 301/560/89 295/561/89 292/494/89 298/493/89
f 302/478/90 288/481/90 291/562/90 305/563/90
f 305/563/91 291/562/91 290/564/91 306/565/91
f 306/566/92 290/567/92 287/358/92 303/357/92
f 277/498/93 308/497/93 311/568/93 280/569/93
f 280/569/94 311/568/94 310/570/94 281/571/94
f 281/572/95 310/570/95 307/492/95 278/495/95
f 282/480/96 313/479/96 316/573/96 285/574/96
f 285/575/97 316/576/97 315/577/97 286/578/97
f 286/578/98 315/577/98 312/496/98 283/499/98
s 1
f 176/579/99 162/580/100 181/581/101 197/582/102
f 171/583/103 177/584/104 196/585/105 192/586/106
f 166/587/107 172/588/108 191/589/109 187/590/110
f 143/591/111 144/592/112 148/593/113 147/594/114
f 201/595/115 207/596/116 226/597/117 222/598/118
f 142/599/119 143/600/111 147/601/114 146/602/120
f 144/603/112 141/604/121 145/605/122 148/606/113
f 141/607/121 142/608/119 146/609/120 145/610/122
f 211/611/103 217/612/104 236/613/105 232/614/106
f 216/615/99 202/616/100 221/617/101 237/618/102
f 206/619/107 212/620/108 231/621/109 227/622/110
f 152/623/123 149/624/124 153/625/125 156/626/126
f 241/627/115 247/628/116 265/629/117 262/630/118
f 251/631/103 257/632/104 273/633/105 270/634/106
f 149/635/124 150/636/119 154/637/120 153/638/125
f 151/639/111 152/640/123 156/641/126 155/642/114
f 150/643/119 151/644/111 155/645/114 154/646/120
f 246/647/107 252/648/108 269/649/109 266/650/110
f 256/651/99 242/652/100 261/653/101 274/654/102
f 320/655/127 318/656/97 159/657/128 160/658/129
f 319/659/130 320/660/127 160/661/129 157/662/131
f 318/663/97 317/664/94 158/665/132 159/666/128
f 317/667/94 319/668/130 157/669/131 158/670/132
f 191/589/109 172/588/108 175/671/133 194/672/134
f 194/673/134 175/674/133 174/675/135 195/676/136
f 195/676/136 174/675/135 171/583/103 192/586/106
f 176/579/99 197/582/102 200/677/137 179/678/138
f 179/679/138 200/680/137 199/681/139 180/682/140
f 180/682/140 199/681/139 196/585/105 177/584/104
f 186/683/117 167/684/116 170/685/141 189/686/142
f 189/686/142 170/685/141 169/687/143 190/688/144
f 190/689/144 169/690/143 166/587/107 187/590/110
f 161/691/115 182/692/118 185/693/145 164/694/146
f 164/694/146 185/693/145 184/695/147 165/696/148
f 165/697/148 184/698/147 181/581/101 162/580/100
f 231/621/109 212/620/108 215/699/133 234/700/134
f 234/701/134 215/702/133 214/703/135 235/704/136
f 235/704/136 214/703/135 211/611/103 232/614/106
f 216/615/99 237/618/102 240/705/137 219/706/138
f 219/707/138 240/708/137 239/709/139 220/710/140
f 220/710/140 239/709/139 236/613/105 217/612/104
f 226/597/117 207/596/116 210/711/141 229/712/142
f 229/712/142 210/711/141 209/713/143 230/714/144
f 230/715/144 209/716/143 206/619/107 227/622/110
f 201/595/115 222/598/118 225/717/145 204/718/146
f 204/718/146 225/717/145 224/719/147 205/720/148
f 205/721/148 224/722/147 221/617/101 202/616/100
f 273/633/105 257/632/104 260/723/140 275/724/139
f 275/724/139 260/723/140 259/725/138 276/726/137
f 276/727/137 259/728/138 256/651/99 274/654/102
f 241/627/115 262/630/118 264/729/145 244/730/146
f 244/730/146 264/729/145 263/731/147 245/732/148
f 245/733/148 263/734/147 261/653/101 242/652/100
f 246/647/107 266/650/110 268/735/144 249/736/143
f 249/737/143 268/738/144 267/739/142 250/740/141
f 250/740/141 267/739/142 265/629/117 247/628/116
f 269/649/109 252/648/108 255/741/133 271/742/134
f 271/743/134 255/744/133 254/745/135 272/746/136
f 272/746/136 254/745/135 251/631/103 270/634/106
f 161/691/115 167/684/116 186/683/117 182/692/118
f 133/747/125 136/748/126 319/668/130 317/667/94
f 134/749/120 133/750/125 317/664/94 318/663/97
f 136/751/126 135/752/114 320/753/127 319/754/130
f 135/755/114 134/756/120 318/656/97 320/655/127
o Cube.012_Cube
v 1.419439 0.063914 1.677176
v 1.419439 0.363212 1.677176
v 1.419439 0.063914 1.131121
v 1.419439 0.363212 1.131121
v 1.537739 0.063914 1.677176
v 1.537739 0.363212 1.677176
v 1.537739 0.063914 1.131121
v 1.537739 0.363212 1.131121
v 1.548657 0.363158 1.131097
v 1.548657 0.063967 1.131097
v 1.548657 0.063967 1.677199
v 1.548657 0.363158 1.677199
v 1.786221 0.160844 1.131097
v 1.786221 0.063967 1.131097
v 1.786221 0.063967 1.677199
v 1.786221 0.160844 1.677199
v 1.415471 0.055128 1.124969
v 1.415471 0.062044 1.118053
v 1.417161 0.058870 1.123619
v 1.415471 0.056055 1.121511
v 1.415471 0.058586 1.118980
v 1.415471 0.062044 1.690243
v 1.415471 0.055128 1.683327
v 1.417161 0.058870 1.684677
v 1.415471 0.058586 1.689316
v 1.415471 0.056055 1.686785
v 1.415471 0.371997 1.683327
v 1.415471 0.365081 1.690243
v 1.417161 0.368255 1.684677
v 1.415471 0.371070 1.686785
v 1.415471 0.368539 1.689316
v 1.415471 0.365081 1.118053
v 1.415471 0.371997 1.124969
v 1.417161 0.368255 1.123619
v 1.415471 0.368539 1.118980
v 1.415471 0.371070 1.121511
v 1.541707 0.371997 1.124969
v 1.541707 0.365081 1.118053
v 1.540017 0.368255 1.123619
v 1.541707 0.371070 1.121511
v 1.541707 0.368539 1.118980
v 1.541707 0.062044 1.118053
v 1.541707 0.055128 1.124969
v 1.540017 0.058870 1.123619
v 1.541707 0.058586 1.118980
v 1.541707 0.056055 1.121511
v 1.541707 0.055128 1.683327
v 1.541707 0.062044 1.690243
v 1.540017 0.058870 1.684677
v 1.541707 0.056055 1.686785
v 1.541707 0.058586 1.689316
v 1.541707 0.365081 1.690243
v 1.541707 0.371997 1.683327
v 1.540017 0.368255 1.684677
v 1.541707 0.368539 1.689316
v 1.541707 0.371070 1.686785
v 1.408521 0.062044 1.118053
v 1.408521 0.055128 1.124969
v 1.408521 0.058586 1.118980
v 1.408521 0.056055 1.121511
v 1.408521 0.055128 1.683327
v 1.408521 0.062044 1.690243
v 1.408521 0.056055 1.686785
v 1.408521 0.058586 1.689316
v 1.408521 0.365081 1.690243
v 1.408521 0.371997 1.683327
v 1.408521 0.368539 1.689316
v 1.408521 0.371070 1.686785
v 1.408521 0.371997 1.124969
v 1.408521 0.365081 1.118053
v 1.408521 0.371070 1.121511
v 1.408521 0.368539 1.118980
v 1.548657 0.365081 1.118053
v 1.548657 0.371997 1.124969
v 1.548657 0.368117 1.123779
v 1.548657 0.368539 1.118980
v 1.548657 0.371070 1.121511
v 1.548657 0.055128 1.124969
v 1.548657 0.062044 1.118053
v 1.548657 0.059008 1.123779
v 1.548657 0.056055 1.121511
v 1.548657 0.058586 1.118980
v 1.548657 0.062044 1.690243
v 1.548657 0.055128 1.683327
v 1.548657 0.059008 1.684518
v 1.548657 0.058586 1.689316
v 1.548657 0.056055 1.686785
v 1.548657 0.371997 1.683327
v 1.548657 0.365081 1.690243
v 1.548657 0.368117 1.684518
v 1.548657 0.371070 1.686785
v 1.548657 0.368539 1.689316
vt 0.136268 0.613183
vt 0.136268 0.498044
vt 0.137332 0.496463
vt 0.138121 0.496747
vt 0.138121 0.614480
vt 0.137332 0.614765
vt 0.238101 0.558375
vt 0.238101 0.621484
vt 0.213157 0.621484
vt 0.213157 0.558375
vt 0.305485 0.375903
vt 0.305485 0.439800
vt 0.304019 0.439800
vt 0.304019 0.375903
vt 0.213157 0.558375
vt 0.213157 0.621484
vt 0.188212 0.621484
vt 0.188212 0.558375
vt 0.271748 0.374640
vt 0.296692 0.374640
vt 0.296692 0.489779
vt 0.271748 0.489779
vt 0.288395 0.495289
vt 0.313340 0.495289
vt 0.313340 0.610428
vt 0.288395 0.610428
vt 0.073160 0.498044
vt 0.072096 0.496463
vt 0.072766 0.495289
vt 0.136663 0.495289
vt 0.308416 0.375903
vt 0.308416 0.439800
vt 0.306950 0.439800
vt 0.306950 0.375903
vt 0.301088 0.493102
vt 0.301088 0.375369
vt 0.302554 0.375369
vt 0.302554 0.493102
vt 0.301088 0.375369
vt 0.301088 0.493102
vt 0.299623 0.493102
vt 0.299623 0.375369
vt 0.298157 0.493102
vt 0.298157 0.375369
vt 0.299623 0.375369
vt 0.299623 0.493102
vt 0.302554 0.439800
vt 0.302554 0.375903
vt 0.304019 0.375903
vt 0.304019 0.439800
vt 0.204934 0.376098
vt 0.205130 0.375369
vt 0.205663 0.374835
vt 0.206392 0.374640
vt 0.270289 0.374640
vt 0.271018 0.374835
vt 0.271552 0.375369
vt 0.271748 0.376098
vt 0.271748 0.493831
vt 0.271552 0.494560
vt 0.271018 0.495094
vt 0.270289 0.495289
vt 0.206392 0.495289
vt 0.205663 0.495094
vt 0.205130 0.494560
vt 0.204934 0.493831
vt 0.305485 0.439800
vt 0.305485 0.375903
vt 0.306950 0.375903
vt 0.306950 0.439800
vt 0.203070 0.377390
vt 0.139985 0.377390
vt 0.138939 0.375847
vt 0.139579 0.374640
vt 0.203476 0.374640
vt 0.204116 0.375847
vt 0.603785 0.850942
vt 0.141826 0.850942
vt 0.141826 0.679800
vt 0.603785 0.679800
vt 0.136268 0.377395
vt 0.073160 0.377395
vt 0.072096 0.375813
vt 0.072766 0.374640
vt 0.136663 0.374640
vt 0.137332 0.375813
vt 0.073160 0.492534
vt 0.072096 0.494116
vt 0.071307 0.493831
vt 0.071307 0.376098
vt 0.298157 0.375369
vt 0.298157 0.493102
vt 0.296692 0.493102
vt 0.296692 0.375369
vt 0.073160 0.613183
vt 0.136663 0.615938
vt 0.072766 0.615938
vt 0.072096 0.614765
vt 0.136268 0.492534
vt 0.138121 0.376098
vt 0.138121 0.493831
vt 0.137332 0.494116
vt 0.136663 0.495289
vt 0.072766 0.495289
vt 0.203070 0.492539
vt 0.204934 0.376098
vt 0.204934 0.493831
vt 0.204116 0.494082
vt 0.139985 0.492539
vt 0.203476 0.495289
vt 0.139579 0.495289
vt 0.138939 0.494082
vt 0.138121 0.493831
vt 0.138121 0.376098
vt 0.639431 0.054397
vt 0.816201 0.054397
vt 0.816201 0.876385
vt 0.639431 0.876385
vt 0.238304 0.558375
vt 0.238304 0.495289
vt 0.288395 0.537948
vt 0.288395 0.558375
vt 0.238304 0.495289
vt 0.238304 0.558375
vt 0.188212 0.558375
vt 0.188212 0.537948
vt 0.138121 0.610438
vt 0.138121 0.495289
vt 0.188212 0.495289
vt 0.188212 0.610438
vt 0.071307 0.496747
vt 0.071503 0.496018
vt 0.072037 0.495484
vt 0.072037 0.615743
vt 0.071503 0.615209
vt 0.071307 0.614480
vt 0.137925 0.615209
vt 0.137392 0.615743
vt 0.137392 0.495484
vt 0.137925 0.496018
vt 0.137925 0.494560
vt 0.137392 0.495094
vt 0.072037 0.495094
vt 0.071503 0.494560
vt 0.071503 0.375369
vt 0.072037 0.374835
vt 0.137392 0.374835
vt 0.137925 0.375369
vt 0.204205 0.374835
vt 0.204739 0.375369
vt 0.138316 0.375369
vt 0.138850 0.374835
vt 0.138850 0.495094
vt 0.138316 0.494560
vt 0.204739 0.494560
vt 0.204205 0.495094
vt 0.304019 0.440529
vt 0.302554 0.440529
vt 0.304019 0.441063
vt 0.302554 0.441063
vt 0.298157 0.374640
vt 0.299623 0.374640
vt 0.305485 0.440529
vt 0.304019 0.440529
vt 0.305485 0.441063
vt 0.304019 0.441063
vt 0.299623 0.493831
vt 0.298157 0.493831
vt 0.304019 0.375174
vt 0.305485 0.375174
vt 0.304019 0.374640
vt 0.305485 0.374640
vt 0.298157 0.493831
vt 0.296692 0.493831
vt 0.302554 0.375174
vt 0.304019 0.375174
vt 0.302554 0.374640
vt 0.304019 0.374640
vt 0.296692 0.374640
vt 0.298157 0.374640
vt 0.302554 0.493831
vt 0.301088 0.493831
vt 0.305485 0.374640
vt 0.306950 0.374640
vt 0.306950 0.375174
vt 0.305485 0.375174
vt 0.301088 0.493831
vt 0.299623 0.493831
vt 0.306950 0.441063
vt 0.305485 0.441063
vt 0.305485 0.440529
vt 0.306950 0.440529
vt 0.306950 0.375174
vt 0.308416 0.375174
vt 0.306950 0.374640
vt 0.308416 0.374640
vt 0.301088 0.374640
vt 0.302554 0.374640
vt 0.308416 0.440529
vt 0.306950 0.440529
vt 0.308416 0.441063
vt 0.306950 0.441063
vt 0.299623 0.374640
vt 0.301088 0.374640
vn 0.7865 0.4722 0.3980
vn 0.7865 0.4722 -0.3980
vn 0.9511 0.2439 -0.1894
vn 0.5166 0.8498 -0.1039
vn 0.5166 0.8499 0.1039
vn 0.9511 0.2439 0.1894
vn 0.7865 -0.4722 -0.3980
vn -0.7865 0.4722 -0.3980
vn -0.7865 -0.4722 -0.3980
vn 0.5673 -0.0991 0.8175
vn 0.5673 0.0991 0.8175
vn -0.6789 0.0958 0.7280
vn -0.6789 -0.0958 0.7280
vn -0.7865 -0.4722 0.3980
vn -0.7865 0.4722 0.3980
vn 0.7865 -0.4722 0.3980
vn 0.9511 -0.2439 -0.1894
vn 0.5673 -0.0991 -0.8175
vn 0.5673 0.0991 -0.8175
vn -0.5673 -0.0991 -0.8175
vn -0.5673 0.0991 -0.8175
vn 0.6789 0.0958 -0.7280
vn 0.6789 -0.0958 -0.7280
vn -0.5166 -0.8499 0.1039
vn -0.5166 -0.8499 -0.1039
vn 0.6789 -0.7280 -0.0958
vn 0.6789 -0.7280 0.0958
vn -0.5166 0.8499 -0.1039
vn -0.5166 0.8499 0.1039
vn 0.6789 0.7280 0.0958
vn 0.6789 0.7280 -0.0958
vn -0.6789 0.7280 -0.0958
vn -0.6789 0.7280 0.0958
vn -0.6789 -0.0958 -0.7280
vn -0.6789 0.0958 -0.7280
vn -0.6789 -0.7280 0.0958
vn -0.6532 -0.6557 0.3786
vn -0.6532 -0.3786 0.6557
vn -0.6532 0.3786 0.6557
vn -0.6532 0.6557 0.3786
vn -0.6532 0.6557 -0.3786
vn -0.6532 0.3786 -0.6557
vn -0.6532 -0.3786 -0.6557
vn -0.6532 -0.6557 -0.3786
vn -0.6789 -0.7280 -0.0958
vn -0.5673 0.0991 0.8175
vn -0.5673 -0.0991 0.8175
vn 0.6789 -0.0958 0.7280
vn 0.6789 0.0958 0.7280
vn 0.9684 0.2021 -0.1462
vn 0.9045 -0.3015 -0.3015
vn 1.0000 0.0000 0.0000
vn 0.9684 0.2021 0.1462
vn 0.7096 0.3277 0.6238
vn 0.7096 0.3277 -0.6238
vn -0.9511 -0.2439 0.1894
vn -0.9511 0.2439 0.1894
vn -0.9511 -0.2439 -0.1894
vn 0.5166 -0.8499 -0.1039
vn 0.5166 -0.8498 0.1039
vn 0.9511 -0.2439 0.1894
vn -0.9511 0.2439 -0.1894
vn 0.9045 -0.3015 0.3015
vn 0.5773 -0.5773 -0.5773
vn 0.5773 -0.5773 0.5773
vn 0.4954 -0.7505 -0.4373
vn 0.5230 -0.4156 -0.7441
vn 0.5230 -0.4156 0.7441
vn 0.4954 -0.7505 0.4373
vn 0.4954 0.7505 0.4373
vn 0.5230 0.4156 0.7441
vn 0.5230 0.4156 -0.7441
vn 0.4954 0.7505 -0.4373
vn -0.4954 0.7505 -0.4373
vn -0.5230 0.4156 -0.7441
vn -0.5230 -0.4156 -0.7441
vn -0.4954 -0.7505 -0.4373
vn -0.4954 -0.7505 0.4373
vn -0.5230 -0.4156 0.7441
vn -0.5230 0.4156 0.7441
vn -0.4954 0.7505 0.4373
vn 0.6532 0.3786 -0.6557
vn 0.6532 0.6557 -0.3786
vn 0.6532 -0.6557 -0.3786
vn 0.6532 -0.3786 -0.6557
vn 0.6532 -0.3786 0.6557
vn 0.6532 -0.6557 0.3786
vn 0.6532 0.6557 0.3786
vn 0.6532 0.3786 0.6557
usemtl Metal_01_vent02
s 1
f 322/757/149 324/758/150 354/759/151 353/760/152 347/761/153 349/762/154
f 323/763/155 324/764/150 328/765/156 327/766/157
f 342/767/158 348/768/159 385/769/160 382/770/161
f 325/771/162 326/772/163 322/773/149 321/774/164
f 323/775/155 327/776/157 325/777/162 321/778/164
f 328/779/156 324/780/150 322/781/149 326/782/163
f 324/758/150 323/783/155 339/784/165 338/785/166 352/786/167 354/759/151
f 362/787/168 358/788/169 393/789/170 399/790/171
f 367/791/172 363/792/173 398/793/174 404/794/175
f 357/795/176 373/796/177 408/797/178 394/798/179
f 347/799/153 353/800/152 389/801/180 386/802/181
f 352/803/167 338/804/166 377/805/182 390/806/183
f 381/807/184 383/808/185 384/809/186 382/810/161 385/811/160 387/812/187 388/813/188 386/814/181 389/815/180 391/816/189 392/817/190 390/818/183 377/819/182 379/820/191 380/821/192 378/822/193
f 372/823/194 368/824/195 403/825/196 409/826/197
f 329/827/198 330/828/199 400/829/200 399/830/171 393/831/170 395/832/200
f 329/833/198 332/834/201 336/835/202 333/836/203
f 326/837/163 325/838/162 369/839/204 368/840/195 372/841/194 374/842/205
f 325/838/162 327/843/157 364/844/206 363/845/173 367/846/172 369/839/204
f 337/847/207 343/848/208 381/849/184 378/850/193
f 321/851/164 322/757/149 349/762/154 348/852/159 342/853/158 344/854/209
f 328/855/156 326/837/163 374/842/205 373/856/177 357/857/176 359/858/210
f 327/843/157 328/855/156 359/858/210 358/859/169 362/860/168 364/844/206
f 332/861/201 329/827/198 395/832/200 394/862/179 408/863/178 410/864/200
f 331/865/211 332/861/201 410/864/200 409/866/197 403/867/196 405/868/200
f 330/828/199 331/865/211 405/868/200 404/869/175 398/870/174 400/829/200
f 334/871/212 333/872/203 336/873/202 335/874/213
f 330/875/199 329/876/198 333/877/203 334/878/212
f 332/879/201 331/880/211 335/881/213 336/882/202
f 331/883/211 330/884/199 334/885/212 335/886/213
f 337/887/207 340/888/214 339/784/165
f 340/888/214 341/889/215 339/784/165
f 341/889/215 338/785/166 339/784/165
f 342/853/158 345/890/216 344/854/209
f 345/890/216 346/891/217 344/854/209
f 346/891/217 343/892/208 344/854/209
f 347/761/153 350/893/218 349/762/154
f 350/893/218 351/894/219 349/762/154
f 351/894/219 348/852/159 349/762/154
f 352/786/167 355/895/220 354/759/151
f 355/895/220 356/896/221 354/759/151
f 356/896/221 353/760/152 354/759/151
f 357/857/176 360/897/222 359/858/210
f 360/897/222 361/898/223 359/858/210
f 361/898/223 358/859/169 359/858/210
f 362/860/168 365/899/224 364/844/206
f 365/899/224 366/900/225 364/844/206
f 366/900/225 363/845/173 364/844/206
f 367/846/172 370/901/226 369/839/204
f 370/901/226 371/902/227 369/839/204
f 371/902/227 368/840/195 369/839/204
f 372/841/194 375/903/228 374/842/205
f 375/903/228 376/904/229 374/842/205
f 376/904/229 373/856/177 374/842/205
f 393/831/170 396/905/230 395/832/200
f 396/905/230 397/906/231 395/832/200
f 397/906/231 394/862/179 395/832/200
f 398/870/174 401/907/232 400/829/200
f 401/907/232 402/908/233 400/829/200
f 402/908/233 399/830/171 400/829/200
f 403/867/196 406/909/234 405/868/200
f 406/909/234 407/910/235 405/868/200
f 407/910/235 404/869/175 405/868/200
f 408/863/178 411/911/236 410/864/200
f 411/911/236 412/912/237 410/864/200
f 412/912/237 409/866/197 410/864/200
f 352/803/167 390/806/183 392/913/190 355/914/220
f 355/914/220 392/913/190 391/915/189 356/916/221
f 356/917/221 391/918/189 389/801/180 353/800/152
f 385/769/160 348/768/159 351/919/219 387/920/187
f 387/920/187 351/919/219 350/921/218 388/922/188
f 388/923/188 350/924/218 347/799/153 386/802/181
f 342/767/158 382/770/161 384/925/186 345/926/216
f 345/926/216 384/925/186 383/927/185 346/928/217
f 346/929/217 383/930/185 381/849/184 343/848/208
f 377/805/182 338/804/166 341/931/215 379/932/191
f 379/932/191 341/931/215 340/933/214 380/934/192
f 380/935/192 340/936/214 337/847/207 378/850/193
f 367/791/172 404/794/175 407/937/235 370/938/226
f 370/939/226 407/940/235 406/941/234 371/942/227
f 371/942/227 406/941/234 403/825/196 368/824/195
f 408/797/178 373/796/177 376/943/229 411/944/236
f 411/945/236 376/946/229 375/947/228 412/948/237
f 412/948/237 375/947/228 372/823/194 409/826/197
f 362/787/168 399/790/171 402/949/233 365/950/224
f 365/950/224 402/949/233 401/951/232 366/952/225
f 366/953/225 401/954/232 398/793/174 363/792/173
f 393/789/170 358/788/169 361/955/223 396/956/230
f 396/956/230 361/955/223 360/957/222 397/958/231
f 397/959/231 360/960/222 357/795/176 394/798/179
f 323/783/155 321/851/164 344/854/209 343/892/208 337/887/207 339/784/165
o Cylinder.001
v 1.425808 0.090071 1.679018
v 1.569513 0.090071 1.679018
v 1.425808 0.088362 1.679358
v 1.569513 0.088362 1.679358
v 1.425808 0.086913 1.680326
v 1.569513 0.086913 1.680326
v 1.425808 0.085945 1.681775
v 1.569513 0.085945 1.681775
v 1.425808 0.085605 1.683484
v 1.569513 0.085605 1.683484
v 1.425808 0.085945 1.685193
v 1.569513 0.085945 1.685193
v 1.425808 0.086913 1.686642
v 1.569513 0.086913 1.686642
v 1.425808 0.088362 1.687610
v 1.569513 0.088362 1.687610
v 1.425808 0.090071 1.687950
v 1.569513 0.090071 1.687950
v 1.425808 0.091779 1.687610
v 1.569513 0.091779 1.687610
v 1.425808 0.093228 1.686642
v 1.569513 0.093228 1.686642
v 1.425808 0.094196 1.685193
v 1.569513 0.094196 1.685193
v 1.425808 0.094536 1.683484
v 1.569513 0.094536 1.683484
v 1.425808 0.094196 1.681775
v 1.569513 0.094196 1.681775
v 1.425808 0.093228 1.680326
v 1.569513 0.093228 1.680326
v 1.425808 0.091779 1.679358
v 1.569513 0.091779 1.679358
v 1.425808 0.316343 1.679018
v 1.569513 0.316343 1.679018
v 1.425808 0.314634 1.679358
v 1.569513 0.314634 1.679358
v 1.425808 0.313185 1.680326
v 1.569513 0.313185 1.680326
v 1.425808 0.312217 1.681775
v 1.569513 0.312217 1.681775
v 1.425808 0.311877 1.683484
v 1.569513 0.311877 1.683484
v 1.425808 0.312217 1.685193
v 1.569513 0.312217 1.685193
v 1.425808 0.313185 1.686642
v 1.569513 0.313185 1.686642
v 1.425808 0.314634 1.687610
v 1.569513 0.314634 1.687610
v 1.425808 0.316343 1.687950
v 1.569513 0.316343 1.687950
v 1.425808 0.318052 1.687610
v 1.569513 0.318052 1.687610
v 1.425808 0.319501 1.686642
v 1.569513 0.319501 1.686642
v 1.425808 0.320469 1.685193
v 1.569513 0.320469 1.685193
v 1.425808 0.320809 1.683484
v 1.569513 0.320809 1.683484
v 1.425808 0.320469 1.681775
v 1.569513 0.320469 1.681775
v 1.425808 0.319501 1.680326
v 1.569513 0.319501 1.680326
v 1.425808 0.318052 1.679358
v 1.569513 0.318052 1.679358
v 1.425808 0.316343 1.120191
v 1.569513 0.316343 1.120191
v 1.425808 0.314634 1.120531
v 1.569513 0.314634 1.120531
v 1.425808 0.313185 1.121499
v 1.569513 0.313185 1.121499
v 1.425808 0.312217 1.122948
v 1.569513 0.312217 1.122948
v 1.425808 0.311877 1.124657
v 1.569513 0.311877 1.124657
v 1.425808 0.312217 1.126365
v 1.569513 0.312217 1.126365
v 1.425808 0.313185 1.127814
v 1.569513 0.313185 1.127814
v 1.425808 0.314634 1.128782
v 1.569513 0.314634 1.128782
v 1.425808 0.316343 1.129122
v 1.569513 0.316343 1.129122
v 1.425808 0.318052 1.128782
v 1.569513 0.318052 1.128782
v 1.425808 0.319501 1.127814
v 1.569513 0.319501 1.127814
v 1.425808 0.320469 1.126365
v 1.569513 0.320469 1.126365
v 1.425808 0.320809 1.124657
v 1.569513 0.320809 1.124657
v 1.425808 0.320469 1.122948
v 1.569513 0.320469 1.122948
v 1.425808 0.319501 1.121499
v 1.569513 0.319501 1.121499
v 1.425808 0.318052 1.120531
v 1.569513 0.318052 1.120531
v 1.425808 0.090071 1.120191
v 1.569513 0.090071 1.120191
v 1.425808 0.088362 1.120531
v 1.569513 0.088362 1.120531
v 1.425808 0.086913 1.121499
v 1.569513 0.086913 1.121499
v 1.425808 0.085945 1.122948
v 1.569513 0.085945 1.122948
v 1.425808 0.085605 1.124657
v 1.569513 0.085605 1.124657
v 1.425808 0.085945 1.126365
v 1.569513 0.085945 1.126365
v 1.425808 0.086913 1.127814
v 1.569513 0.086913 1.127814
v 1.425808 0.088362 1.128782
v 1.569513 0.088362 1.128782
v 1.425808 0.090071 1.129122
v 1.569513 0.090071 1.129122
v 1.425808 0.091779 1.128782
v 1.569513 0.091779 1.128782
v 1.425808 0.093228 1.127814
v 1.569513 0.093228 1.127814
v 1.425808 0.094196 1.126365
v 1.569513 0.094196 1.126365
v 1.425808 0.094536 1.124657
v 1.569513 0.094536 1.124657
v 1.425808 0.094196 1.122948
v 1.569513 0.094196 1.122948
v 1.425808 0.093228 1.121499
v 1.569513 0.093228 1.121499
v 1.425808 0.091779 1.120531
v 1.569513 0.091779 1.120531
vt 0.190800 0.299375
vt 0.190800 0.358746
vt 0.183379 0.358746
vt 0.183379 0.299375
vt 0.175957 0.358746
vt 0.175957 0.299375
vt 0.168536 0.358746
vt 0.168536 0.299375
vt 0.161115 0.358746
vt 0.161115 0.299375
vt 0.153693 0.358746
vt 0.153693 0.299375
vt 0.146272 0.358746
vt 0.146272 0.299375
vt 0.138850 0.358746
vt 0.138850 0.299375
vt 0.131429 0.358746
vt 0.131429 0.299375
vt 0.124008 0.358746
vt 0.124008 0.299375
vt 0.116586 0.358746
vt 0.116586 0.299375
vt 0.109165 0.358746
vt 0.109165 0.299375
vt 0.101743 0.358746
vt 0.101743 0.299375
vt 0.094322 0.358746
vt 0.094322 0.299375
vt 0.086901 0.358746
vt 0.086901 0.299375
vt 0.112649 0.296018
vt 0.101743 0.298187
vt 0.090838 0.296018
vt 0.081592 0.289840
vt 0.075414 0.280595
vt 0.073245 0.269689
vt 0.075414 0.258783
vt 0.081592 0.249538
vt 0.090838 0.243360
vt 0.101743 0.241191
vt 0.112649 0.243360
vt 0.121895 0.249538
vt 0.128072 0.258783
vt 0.130242 0.269689
vt 0.128072 0.280595
vt 0.121895 0.289840
vt 0.079479 0.358746
vt 0.079479 0.299375
vt 0.072058 0.358746
vt 0.072058 0.299375
vt 0.161115 0.298187
vt 0.172020 0.296018
vt 0.181266 0.289840
vt 0.187444 0.280595
vt 0.189613 0.269689
vt 0.187444 0.258783
vt 0.181266 0.249538
vt 0.172020 0.243360
vt 0.161115 0.241191
vt 0.150209 0.243360
vt 0.140963 0.249538
vt 0.134786 0.258783
vt 0.132616 0.269689
vt 0.134786 0.280595
vt 0.140963 0.289840
vt 0.150209 0.296018
vt 0.190800 0.299375
vt 0.190800 0.358746
vt 0.183379 0.358746
vt 0.183379 0.299375
vt 0.175957 0.358746
vt 0.175957 0.299375
vt 0.168536 0.358746
vt 0.168536 0.299375
vt 0.161115 0.358746
vt 0.161115 0.299375
vt 0.153693 0.358746
vt 0.153693 0.299375
vt 0.146272 0.358746
vt 0.146272 0.299375
vt 0.138850 0.358746
vt 0.138850 0.299375
vt 0.131429 0.358746
vt 0.131429 0.299375
vt 0.124008 0.358746
vt 0.124008 0.299375
vt 0.116586 0.358746
vt 0.116586 0.299375
vt 0.109165 0.358746
vt 0.109165 0.299375
vt 0.101743 0.358746
vt 0.101743 0.299375
vt 0.094322 0.358746
vt 0.094322 0.299375
vt 0.086901 0.358746
vt 0.086901 0.299375
vt 0.112649 0.296018
vt 0.101743 0.298187
vt 0.090838 0.296018
vt 0.081592 0.289840
vt 0.075414 0.280595
vt 0.073245 0.269689
vt 0.075414 0.258783
vt 0.081592 0.249538
vt 0.090838 0.243360
vt 0.101743 0.241191
vt 0.112649 0.243360
vt 0.121895 0.249538
vt 0.128072 0.258783
vt 0.130242 0.269689
vt 0.128072 0.280595
vt 0.121895 0.289840
vt 0.079479 0.358746
vt 0.079479 0.299375
vt 0.072058 0.358746
vt 0.072058 0.299375
vt 0.161115 0.298187
vt 0.172020 0.296018
vt 0.181266 0.289840
vt 0.187444 0.280595
vt 0.189613 0.269689
vt 0.187444 0.258783
vt 0.181266 0.249538
vt 0.172020 0.243360
vt 0.161115 0.241191
vt 0.150209 0.243360
vt 0.140963 0.249538
vt 0.134786 0.258783
vt 0.132616 0.269689
vt 0.134786 0.280595
vt 0.140963 0.289840
vt 0.150209 0.296018
vt 0.190800 0.299375
vt 0.190800 0.358746
vt 0.183379 0.358746
vt 0.183379 0.299375
vt 0.175957 0.358746
vt 0.175957 0.299375
vt 0.168536 0.358746
vt 0.168536 0.299375
vt 0.161115 0.358746
vt 0.161115 0.299375
vt 0.153693 0.358746
vt 0.153693 0.299375
vt 0.146272 0.358746
vt 0.146272 0.299375
vt 0.138850 0.358746
vt 0.138850 0.299375
vt 0.131429 0.358746
vt 0.131429 0.299375
vt 0.124008 0.358746
vt 0.124008 0.299375
vt 0.116586 0.358746
vt 0.116586 0.299375
vt 0.109165 0.358746
vt 0.109165 0.299375
vt 0.101743 0.358746
vt 0.101743 0.299375
vt 0.094322 0.358746
vt 0.094322 0.299375
vt 0.086901 0.358746
vt 0.086901 0.299375
vt 0.112649 0.296018
vt 0.101743 0.298187
vt 0.090838 0.296018
vt 0.081592 0.289840
vt 0.075414 0.280595
vt 0.073245 0.269689
vt 0.075414 0.258783
vt 0.081592 0.249538
vt 0.090838 0.243360
vt 0.101743 0.241191
vt 0.112649 0.243360
vt 0.121895 0.249538
vt 0.128072 0.258783
vt 0.130242 0.269689
vt 0.128072 0.280595
vt 0.121895 0.289840
vt 0.079479 0.358746
vt 0.079479 0.299375
vt 0.072058 0.358746
vt 0.072058 0.299375
vt 0.161115 0.298187
vt 0.172020 0.296018
vt 0.181266 0.289840
vt 0.187444 0.280595
vt 0.189613 0.269689
vt 0.187444 0.258783
vt 0.181266 0.249538
vt 0.172020 0.243360
vt 0.161115 0.241191
vt 0.150209 0.243360
vt 0.140963 0.249538
vt 0.134786 0.258783
vt 0.132616 0.269689
vt 0.134786 0.280595
vt 0.140963 0.289840
vt 0.150209 0.296018
vt 0.190800 0.299375
vt 0.190800 0.358746
vt 0.183379 0.358746
vt 0.183379 0.299375
vt 0.175957 0.358746
vt 0.175957 0.299375
vt 0.168536 0.358746
vt 0.168536 0.299375
vt 0.161115 0.358746
vt 0.161115 0.299375
vt 0.153693 0.358746
vt 0.153693 0.299375
vt 0.146272 0.358746
vt 0.146272 0.299375
vt 0.138850 0.358746
vt 0.138850 0.299375
vt 0.131429 0.358746
vt 0.131429 0.299375
vt 0.124008 0.358746
vt 0.124008 0.299375
vt 0.116586 0.358746
vt 0.116586 0.299375
vt 0.109165 0.358746
vt 0.109165 0.299375
vt 0.101743 0.358746
vt 0.101743 0.299375
vt 0.094322 0.358746
vt 0.094322 0.299375
vt 0.086901 0.358746
vt 0.086901 0.299375
vt 0.112649 0.296018
vt 0.101743 0.298187
vt 0.090838 0.296018
vt 0.081592 0.289840
vt 0.075414 0.280595
vt 0.073245 0.269689
vt 0.075414 0.258783
vt 0.081592 0.249538
vt 0.090838 0.243360
vt 0.101743 0.241191
vt 0.112649 0.243360
vt 0.121895 0.249538
vt 0.128072 0.258783
vt 0.130242 0.269689
vt 0.128072 0.280595
vt 0.121895 0.289840
vt 0.079479 0.358746
vt 0.079479 0.299375
vt 0.072058 0.358746
vt 0.072058 0.299375
vt 0.161115 0.298187
vt 0.172020 0.296018
vt 0.181266 0.289840
vt 0.187444 0.280595
vt 0.189613 0.269689
vt 0.187444 0.258783
vt 0.181266 0.249538
vt 0.172020 0.243360
vt 0.161115 0.241191
vt 0.150209 0.243360
vt 0.140963 0.249538
vt 0.134786 0.258783
vt 0.132616 0.269689
vt 0.134786 0.280595
vt 0.140963 0.289840
vt 0.150209 0.296018
vn -0.0000 0.0000 -1.0000
vn -0.0000 -0.3827 -0.9239
vn -0.0000 -0.7071 -0.7071
vn -0.0000 -0.9239 -0.3827
vn -0.0000 -1.0000 0.0000
vn -0.0000 -0.9239 0.3827
vn -0.0000 -0.7071 0.7071
vn 0.0000 -0.3827 0.9239
vn 0.0000 0.0000 1.0000
vn -0.0000 0.3827 0.9239
vn -0.0000 0.7071 0.7071
vn -0.0000 0.9239 0.3827
vn -0.0000 1.0000 0.0000
vn -0.0000 0.9239 -0.3827
vn -0.0000 0.7071 -0.7071
vn 1.0000 0.0000 0.0000
vn -0.0000 0.3827 -0.9239
vn -1.0000 0.0000 0.0000
usemtl Metal_01_vent02
s 1
f 413/961/238 414/962/238 416/963/239 415/964/239
f 415/964/239 416/963/239 418/965/240 417/966/240
f 417/966/240 418/965/240 420/967/241 419/968/241
f 419/968/241 420/967/241 422/969/242 421/970/242
f 421/970/242 422/969/242 424/971/243 423/972/243
f 423/972/243 424/971/243 426/973/244 425/974/244
f 425/974/244 426/973/244 428/975/245 427/976/245
f 427/976/245 428/975/245 430/977/246 429/978/246
f 429/978/246 430/977/246 432/979/247 431/980/247
f 431/980/247 432/979/247 434/981/248 433/982/248
f 433/982/248 434/981/248 436/983/249 435/984/249
f 435/984/249 436/983/249 438/985/250 437/986/250
f 437/986/250 438/985/250 440/987/251 439/988/251
f 439/988/251 440/987/251 442/989/252 441/990/252
f 416/991/253 414/992/253 444/993/253 442/994/253 440/995/253 438/996/253 436/997/253 434/998/253 432/999/253 430/1000/253 428/1001/253 426/1002/253 424/1003/253 422/1004/253 420/1005/253 418/1006/253
f 441/990/252 442/989/252 444/1007/254 443/1008/254
f 443/1008/254 444/1007/254 414/1009/238 413/1010/238
f 413/1011/255 415/1012/255 417/1013/255 419/1014/255 421/1015/255 423/1016/255 425/1017/255 427/1018/255 429/1019/255 431/1020/255 433/1021/255 435/1022/255 437/1023/255 439/1024/255 441/1025/255 443/1026/255
f 445/1027/238 446/1028/238 448/1029/239 447/1030/239
f 447/1030/239 448/1029/239 450/1031/240 449/1032/240
f 449/1032/240 450/1031/240 452/1033/241 451/1034/241
f 451/1034/241 452/1033/241 454/1035/242 453/1036/242
f 453/1036/242 454/1035/242 456/1037/243 455/1038/243
f 455/1038/243 456/1037/243 458/1039/244 457/1040/244
f 457/1040/244 458/1039/244 460/1041/245 459/1042/245
f 459/1042/245 460/1041/245 462/1043/246 461/1044/246
f 461/1044/246 462/1043/246 464/1045/247 463/1046/247
f 463/1046/247 464/1045/247 466/1047/248 465/1048/248
f 465/1048/248 466/1047/248 468/1049/249 467/1050/249
f 467/1050/249 468/1049/249 470/1051/250 469/1052/250
f 469/1052/250 470/1051/250 472/1053/251 471/1054/251
f 471/1054/251 472/1053/251 474/1055/252 473/1056/252
f 448/1057/253 446/1058/253 476/1059/253 474/1060/253 472/1061/253 470/1062/253 468/1063/253 466/1064/253 464/1065/253 462/1066/253 460/1067/253 458/1068/253 456/1069/253 454/1070/253 452/1071/253 450/1072/253
f 473/1056/252 474/1055/252 476/1073/254 475/1074/254
f 475/1074/254 476/1073/254 446/1075/238 445/1076/238
f 445/1077/255 447/1078/255 449/1079/255 451/1080/255 453/1081/255 455/1082/255 457/1083/255 459/1084/255 461/1085/255 463/1086/255 465/1087/255 467/1088/255 469/1089/255 471/1090/255 473/1091/255 475/1092/255
f 477/1093/238 478/1094/238 480/1095/239 479/1096/239
f 479/1096/239 480/1095/239 482/1097/240 481/1098/240
f 481/1098/240 482/1097/240 484/1099/241 483/1100/241
f 483/1100/241 484/1099/241 486/1101/242 485/1102/242
f 485/1102/242 486/1101/242 488/1103/243 487/1104/243
f 487/1104/243 488/1103/243 490/1105/244 489/1106/244
f 489/1106/244 490/1105/244 492/1107/245 491/1108/245
f 491/1108/245 492/1107/245 494/1109/246 493/1110/246
f 493/1110/246 494/1109/246 496/1111/247 495/1112/247
f 495/1112/247 496/1111/247 498/1113/248 497/1114/248
f 497/1114/248 498/1113/248 500/1115/249 499/1116/249
f 499/1116/249 500/1115/249 502/1117/250 501/1118/250
f 501/1118/250 502/1117/250 504/1119/251 503/1120/251
f 503/1120/251 504/1119/251 506/1121/252 505/1122/252
f 480/1123/253 478/1124/253 508/1125/253 506/1126/253 504/1127/253 502/1128/253 500/1129/253 498/1130/253 496/1131/253 494/1132/253 492/1133/253 490/1134/253 488/1135/253 486/1136/253 484/1137/253 482/1138/253
f 505/1122/252 506/1121/252 508/1139/254 507/1140/254
f 507/1140/254 508/1139/254 478/1141/238 477/1142/238
f 477/1143/255 479/1144/255 481/1145/255 483/1146/255 485/1147/255 487/1148/255 489/1149/255 491/1150/255 493/1151/255 495/1152/255 497/1153/255 499/1154/255 501/1155/255 503/1156/255 505/1157/255 507/1158/255
f 509/1159/238 510/1160/238 512/1161/239 511/1162/239
f 511/1162/239 512/1161/239 514/1163/240 513/1164/240
f 513/1164/240 514/1163/240 516/1165/241 515/1166/241
f 515/1166/241 516/1165/241 518/1167/242 517/1168/242
f 517/1168/242 518/1167/242 520/1169/243 519/1170/243
f 519/1170/243 520/1169/243 522/1171/244 521/1172/244
f 521/1172/244 522/1171/244 524/1173/245 523/1174/245
f 523/1174/245 524/1173/245 526/1175/246 525/1176/246
f 525/1176/246 526/1175/246 528/1177/247 527/1178/247
f 527/1178/247 528/1177/247 530/1179/248 529/1180/248
f 529/1180/248 530/1179/248 532/1181/249 531/1182/249
f 531/1182/249 532/1181/249 534/1183/250 533/1184/250
f 533/1184/250 534/1183/250 536/1185/251 535/1186/251
f 535/1186/251 536/1185/251 538/1187/252 537/1188/252
f 512/1189/253 510/1190/253 540/1191/253 538/1192/253 536/1193/253 534/1194/253 532/1195/253 530/1196/253 528/1197/253 526/1198/253 524/1199/253 522/1200/253 520/1201/253 518/1202/253 516/1203/253 514/1204/253
f 537/1188/252 538/1187/252 540/1205/254 539/1206/254
f 539/1206/254 540/1205/254 510/1207/238 509/1208/238
f 509/1209/255 511/1210/255 513/1211/255 515/1212/255 517/1213/255 519/1214/255 521/1215/255 523/1216/255 525/1217/255 527/1218/255 529/1219/255 531/1220/255 533/1221/255 535/1222/255 537/1223/255 539/1224/255
o Cube.017_Cube.015
v 1.425091 0.005650 1.675507
v 1.425091 0.064558 1.675507
v 1.425091 0.005650 1.671396
v 1.425091 0.064558 1.671396
v 1.438802 0.005650 1.675507
v 1.438802 0.064558 1.675507
v 1.438802 0.005650 1.671396
v 1.438802 0.064558 1.671396
v 1.425091 0.008710 1.675507
v 1.425091 0.008710 1.671396
v 1.438802 0.008710 1.671396
v 1.438802 0.008710 1.675507
v 1.425091 0.008710 1.404148
v 1.425091 0.005650 1.404148
v 1.438802 0.005650 1.404148
v 1.438802 0.008710 1.404148
v 1.425091 0.005650 1.132789
v 1.425091 0.064558 1.132789
v 1.425091 0.005650 1.136901
v 1.425091 0.064558 1.136901
v 1.438802 0.005650 1.132789
v 1.438802 0.064558 1.132789
v 1.438802 0.005650 1.136901
v 1.438802 0.064558 1.136901
v 1.425091 0.008710 1.132789
v 1.425091 0.008710 1.136901
v 1.438802 0.008710 1.136901
v 1.438802 0.008710 1.132789
v 1.768271 0.005650 1.675507
v 1.768271 0.064558 1.675507
v 1.768271 0.005650 1.671396
v 1.768271 0.064558 1.671396
v 1.781982 0.005650 1.675507
v 1.781982 0.064558 1.675507
v 1.781982 0.005650 1.671396
v 1.781982 0.064558 1.671396
v 1.768271 0.008710 1.675507
v 1.768271 0.008710 1.671396
v 1.781982 0.008710 1.671396
v 1.781982 0.008710 1.675507
v 1.768271 0.008710 1.404148
v 1.768271 0.005650 1.404148
v 1.781982 0.005650 1.404148
v 1.781982 0.008710 1.404148
v 1.768271 0.005650 1.132789
v 1.768271 0.064558 1.132789
v 1.768271 0.005650 1.136901
v 1.768271 0.064558 1.136901
v 1.781982 0.005650 1.132789
v 1.781982 0.064558 1.132789
v 1.781982 0.005650 1.136901
v 1.781982 0.064558 1.136901
v 1.768271 0.008710 1.132789
v 1.768271 0.008710 1.136901
v 1.781982 0.008710 1.136901
v 1.781982 0.008710 1.132789
v 1.776990 0.018466 1.670863
v 1.434074 0.060087 1.670863
v 1.776990 0.018466 1.673435
v 1.434074 0.060087 1.673435
v 1.775801 0.008975 1.670863
v 1.432886 0.050596 1.670863
v 1.775801 0.008975 1.673435
v 1.432886 0.050596 1.673435
v 1.776990 0.018466 1.137433
v 1.434074 0.060087 1.137433
v 1.776990 0.018466 1.134861
v 1.434074 0.060087 1.134861
v 1.775801 0.008975 1.137433
v 1.432886 0.050596 1.137433
v 1.775801 0.008975 1.134861
v 1.432886 0.050596 1.134861
v 1.775389 0.062929 1.667151
v 1.433213 0.015612 1.667151
v 1.775389 0.062929 1.669723
v 1.433213 0.015612 1.669723
v 1.776663 0.053449 1.667151
v 1.434487 0.006132 1.667151
v 1.776663 0.053449 1.669723
v 1.434487 0.006132 1.669723
v 1.775389 0.062929 1.141145
v 1.433213 0.015612 1.141145
v 1.775389 0.062929 1.138573
v 1.433213 0.015612 1.138573
v 1.776663 0.053449 1.141145
v 1.434487 0.006132 1.141145
v 1.776663 0.053449 1.138573
v 1.434487 0.006132 1.138573
vt -5.500249 0.239276
vt -5.500249 0.862833
vt -5.454342 0.862833
vt -5.454342 0.239276
vt -2.914701 0.409317
vt -2.914701 0.928949
vt -2.787129 0.928949
vt -2.787129 0.409317
vt -5.454342 0.239276
vt -5.454342 0.862833
vt -5.500249 0.862833
vt -5.500249 0.239276
vt -2.787129 0.409317
vt -2.787129 0.928949
vt -2.914701 0.928949
vt -2.914701 0.409317
vt 0.229618 0.807384
vt 0.229618 0.793076
vt 0.225327 0.793076
vt 0.225327 0.807384
vt 0.229618 0.793076
vt 0.229618 0.807384
vt 0.225327 0.807384
vt 0.225327 0.793076
vt -2.787129 0.380848
vt -2.914701 0.380848
vt -5.454342 0.205113
vt -5.500249 0.205113
vt 0.229618 0.807384
vt 0.229618 0.793076
vt 0.508503 0.793076
vt 0.508503 0.807384
vt -5.500249 0.205113
vt -5.454342 0.205113
vt -2.914701 0.380848
vt -2.914701 0.409317
vt -2.787129 0.409317
vt -2.787129 0.380848
vt 0.501607 0.487816
vt 0.500028 0.490281
vt 0.500028 0.490281
vt 0.501607 0.487816
vt 0.501579 0.490281
vt 0.501607 0.487816
vt 0.501607 0.487816
vt 0.501579 0.490281
vt 0.508503 0.807384
vt 0.508503 0.793076
vt 0.206423 0.596018
vt 0.206423 0.641926
vt 0.829980 0.641926
vt 0.829980 0.596018
vt -2.914701 0.409317
vt -2.787129 0.409317
vt -2.787129 0.928948
vt -2.914701 0.928948
vt 0.206423 0.641926
vt 0.206423 0.596018
vt 0.829980 0.596018
vt 0.829980 0.641926
vt -2.787129 0.409317
vt -2.914701 0.409317
vt -2.914701 0.928948
vt -2.787129 0.928948
vt 0.498449 0.501607
vt 0.498449 0.498393
vt 0.501551 0.498393
vt 0.501551 0.501607
vt 0.501551 0.501607
vt 0.501551 0.498393
vt 0.498449 0.498393
vt 0.498449 0.501607
vt -2.787129 0.380848
vt -2.914701 0.380848
vt 0.172260 0.641926
vt 0.172260 0.596018
vt 0.787388 0.807384
vt 0.787388 0.793076
vt 0.172260 0.596018
vt 0.172260 0.641926
vt 0.501607 0.487816
vt 0.500028 0.490281
vt 0.501579 0.490281
vt 0.501607 0.487816
vt 0.787388 0.793076
vt 0.787388 0.807384
vt -5.500249 0.239276
vt -5.500249 0.862833
vt -5.454342 0.862833
vt -5.454342 0.239276
vt 0.260807 0.782236
vt 0.780439 0.782236
vt 0.780439 0.654664
vt 0.260807 0.654664
vt -5.454342 0.239276
vt -5.454342 0.862833
vt -5.500249 0.862833
vt -5.500249 0.239276
vt 0.260807 0.654664
vt 0.780439 0.654664
vt 0.780439 0.782236
vt 0.260807 0.782236
vt 0.223466 0.582142
vt 0.223466 0.567834
vt 0.219175 0.567834
vt 0.219175 0.582142
vt 0.223466 0.567834
vt 0.223466 0.582142
vt 0.219175 0.582142
vt 0.219175 0.567834
vt 0.232338 0.654664
vt 0.232338 0.782236
vt -5.454342 0.205113
vt -5.500249 0.205113
vt 0.223466 0.582142
vt 0.223466 0.567834
vt 0.502351 0.567834
vt 0.502351 0.582142
vt -5.500249 0.205113
vt -5.454342 0.205113
vt 0.232338 0.782236
vt 0.260807 0.782236
vt 0.260807 0.654664
vt 0.232338 0.654664
vt 0.501607 0.487816
vt 0.500028 0.490281
vt 0.500028 0.490281
vt 0.501607 0.487816
vt 0.501579 0.490281
vt 0.501607 0.487816
vt 0.501607 0.487816
vt 0.501579 0.490281
vt 0.502351 0.582142
vt 0.502351 0.567834
vt 0.206423 0.596018
vt 0.206423 0.641926
vt 0.829980 0.641926
vt 0.829980 0.596018
vt 0.260807 0.782236
vt 0.260807 0.654664
vt 0.780439 0.654664
vt 0.780439 0.782236
vt 0.206423 0.641926
vt 0.206423 0.596018
vt 0.829980 0.596018
vt 0.829980 0.641926
vt 0.260807 0.654664
vt 0.260807 0.782236
vt 0.780439 0.782236
vt 0.780439 0.654664
vt 0.498449 0.501607
vt 0.498449 0.498393
vt 0.501551 0.498393
vt 0.501551 0.501607
vt 0.501551 0.501607
vt 0.501551 0.498393
vt 0.498449 0.498393
vt 0.498449 0.501607
vt 0.232338 0.654664
vt 0.232338 0.782236
vt 0.172260 0.641926
vt 0.172260 0.596018
vt 0.781236 0.582142
vt 0.781236 0.567834
vt 0.172260 0.596018
vt 0.172260 0.641926
vt 0.501607 0.487816
vt 0.500028 0.490281
vt 0.501579 0.490281
vt 0.501607 0.487816
vt 0.781236 0.567834
vt 0.781236 0.582142
vt 0.498393 0.487816
vt 0.498393 0.512184
vt 0.501607 0.512184
vt 0.501607 0.487816
vt 0.501607 0.487816
vt 0.501607 0.512184
vt 0.498393 0.512184
vt 0.498393 0.487816
vt 0.498449 0.501607
vt 0.501551 0.501607
vt 0.501551 0.498393
vt 0.498449 0.498393
vt 0.501551 0.501607
vt 0.498449 0.501607
vt 0.498449 0.498393
vt 0.501551 0.498393
vt 0.883283 0.464211
vt 0.119366 0.556932
vt 0.116718 0.535789
vt 0.880634 0.443068
vt 0.880634 0.443068
vt 0.116717 0.535789
vt 0.119366 0.556932
vt 0.883283 0.464211
vt 0.498393 0.487816
vt 0.501607 0.487816
vt 0.501607 0.512184
vt 0.498393 0.512184
vt 0.501607 0.487816
vt 0.498393 0.487816
vt 0.498393 0.512184
vt 0.501607 0.512184
vt 0.498449 0.501607
vt 0.498449 0.498393
vt 0.501551 0.498393
vt 0.501551 0.501607
vt 0.501551 0.501607
vt 0.501551 0.498393
vt 0.498449 0.498393
vt 0.498449 0.501607
vt 0.498449 0.512184
vt 0.501551 0.487816
vt 0.501551 0.512184
vt 0.498393 0.487816
vt 0.498393 0.512184
vt 0.501607 0.512184
vt 0.501607 0.487816
vt 0.501607 0.487816
vt 0.501607 0.512184
vt 0.498393 0.512184
vt 0.498393 0.487816
vt 0.498449 0.501607
vt 0.501551 0.501607
vt 0.501551 0.498393
vt 0.498449 0.498393
vt 0.501551 0.501607
vt 0.498449 0.501607
vt 0.498449 0.498393
vt 0.501551 0.498393
vt 0.879716 0.563264
vt 0.117445 0.457855
vt 0.120284 0.436736
vt 0.882554 0.542145
vt 0.882554 0.542145
vt 0.120284 0.436736
vt 0.117445 0.457855
vt 0.879716 0.563264
vt 0.498393 0.487816
vt 0.501607 0.487816
vt 0.501607 0.512184
vt 0.498393 0.512184
vt 0.501607 0.487816
vt 0.498393 0.487816
vt 0.498393 0.512184
vt 0.501607 0.512184
vt 0.498449 0.501607
vt 0.498449 0.498393
vt 0.501551 0.498393
vt 0.501551 0.501607
vt 0.501551 0.501607
vt 0.501551 0.498393
vt 0.498449 0.498393
vt 0.498449 0.501607
vt 0.498449 0.512184
vt 0.501551 0.487816
vt 0.501551 0.512184
vn -1.0000 0.0000 0.0000
vn 0.0000 0.0000 -1.0000
vn 1.0000 0.0000 0.0000
vn 0.0000 0.0000 1.0000
vn 0.0000 -1.0000 0.0000
vn 0.0000 1.0000 0.0000
vn 0.1205 0.9927 0.0000
vn -0.1205 -0.9927 0.0000
vn 0.9922 -0.1243 0.0000
vn -0.9922 0.1243 0.0000
vn -0.1370 0.9906 0.0000
vn 0.1370 -0.9906 0.0000
vn 0.9911 0.1332 0.0000
vn -0.9911 -0.1332 0.0000
usemtl Metal_Brushed_mat_004
s off
f 549/1225/256 542/1226/256 544/1227/256 550/1228/256
f 550/1229/257 544/1230/257 548/1231/257 551/1232/257
f 551/1233/258 548/1234/258 546/1235/258 552/1236/258
f 552/1237/259 546/1238/259 542/1239/259 549/1240/259
f 543/1241/260 547/1242/260 545/1243/260 541/1244/260
f 548/1245/261 544/1246/261 542/1247/261 546/1248/261
f 545/1249/259 552/1237/259 549/1240/259 541/1250/259
f 547/1251/258 551/1233/258 552/1236/258 545/1252/258
f 550/1253/261 551/1254/261 556/1255/261 553/1256/261
f 541/1257/256 549/1225/256 550/1228/256 543/1258/256
f 554/1259/257 553/1260/257 556/1261/257 555/1262/257
f 543/1263/256 550/1264/256 553/1265/256 554/1266/256
f 551/1267/258 547/1268/258 555/1269/258 556/1270/258
f 547/1242/260 543/1241/260 554/1271/260 555/1272/260
f 565/1273/256 566/1274/256 560/1275/256 558/1276/256
f 566/1277/259 567/1278/259 564/1279/259 560/1280/259
f 567/1281/258 568/1282/258 562/1283/258 564/1284/258
f 568/1285/257 565/1286/257 558/1287/257 562/1288/257
f 559/1289/260 557/1290/260 561/1291/260 563/1292/260
f 564/1293/261 562/1294/261 558/1295/261 560/1296/261
f 561/1297/257 557/1298/257 565/1286/257 568/1285/257
f 563/1299/258 561/1300/258 568/1282/258 567/1281/258
f 566/1301/261 553/1256/261 556/1255/261 567/1302/261
f 557/1303/256 559/1304/256 566/1274/256 565/1273/256
f 559/1305/256 554/1266/256 553/1265/256 566/1306/256
f 567/1307/258 556/1270/258 555/1269/258 563/1308/258
f 563/1309/260 555/1272/260 554/1271/260 559/1310/260
f 577/1311/256 570/1312/256 572/1313/256 578/1314/256
f 578/1315/257 572/1316/257 576/1317/257 579/1318/257
f 579/1319/258 576/1320/258 574/1321/258 580/1322/258
f 580/1323/259 574/1324/259 570/1325/259 577/1326/259
f 571/1327/260 575/1328/260 573/1329/260 569/1330/260
f 576/1331/261 572/1332/261 570/1333/261 574/1334/261
f 573/1335/259 580/1323/259 577/1326/259 569/1336/259
f 575/1337/258 579/1319/258 580/1322/258 573/1338/258
f 578/1339/261 579/1340/261 584/1341/261 581/1342/261
f 569/1343/256 577/1311/256 578/1314/256 571/1344/256
f 582/1345/257 581/1346/257 584/1347/257 583/1348/257
f 571/1349/256 578/1350/256 581/1351/256 582/1352/256
f 579/1353/258 575/1354/258 583/1355/258 584/1356/258
f 575/1328/260 571/1327/260 582/1357/260 583/1358/260
f 593/1359/256 594/1360/256 588/1361/256 586/1362/256
f 594/1363/259 595/1364/259 592/1365/259 588/1366/259
f 595/1367/258 596/1368/258 590/1369/258 592/1370/258
f 596/1371/257 593/1372/257 586/1373/257 590/1374/257
f 587/1375/260 585/1376/260 589/1377/260 591/1378/260
f 592/1379/261 590/1380/261 586/1381/261 588/1382/261
f 589/1383/257 585/1384/257 593/1372/257 596/1371/257
f 591/1385/258 589/1386/258 596/1368/258 595/1367/258
f 594/1387/261 581/1342/261 584/1341/261 595/1388/261
f 585/1389/256 587/1390/256 594/1360/256 593/1359/256
f 587/1391/256 582/1352/256 581/1351/256 594/1392/256
f 595/1393/258 584/1356/258 583/1355/258 591/1394/258
f 591/1395/260 583/1358/260 582/1357/260 587/1396/260
f 597/1397/262 598/1398/262 600/1399/262 599/1400/262
f 603/1401/263 604/1402/263 602/1403/263 601/1404/263
f 599/1405/264 603/1406/264 601/1407/264 597/1408/264
f 604/1409/265 600/1410/265 598/1411/265 602/1412/265
f 599/1413/259 600/1414/259 604/1415/259 603/1416/259
f 601/1417/257 602/1418/257 598/1419/257 597/1420/257
f 605/1421/262 607/1422/262 608/1423/262 606/1424/262
f 611/1425/263 609/1426/263 610/1427/263 612/1428/263
f 607/1429/264 605/1430/264 609/1431/264 611/1432/264
f 612/1433/265 610/1434/265 606/1435/265 608/1436/265
f 607/1429/257 611/1432/257 612/1428/257 608/1437/257
f 609/1438/259 605/1421/259 606/1424/259 610/1439/259
f 613/1440/266 614/1441/266 616/1442/266 615/1443/266
f 619/1444/267 620/1445/267 618/1446/267 617/1447/267
f 615/1448/268 619/1449/268 617/1450/268 613/1451/268
f 620/1452/269 616/1453/269 614/1454/269 618/1455/269
f 615/1456/259 616/1457/259 620/1458/259 619/1459/259
f 617/1460/257 618/1461/257 614/1462/257 613/1463/257
f 621/1464/266 623/1465/266 624/1466/266 622/1467/266
f 627/1468/267 625/1469/267 626/1470/267 628/1471/267
f 623/1472/268 621/1473/268 625/1474/268 627/1475/268
f 628/1476/269 626/1477/269 622/1478/269 624/1479/269
f 623/1472/257 627/1475/257 628/1471/257 624/1480/257
f 625/1481/259 621/1464/259 622/1467/259 626/1482/259
o Cube_Cube.001
v 1.419448 0.083819 0.952419
v 1.419448 0.266979 0.952419
v 1.831428 0.175739 0.952419
v 1.419448 0.359161 0.952419
v 1.727169 0.359161 0.952419
v 1.542654 0.083819 0.952419
v 1.542654 0.359161 0.952419
v 1.406495 0.266979 0.952419
v 1.911368 0.272413 0.952419
v 1.911368 0.359161 0.952419
v 1.542654 0.070866 0.952419
v 1.721782 0.083819 0.952419
v 1.822297 0.184926 0.952419
v 1.558535 0.378434 0.952419
v 1.727169 0.378434 0.952419
v 1.910287 0.378434 0.952419
v 1.727169 0.913485 0.952419
v 1.921011 0.263728 0.952419
v 1.924321 0.271619 0.952419
v 1.920043 0.268774 0.952419
v 1.559473 0.900603 0.952419
v 1.558535 0.899665 0.952419
v 1.406495 0.075506 0.952419
v 1.411135 0.070866 0.952419
v 1.409776 0.074147 0.952419
v 1.411135 0.372114 0.952419
v 1.406495 0.367475 0.952419
v 1.409776 0.368834 0.952419
v 1.722530 0.070866 0.952419
v 1.730440 0.074156 0.952419
v 1.725387 0.075150 0.952419
v 1.910287 0.899665 0.952419
v 1.909349 0.900603 0.952419
v 1.727169 0.372114 0.952419
v 1.542654 0.372114 0.952419
v 1.924321 0.372114 0.952419
v 1.919682 0.913485 0.952419
v 1.924321 0.908845 0.952419
v 1.542654 0.908845 0.952419
v 1.547294 0.913485 0.952419
v 1.727169 0.900603 0.952419
v 1.831428 0.175739 0.950703
v 1.727169 0.913485 0.950703
v 1.921011 0.263728 0.950703
v 1.924321 0.271619 0.950703
v 1.730440 0.074156 0.950703
v 1.924321 0.372114 0.950703
v 1.919682 0.913485 0.950703
v 1.924321 0.908845 0.950703
v 1.547294 0.913484 0.950703
v 1.419448 0.083819 0.950367
v 1.419448 0.266979 0.950367
v 1.419448 0.359161 0.950367
v 1.727169 0.359161 0.950367
v 1.542654 0.083819 0.950367
v 1.542654 0.359161 0.950367
v 1.911368 0.272413 0.950367
v 1.911368 0.359161 0.950367
v 1.721782 0.083819 0.950367
v 1.822297 0.184926 0.950367
v 1.558535 0.378434 0.950367
v 1.727169 0.378434 0.950367
v 1.910287 0.378434 0.950367
v 1.559473 0.900603 0.950367
v 1.558535 0.899665 0.950367
v 1.910287 0.899665 0.950367
v 1.909349 0.900603 0.950367
v 1.727169 0.900603 0.950367
v 1.419448 0.083819 0.664794
v 1.419448 0.266979 0.664794
v 1.831428 0.175739 0.664794
v 1.419448 0.359161 0.664794
v 1.727169 0.359161 0.664794
v 1.542654 0.083819 0.664794
v 1.542654 0.359161 0.664794
v 1.406495 0.266979 0.664794
v 1.911368 0.272413 0.664794
v 1.911368 0.359161 0.664794
v 1.542654 0.070866 0.664794
v 1.721782 0.083819 0.664794
v 1.822297 0.184926 0.664794
v 1.558535 0.378434 0.664794
v 1.727169 0.378434 0.664794
v 1.910287 0.378434 0.664794
v 1.727169 0.913485 0.664794
v 1.921011 0.263728 0.664794
v 1.924321 0.271619 0.664794
v 1.920043 0.268774 0.664794
v 1.559473 0.900603 0.664794
v 1.558535 0.899665 0.664794
v 1.406495 0.075506 0.664794
v 1.411135 0.070866 0.664794
v 1.409776 0.074147 0.664794
v 1.411135 0.372114 0.664794
v 1.406495 0.367475 0.664794
v 1.409776 0.368834 0.664794
v 1.722530 0.070866 0.664794
v 1.730440 0.074156 0.664794
v 1.725387 0.075150 0.664794
v 1.910287 0.899665 0.664794
v 1.909349 0.900603 0.664794
v 1.727169 0.372114 0.664794
v 1.542654 0.372114 0.664794
v 1.924321 0.372114 0.664794
v 1.919682 0.913485 0.664794
v 1.924321 0.908845 0.664794
v 1.542654 0.908845 0.664794
v 1.547294 0.913485 0.664794
v 1.727169 0.900603 0.664794
v 1.831428 0.175739 0.666510
v 1.727169 0.913485 0.666510
v 1.921011 0.263728 0.666510
v 1.924321 0.271619 0.666510
v 1.730440 0.074156 0.666510
v 1.924321 0.372114 0.666510
v 1.919682 0.913485 0.666510
v 1.924321 0.908845 0.666510
v 1.547294 0.913484 0.666510
v 1.419448 0.083819 0.666846
v 1.419448 0.266979 0.666846
v 1.419448 0.359161 0.666846
v 1.727169 0.359161 0.666846
v 1.542654 0.083819 0.666846
v 1.542654 0.359161 0.666846
v 1.911368 0.272413 0.666846
v 1.911368 0.359161 0.666846
v 1.721782 0.083819 0.666846
v 1.822297 0.184926 0.666846
v 1.558535 0.378434 0.666846
v 1.727169 0.378434 0.666846
v 1.910287 0.378434 0.666846
v 1.559473 0.900603 0.666846
v 1.558535 0.899665 0.666846
v 1.910287 0.899665 0.666846
v 1.909349 0.900603 0.666846
v 1.727169 0.900603 0.666846
vt 0.750857 0.516407
vt 0.782845 0.516407
vt 0.785356 0.518918
vt 0.785003 0.519770
vt 0.750857 0.519770
vt 0.782845 0.444921
vt 0.750857 0.444921
vt 0.750857 0.441558
vt 0.785003 0.441558
vt 0.785356 0.442410
vt 0.782845 0.468854
vt 0.786208 0.442763
vt 0.786208 0.468854
vt 0.786208 0.518566
vt 0.655129 0.444921
vt 0.655129 0.467443
vt 0.652877 0.468388
vt 0.651766 0.467649
vt 0.651766 0.441558
vt 0.704351 0.516407
vt 0.704157 0.519770
vt 0.703415 0.518658
vt 0.702952 0.444921
vt 0.702952 0.441558
vt 0.678255 0.490157
vt 0.702103 0.518916
vt 0.675884 0.492542
vt 0.652626 0.469698
vt 0.920649 0.440354
vt 0.921854 0.440354
vt 0.921854 0.515029
vt 0.920649 0.515029
vt 0.801732 0.607210
vt 0.727057 0.607210
vt 0.727057 0.606006
vt 0.801732 0.606006
vt 0.702952 0.439917
vt 0.746734 0.439917
vt 0.655410 0.439917
vt 0.655653 0.304349
vt 0.655410 0.304592
vt 0.651766 0.302209
vt 0.652971 0.301004
vt 0.746734 0.304592
vt 0.746491 0.304349
vt 0.749653 0.301004
vt 0.750857 0.302209
vt 0.702952 0.304349
vt 0.702952 0.301004
vt 0.016418 0.315306
vt 0.016418 0.319202
vt 0.015591 0.319202
vt 0.015591 0.315306
vt 0.928073 0.537035
vt 0.928073 0.538240
vt 0.927628 0.538240
vt 0.927628 0.537035
vt 0.016418 0.267008
vt 0.015591 0.267008
vt 0.928073 0.487054
vt 0.927628 0.487054
vt 0.016418 0.364302
vt 0.016418 0.416293
vt 0.015591 0.416293
vt 0.015591 0.364302
vt 0.928073 0.440354
vt 0.927628 0.440354
vt 0.016418 0.009057
vt 0.015591 0.009057
vt 0.929672 0.511688
vt 0.929672 0.487806
vt 0.930205 0.487806
vt 0.930205 0.511688
vt 0.922387 0.575679
vt 0.922387 0.575922
vt 0.921854 0.575922
vt 0.921854 0.575679
vt 0.928606 0.518847
vt 0.928606 0.486860
vt 0.929139 0.486860
vt 0.929139 0.518847
vt 0.923985 0.520211
vt 0.923985 0.472327
vt 0.924518 0.472327
vt 0.924518 0.520211
vt 0.923452 0.575650
vt 0.923452 0.575391
vt 0.923985 0.575391
vt 0.923985 0.575650
vt 0.923452 0.440354
vt 0.923985 0.440354
vt 0.927182 0.487631
vt 0.927182 0.531151
vt 0.926649 0.531151
vt 0.926649 0.487631
vt 0.922387 0.440354
vt 0.921854 0.440354
vt 0.929672 0.440354
vt 0.930205 0.440354
vt 0.925583 0.531677
vt 0.925583 0.487896
vt 0.926116 0.487896
vt 0.926116 0.531677
vt 0.839075 0.528998
vt 0.839075 0.551520
vt 0.838542 0.551520
vt 0.838542 0.528998
vt 0.928606 0.440354
vt 0.929139 0.440354
vt 0.837476 0.552124
vt 0.837476 0.528998
vt 0.838009 0.528998
vt 0.838009 0.552124
vt 0.927182 0.440354
vt 0.926649 0.440354
vt 0.923985 0.440354
vt 0.924518 0.440354
vt 0.836943 0.528998
vt 0.836943 0.555248
vt 0.836411 0.555248
vt 0.836411 0.528998
vt 0.923985 0.568013
vt 0.924518 0.568013
vt 0.925583 0.440354
vt 0.926116 0.440354
vt 0.727057 0.530203
vt 0.727057 0.528998
vt 0.801732 0.528998
vt 0.801732 0.530203
vt 0.154945 0.157791
vt 0.154945 0.416293
vt 0.016418 0.416293
vt 0.016418 0.157791
vt 0.727057 0.563129
vt 0.727057 0.609809
vt 0.652382 0.609809
vt 0.652382 0.563129
vt 0.652382 0.528998
vt 0.727057 0.579914
vt 0.801732 0.579914
vt 0.801732 0.528998
vt 0.835878 0.528998
vt 0.835878 0.603673
vt 0.801732 0.603673
vt 0.821558 0.516407
vt 0.821558 0.519770
vt 0.787412 0.519770
vt 0.787059 0.518918
vt 0.789571 0.516407
vt 0.789571 0.444921
vt 0.787059 0.442410
vt 0.787412 0.441558
vt 0.821558 0.441558
vt 0.821558 0.444921
vt 0.789571 0.468854
vt 0.786208 0.468854
vt 0.786208 0.442763
vt 0.786208 0.518566
vt 0.917286 0.444921
vt 0.920649 0.441558
vt 0.920649 0.467649
vt 0.919538 0.468388
vt 0.917286 0.467443
vt 0.868064 0.516407
vt 0.869001 0.518658
vt 0.868259 0.519770
vt 0.869463 0.444921
vt 0.869463 0.441558
vt 0.894161 0.490157
vt 0.896532 0.492542
vt 0.870312 0.518916
vt 0.919790 0.469698
vt 0.869463 0.439917
vt 0.825681 0.439917
vt 0.917005 0.439917
vt 0.916762 0.304349
vt 0.919445 0.301004
vt 0.920649 0.302209
vt 0.917005 0.304592
vt 0.825681 0.304592
vt 0.821558 0.302209
vt 0.822763 0.301004
vt 0.825925 0.304349
vt 0.869463 0.301004
vt 0.869463 0.304349
vt 0.015591 0.110043
vt 0.014764 0.110043
vt 0.014764 0.106147
vt 0.015591 0.106147
vt 0.927628 0.441558
vt 0.927182 0.441558
vt 0.927182 0.440354
vt 0.927628 0.440354
vt 0.015591 0.158341
vt 0.014764 0.158341
vt 0.927628 0.491539
vt 0.927182 0.491539
vt 0.015591 0.061048
vt 0.014764 0.061048
vt 0.014764 0.009057
vt 0.015591 0.009057
vt 0.927628 0.538240
vt 0.927182 0.538240
vt 0.015591 0.416293
vt 0.014764 0.416293
vt 0.929672 0.511688
vt 0.929139 0.511688
vt 0.929139 0.487806
vt 0.929672 0.487806
vt 0.922387 0.575679
vt 0.922919 0.575679
vt 0.922919 0.575922
vt 0.922387 0.575922
vt 0.928606 0.518847
vt 0.928073 0.518847
vt 0.928073 0.486860
vt 0.928606 0.486860
vt 0.925051 0.520211
vt 0.924518 0.520211
vt 0.924518 0.472327
vt 0.925051 0.472327
vt 0.923452 0.575650
vt 0.922919 0.575650
vt 0.922919 0.575391
vt 0.923452 0.575391
vt 0.922919 0.440354
vt 0.923452 0.440354
vt 0.926649 0.483873
vt 0.926116 0.483873
vt 0.926116 0.440354
vt 0.926649 0.440354
vt 0.922387 0.440354
vt 0.922919 0.440354
vt 0.929139 0.440354
vt 0.929672 0.440354
vt 0.925051 0.440354
vt 0.925583 0.440354
vt 0.925583 0.484135
vt 0.925051 0.484135
vt 0.838009 0.528998
vt 0.838542 0.528998
vt 0.838542 0.551520
vt 0.838009 0.551520
vt 0.928073 0.440354
vt 0.928606 0.440354
vt 0.836944 0.528998
vt 0.837476 0.528998
vt 0.837476 0.552124
vt 0.836943 0.552124
vt 0.926649 0.531151
vt 0.926116 0.531151
vt 0.924518 0.440354
vt 0.925051 0.440354
vt 0.836411 0.555248
vt 0.835878 0.555248
vt 0.835878 0.528998
vt 0.836411 0.528998
vt 0.925051 0.568013
vt 0.924518 0.568013
vt 0.925583 0.531677
vt 0.925051 0.531677
vt 0.727057 0.611887
vt 0.652382 0.611887
vn 0.0000 0.7071 0.7071
vn 0.3015 0.3015 0.9045
vn 0.0000 0.0000 1.0000
vn -0.2971 -0.7173 0.6302
vn 0.0000 -0.7071 0.7071
vn 0.3015 -0.3015 0.9045
vn -0.3015 0.3015 0.9045
vn -0.2971 0.7173 0.6302
vn 0.7071 0.0000 0.7071
vn -0.7173 0.2971 0.6302
vn -0.7071 0.0000 0.7071
vn -0.7173 -0.2971 0.6302
vn -0.3015 -0.3015 0.9045
vn -0.5466 0.2293 0.8054
vn 0.7319 -0.1473 0.6653
vn -0.2281 0.5483 0.8046
vn 0.1461 -0.7319 0.6655
vn -0.4994 0.5025 0.7057
vn 0.4160 -0.6196 0.6655
vn 0.4975 -0.5005 0.7084
vn 0.6180 -0.4189 0.6653
vn -0.2971 0.7173 -0.6302
vn -0.7173 0.2971 -0.6302
vn -0.2275 -0.5491 0.8042
vn -0.5491 -0.2274 0.8042
vn 0.7173 0.2971 0.6302
vn 0.2971 0.7173 0.6302
vn 0.5491 -0.2275 0.8042
vn 0.2275 -0.5491 0.8042
vn 0.8277 -0.5611 0.0000
vn 0.9803 -0.1973 0.0000
vn 0.9239 0.3827 0.0000
vn 0.3827 0.9239 0.0000
vn 1.0000 0.0000 0.0000
vn 0.0000 1.0000 0.0000
vn 0.7092 -0.7050 0.0000
vn 0.7049 -0.7092 0.0000
vn 0.7071 -0.7071 0.0000
vn -0.3827 -0.9239 0.0000
vn -0.9239 -0.3826 0.0000
vn 0.7071 0.7071 0.0000
vn 0.0000 -1.0000 0.0000
vn 0.9239 -0.3827 0.0000
vn 0.3827 -0.9239 0.0000
vn -0.7071 0.7071 0.0000
vn -0.7071 -0.7071 0.0000
vn -0.9221 0.3868 0.0000
vn -0.3840 0.9233 0.0000
vn -0.7049 0.7092 0.0000
vn -0.7173 -0.2971 -0.6302
vn -0.2971 -0.7173 -0.6302
vn -0.3015 0.3015 -0.9045
vn 0.0000 -0.7071 -0.7071
vn 0.1461 -0.7319 -0.6655
vn -0.7071 0.0000 -0.7071
vn 0.0000 0.7071 -0.7071
vn 0.0000 0.0000 -1.0000
vn 0.3015 0.3015 -0.9045
vn 0.3015 -0.3015 -0.9045
vn 0.7071 0.0000 -0.7071
vn -0.3015 -0.3015 -0.9045
vn 0.7319 -0.1473 -0.6653
vn -0.5466 0.2293 -0.8054
vn -0.2280 0.5483 -0.8046
vn -0.4994 0.5025 -0.7057
vn 0.4975 -0.5005 -0.7084
vn 0.4160 -0.6196 -0.6655
vn 0.6179 -0.4189 -0.6653
vn -0.2275 -0.5491 -0.8042
vn 0.2971 0.7173 -0.6302
vn 0.7173 0.2971 -0.6302
vn -0.5491 -0.2274 -0.8042
vn 0.5491 -0.2275 -0.8042
vn 0.2275 -0.5491 -0.8042
usemtl Metal_01
s 1
f 634/1483/270 629/1484/271 653/1485/272 652/1486/273 639/1487/274
f 632/1488/275 635/1489/274 663/1490/276 654/1491/277 656/1492/272
f 630/1493/278 632/1488/275 656/1492/272 655/1494/279 636/1495/280
f 629/1484/271 630/1493/278 636/1495/280 651/1496/281 653/1485/272
f 638/1497/282 637/1498/283 648/1499/272 647/1500/284 664/1501/278
f 640/1502/285 634/1483/270 639/1487/274 657/1503/286 659/1504/272
f 633/1505/274 638/1497/282 664/1501/278 662/1506/272
f 635/1489/274 633/1505/274 662/1506/272 663/1490/276
f 641/1507/287 640/1502/285 659/1504/272 658/1508/288 631/1509/289
f 637/1498/283 641/1507/287 631/1509/289 646/1510/290 648/1499/272
f 646/1510/290 647/1500/284 648/1499/272
f 651/1496/281 652/1486/273 653/1485/272
f 654/1491/277 655/1494/279 656/1492/272
f 657/1503/286 658/1508/288 659/1504/272
f 736/1511/291 735/1512/292 667/1513/279 668/1514/277
f 654/1515/277 722/1516/291 723/1517/292 655/1518/279
f 643/1519/270 642/1520/271 663/1490/276 662/1506/272
f 644/1521/276 643/1519/270 662/1506/272 664/1501/278
f 661/1522/293 660/1523/294 666/1524/295 665/1525/296
f 650/1526/297 649/1527/298 668/1528/277 667/1529/279
f 642/1520/271 650/1526/297 667/1529/279 663/1490/276
f 649/1527/298 669/1530/274 645/1531/270 668/1528/277
f 660/1523/294 644/1521/276 664/1501/278 666/1524/295
f 669/1530/274 661/1522/293 665/1525/296 645/1531/270
f 647/1532/284 646/1533/290 672/1534/299 673/1535/300
f 665/1536/296 666/1537/295 677/1538/301 676/1539/302
f 664/1540/278 647/1532/284 673/1535/300 675/1541/303
f 645/1542/270 665/1536/296 676/1539/302 671/1543/304
f 631/1544/289 658/1545/288 674/1546/305 670/1547/306
f 668/1548/277 645/1542/270 671/1543/304 678/1549/304
f 646/1533/290 631/1544/289 670/1547/306 672/1534/299
f 666/1550/295 664/1540/278 675/1541/303 677/1551/301
f 632/1552/275 630/1553/278 680/1554/303 681/1555/307
f 660/1556/294 661/1557/293 695/1558/308 694/1559/309
f 629/1560/271 634/1561/270 683/1562/304 679/1563/310
f 633/1564/274 635/1565/274 684/1566/311 682/1567/311
f 649/1568/298 650/1569/297 693/1570/312 692/1571/313
f 650/1569/297 642/1572/271 689/1573/310 693/1570/312
f 669/1574/274 649/1575/298 692/1576/313 696/1577/311
f 644/1578/276 660/1556/294 694/1559/309 691/1579/314
f 630/1553/278 629/1580/271 679/1581/310 680/1554/303
f 642/1582/271 643/1583/270 690/1584/304 689/1585/310
f 637/1586/283 638/1587/282 686/1588/315 685/1589/316
f 634/1561/270 640/1590/285 687/1591/317 683/1562/304
f 641/1592/287 637/1593/283 685/1594/316 688/1595/318
f 661/1596/293 669/1574/274 696/1577/311 695/1597/308
f 635/1565/274 632/1598/275 681/1599/307 684/1566/311
f 640/1600/285 641/1601/287 688/1602/318 687/1603/317
f 638/1604/282 633/1564/274 682/1567/311 686/1605/315
f 643/1583/270 644/1606/276 691/1607/314 690/1584/304
f 719/1608/319 720/1609/320 652/1610/273 651/1611/281
f 735/1612/292 731/1613/321 663/1614/276 667/1615/279
f 707/1616/322 725/1617/323 657/1618/286 639/1619/274
f 720/1609/320 707/1616/322 639/1619/274 652/1620/273
f 723/1517/292 704/1621/324 636/1622/280 655/1518/279
f 731/1623/321 722/1624/291 654/1625/277 663/1626/276
f 636/1622/280 704/1621/324 719/1608/319 651/1611/281
f 702/1627/325 707/1628/322 720/1629/320 721/1630/326 697/1631/327
f 700/1632/328 724/1633/326 722/1634/291 731/1635/321 703/1636/322
f 698/1637/329 704/1638/324 723/1639/292 724/1633/326 700/1632/328
f 697/1631/327 721/1630/326 719/1640/319 704/1638/324 698/1637/329
f 706/1641/330 732/1642/329 715/1643/331 716/1644/326 705/1645/332
f 708/1646/333 727/1647/326 725/1648/323 707/1628/322 702/1627/325
f 701/1649/322 730/1650/326 732/1642/329 706/1641/330
f 703/1636/322 731/1635/321 730/1650/326 701/1649/322
f 709/1651/334 699/1652/335 726/1653/336 727/1647/326 708/1646/333
f 705/1645/332 716/1644/326 714/1654/337 699/1652/335 709/1651/334
f 714/1654/337 716/1644/326 715/1643/331
f 719/1640/319 721/1630/326 720/1629/320
f 722/1634/291 724/1633/326 723/1639/292
f 725/1648/323 727/1647/326 726/1653/336
f 711/1655/325 730/1650/326 731/1635/321 710/1656/327
f 712/1657/321 732/1642/329 730/1650/326 711/1655/325
f 729/1658/338 733/1659/339 734/1660/340 728/1661/341
f 718/1662/342 735/1663/292 736/1664/291 717/1665/343
f 710/1656/327 731/1635/321 735/1663/292 718/1662/342
f 717/1665/343 736/1664/291 713/1666/325 737/1667/322
f 728/1661/341 734/1660/340 732/1642/329 712/1657/321
f 737/1667/322 713/1666/325 733/1659/339 729/1658/338
f 715/1668/331 741/1669/300 740/1670/299 714/1671/337
f 733/1672/339 744/1673/302 745/1674/301 734/1675/340
f 732/1676/329 743/1677/303 741/1669/300 715/1668/331
f 713/1678/325 739/1679/304 744/1673/302 733/1672/339
f 699/1680/335 738/1681/306 742/1682/305 726/1683/336
f 736/1684/291 746/1685/304 739/1679/304 713/1678/325
f 714/1671/337 740/1670/299 738/1681/306 699/1680/335
f 734/1686/340 745/1687/301 743/1677/303 732/1676/329
f 700/1688/328 749/1689/307 748/1690/303 698/1691/329
f 728/1692/341 762/1693/309 763/1694/308 729/1695/338
f 697/1696/327 747/1697/310 751/1698/304 702/1699/325
f 701/1700/322 750/1701/311 752/1702/311 703/1703/322
f 717/1704/343 760/1705/313 761/1706/312 718/1707/342
f 718/1707/342 761/1706/312 757/1708/310 710/1709/327
f 737/1710/322 764/1711/311 760/1712/313 717/1713/343
f 712/1714/321 759/1715/314 762/1693/309 728/1692/341
f 698/1691/329 748/1690/303 747/1716/310 697/1717/327
f 710/1718/327 757/1719/310 758/1720/304 711/1721/325
f 705/1722/332 753/1723/316 754/1724/315 706/1725/330
f 702/1699/325 751/1698/304 755/1726/317 708/1727/333
f 709/1728/334 756/1729/318 753/1730/316 705/1731/332
f 729/1732/338 763/1733/308 764/1711/311 737/1710/322
f 703/1703/322 752/1702/311 749/1734/307 700/1735/328
f 708/1736/333 755/1737/317 756/1738/318 709/1739/334
f 706/1740/330 754/1741/315 750/1701/311 701/1700/322
f 711/1721/325 758/1720/304 759/1742/314 712/1743/321
f 657/1618/286 725/1617/323 726/1744/336 658/1745/288
o Plane
v 1.729221 0.070490 0.952419
v 1.406274 0.070490 0.952419
v 1.729221 0.070490 0.664794
v 1.406274 0.070490 0.664794
v 1.722615 0.070490 0.671399
v 1.722615 0.070490 0.945813
v 1.412880 0.070490 0.945813
v 1.412880 0.070490 0.671399
v 1.729221 0.064202 0.952419
v 1.406274 0.064202 0.952419
v 1.729221 0.064202 0.664794
v 1.406274 0.064202 0.664794
v 1.722615 0.064202 0.671399
v 1.722615 0.064202 0.945813
v 1.412880 0.064202 0.945813
v 1.412880 0.064202 0.671399
v 1.406163 0.009774 0.952241
v 1.406163 0.064202 0.952241
v 1.406163 0.009774 0.945813
v 1.406163 0.064202 0.945813
v 1.412365 0.009774 0.952241
v 1.412365 0.064202 0.952241
v 1.412365 0.009774 0.945813
v 1.412365 0.064202 0.945813
v 1.722992 0.009774 0.952241
v 1.722992 0.064202 0.952241
v 1.722992 0.009774 0.945813
v 1.722992 0.064202 0.945813
v 1.729194 0.009774 0.952241
v 1.729194 0.064202 0.952241
v 1.729194 0.009774 0.945813
v 1.729194 0.064202 0.945813
v 1.722992 0.009774 0.811922
v 1.722992 0.064202 0.811922
v 1.722992 0.009774 0.805495
v 1.722992 0.064202 0.805495
v 1.729194 0.009774 0.811922
v 1.729194 0.064202 0.811922
v 1.729194 0.009774 0.805495
v 1.729194 0.064202 0.805495
v 1.722992 0.009774 0.671349
v 1.722992 0.064202 0.671349
v 1.722992 0.009774 0.664922
v 1.722992 0.064202 0.664922
v 1.729194 0.009774 0.671349
v 1.729194 0.064202 0.671349
v 1.729194 0.009774 0.664922
v 1.729194 0.064202 0.664922
v 1.406163 0.009774 0.811922
v 1.406163 0.064202 0.811922
v 1.406163 0.009774 0.805495
v 1.406163 0.064202 0.805495
v 1.412365 0.009774 0.811922
v 1.412365 0.064202 0.811922
v 1.412365 0.009774 0.805495
v 1.412365 0.064202 0.805495
v 1.406163 0.009774 0.671349
v 1.406163 0.064202 0.671349
v 1.406163 0.009774 0.664922
v 1.406163 0.064202 0.664922
v 1.412365 0.009774 0.671349
v 1.412365 0.064202 0.671349
v 1.412365 0.009774 0.664922
v 1.412365 0.064202 0.664922
v 1.729237 0.009774 0.952419
v 1.406274 0.009774 0.952419
v 1.729237 0.009774 0.664794
v 1.406274 0.009774 0.664794
v 1.722631 0.009774 0.671399
v 1.722631 0.009774 0.945813
v 1.412880 0.009774 0.945813
v 1.412880 0.009774 0.671399
v 1.729237 0.003486 0.952419
v 1.406274 0.003486 0.952419
v 1.729237 0.003486 0.664794
v 1.406274 0.003486 0.664794
v 1.722631 0.003486 0.671399
v 1.722631 0.003486 0.945813
v 1.412880 0.003486 0.945813
v 1.412880 0.003486 0.671399
v 1.582790 0.063997 0.945813
v 1.547612 0.063997 0.945813
v 1.583528 0.063997 0.952419
v 1.546874 0.063997 0.952419
v 1.582790 0.057710 0.945813
v 1.547612 0.057710 0.945813
v 1.583528 0.057710 0.952419
v 1.546874 0.057710 0.952419
v 1.547612 0.063997 0.671399
v 1.582790 0.063997 0.671399
v 1.546874 0.063997 0.664794
v 1.583528 0.063997 0.664794
v 1.547612 0.057710 0.671399
v 1.582790 0.057710 0.671399
v 1.546874 0.057710 0.664794
v 1.583528 0.057710 0.664794
vt 0.300451 0.218551
vt 0.305060 0.213943
vt 0.305060 0.414604
vt 0.300451 0.409996
vt 0.084365 0.218551
vt 0.079756 0.213943
vt 0.084365 0.409996
vt 0.079756 0.414604
vt 0.300451 0.218551
vt 0.300451 0.409996
vt 0.305060 0.414604
vt 0.305060 0.213943
vt 0.084365 0.218551
vt 0.079756 0.213943
vt 0.084365 0.409996
vt 0.079756 0.414604
vt 0.288130 0.316467
vt 0.096686 0.316467
vt 0.096686 0.312080
vt 0.288130 0.312080
vt 0.096686 0.316467
vt 0.288130 0.316467
vt 0.288130 0.312080
vt 0.096686 0.312080
vt 0.079756 0.316467
vt 0.305060 0.316467
vt 0.305060 0.312080
vt 0.079756 0.312080
vt 0.305060 0.316467
vt 0.079756 0.316467
vt 0.079756 0.312080
vt 0.305060 0.312080
vt 0.300451 0.316467
vt 0.084365 0.316467
vt 0.084365 0.312080
vt 0.300451 0.312080
vt 0.084365 0.316467
vt 0.300451 0.316467
vt 0.300451 0.312080
vt 0.084365 0.312080
vt 0.092077 0.316467
vt 0.292739 0.316467
vt 0.292739 0.312080
vt 0.092077 0.312080
vt 0.292739 0.316467
vt 0.092077 0.316467
vt 0.092077 0.312080
vt 0.292739 0.312080
vt 0.185727 0.263615
vt 0.185727 0.364932
vt 0.199089 0.364932
vt 0.199089 0.263615
vt 0.185961 0.263615
vt 0.185961 0.364932
vt 0.198855 0.364932
vt 0.198855 0.263615
vt 0.199089 0.263615
vt 0.199089 0.364932
vt 0.185727 0.364932
vt 0.185727 0.263615
vt 0.198855 0.263615
vt 0.198855 0.364932
vt 0.185961 0.364932
vt 0.185961 0.263615
vt 0.185961 0.320954
vt 0.198855 0.320954
vt 0.198855 0.307593
vt 0.185961 0.307593
vt 0.198855 0.320954
vt 0.185961 0.320954
vt 0.185961 0.307593
vt 0.198855 0.307593
vt 0.185727 0.263615
vt 0.185727 0.364932
vt 0.199089 0.364932
vt 0.199089 0.263615
vt 0.185961 0.263615
vt 0.185961 0.364932
vt 0.198855 0.364932
vt 0.198855 0.263615
vt 0.199089 0.263615
vt 0.199089 0.364932
vt 0.185727 0.364932
vt 0.185727 0.263615
vt 0.198855 0.263615
vt 0.198855 0.364932
vt 0.185961 0.364932
vt 0.185961 0.263615
vt 0.185961 0.320954
vt 0.198855 0.320954
vt 0.198855 0.307593
vt 0.185961 0.307593
vt 0.198855 0.320954
vt 0.185961 0.320954
vt 0.185961 0.307593
vt 0.198855 0.307593
vt 0.185727 0.263615
vt 0.185727 0.364932
vt 0.199089 0.364932
vt 0.199089 0.263615
vt 0.185961 0.263615
vt 0.185961 0.364932
vt 0.198855 0.364932
vt 0.198855 0.263615
vt 0.199089 0.263615
vt 0.199089 0.364932
vt 0.185727 0.364932
vt 0.185727 0.263615
vt 0.198855 0.263615
vt 0.198855 0.364932
vt 0.185961 0.364932
vt 0.185961 0.263615
vt 0.185961 0.320954
vt 0.198855 0.320954
vt 0.198855 0.307593
vt 0.185961 0.307593
vt 0.198855 0.320954
vt 0.185961 0.320954
vt 0.185961 0.307593
vt 0.198855 0.307593
vt 0.185727 0.263615
vt 0.185727 0.364932
vt 0.199089 0.364932
vt 0.199089 0.263615
vt 0.185961 0.263615
vt 0.185961 0.364932
vt 0.198855 0.364932
vt 0.198855 0.263615
vt 0.199089 0.263615
vt 0.199089 0.364932
vt 0.185727 0.364932
vt 0.185727 0.263615
vt 0.198855 0.263615
vt 0.198855 0.364932
vt 0.185961 0.364932
vt 0.185961 0.263615
vt 0.185961 0.320954
vt 0.198855 0.320954
vt 0.198855 0.307593
vt 0.185961 0.307593
vt 0.198855 0.320954
vt 0.185961 0.320954
vt 0.185961 0.307593
vt 0.198855 0.307593
vt 0.185727 0.263615
vt 0.185727 0.364932
vt 0.199089 0.364932
vt 0.199089 0.263615
vt 0.185961 0.263615
vt 0.185961 0.364932
vt 0.198855 0.364932
vt 0.198855 0.263615
vt 0.199089 0.263615
vt 0.199089 0.364932
vt 0.185727 0.364932
vt 0.185727 0.263615
vt 0.198855 0.263615
vt 0.198855 0.364932
vt 0.185961 0.364932
vt 0.185961 0.263615
vt 0.185961 0.320954
vt 0.198855 0.320954
vt 0.198855 0.307593
vt 0.185961 0.307593
vt 0.198855 0.320954
vt 0.185961 0.320954
vt 0.185961 0.307593
vt 0.198855 0.307593
vt 0.185727 0.263615
vt 0.185727 0.364932
vt 0.199089 0.364932
vt 0.199089 0.263615
vt 0.185961 0.263615
vt 0.185961 0.364932
vt 0.198855 0.364932
vt 0.198855 0.263615
vt 0.199089 0.263615
vt 0.199089 0.364932
vt 0.185727 0.364932
vt 0.185727 0.263615
vt 0.198855 0.263615
vt 0.198855 0.364932
vt 0.185961 0.364932
vt 0.185961 0.263615
vt 0.185961 0.320954
vt 0.198855 0.320954
vt 0.198855 0.307593
vt 0.185961 0.307593
vt 0.198855 0.320954
vt 0.185961 0.320954
vt 0.185961 0.307593
vt 0.198855 0.307593
vt 0.330681 0.150669
vt 0.336211 0.145139
vt 0.336211 0.385921
vt 0.330681 0.380391
vt 0.213614 0.150669
vt 0.214232 0.145139
vt 0.071377 0.380391
vt 0.065847 0.385921
vt 0.065847 0.145139
vt 0.071377 0.150669
vt 0.184165 0.380391
vt 0.183548 0.385921
vt 0.330681 0.150669
vt 0.330681 0.380391
vt 0.336211 0.385921
vt 0.336211 0.145139
vt 0.213614 0.150669
vt 0.214232 0.145139
vt 0.071377 0.380391
vt 0.071377 0.150669
vt 0.065847 0.145139
vt 0.065847 0.385921
vt 0.184165 0.380391
vt 0.183548 0.385921
vt 0.338411 0.326855
vt 0.062745 0.326855
vt 0.062745 0.320539
vt 0.338411 0.320539
vt 0.062745 0.326855
vt 0.338411 0.326855
vt 0.338411 0.320539
vt 0.062745 0.320539
vt 0.205798 0.332153
vt 0.307447 0.294327
vt 0.307447 0.289940
vt 0.205798 0.327767
vt 0.180228 0.332153
vt 0.082144 0.294327
vt 0.082144 0.289940
vt 0.180228 0.327767
vt 0.180743 0.332153
vt 0.086752 0.294327
vt 0.086752 0.289940
vt 0.180743 0.327767
vt 0.205283 0.332153
vt 0.302838 0.294327
vt 0.302838 0.289940
vt 0.205283 0.327767
vt 0.056108 0.326855
vt 0.345047 0.326855
vt 0.345047 0.320539
vt 0.056108 0.320539
vt 0.345047 0.326855
vt 0.056108 0.326855
vt 0.056108 0.320539
vt 0.345047 0.320539
vt 0.086752 0.294327
vt 0.180743 0.332153
vt 0.180743 0.327767
vt 0.086752 0.289940
vt 0.307447 0.294327
vt 0.205798 0.332153
vt 0.205798 0.327767
vt 0.307447 0.289940
vt 0.184165 0.150669
vt 0.183548 0.145139
vt 0.183548 0.145139
vt 0.184165 0.150669
vt 0.302838 0.294327
vt 0.205283 0.332153
vt 0.205283 0.327767
vt 0.302838 0.289940
vt 0.082144 0.294327
vt 0.180228 0.332153
vt 0.180228 0.327767
vt 0.082144 0.289940
vt 0.213614 0.380391
vt 0.214232 0.385921
vt 0.214232 0.385921
vt 0.213614 0.380391
vn 0.0000 1.0000 0.0000
vn 0.0000 -1.0000 0.0000
vn 1.0000 0.0000 0.0000
vn -1.0000 0.0000 0.0000
vn 0.0000 0.0000 -1.0000
vn 0.0000 0.0000 1.0000
vn 0.3483 0.9172 -0.1936
vn -0.3591 0.9117 0.1996
vn -0.3483 -0.9172 0.1936
vn 0.3591 -0.9117 -0.1996
vn 0.3591 -0.9117 0.1996
vn -0.3591 0.9117 -0.1996
vn -0.3483 -0.9172 -0.1936
vn 0.3483 0.9172 0.1936
usemtl Metal_Brushed_mat_004
s off
f 770/1746/344 765/1747/344 767/1748/344 769/1749/344
f 771/1750/344 766/1751/344 765/1747/344 770/1746/344
f 772/1752/344 768/1753/344 766/1751/344 771/1750/344
f 769/1749/344 767/1748/344 768/1753/344 772/1752/344
f 778/1754/345 777/1755/345 775/1756/345 773/1757/345
f 779/1758/345 778/1754/345 773/1757/345 774/1759/345
f 780/1760/345 779/1758/345 774/1759/345 776/1761/345
f 777/1755/345 780/1760/345 776/1761/345 775/1756/345
f 772/1762/346 771/1763/346 779/1764/346 780/1765/346
f 770/1766/347 769/1767/347 777/1768/347 778/1769/347
f 768/1770/348 767/1771/348 775/1772/348 776/1773/348
f 765/1774/349 766/1775/349 774/1776/349 773/1777/349
f 769/1778/349 772/1779/349 780/1780/349 777/1781/349
f 771/1782/348 770/1783/348 778/1784/348 779/1785/348
f 766/1786/347 768/1787/347 776/1788/347 774/1789/347
f 767/1790/346 765/1791/346 773/1792/346 775/1793/346
f 781/1794/347 782/1795/347 784/1796/347 783/1797/347
f 783/1798/348 784/1799/348 788/1800/348 787/1801/348
f 787/1802/346 788/1803/346 786/1804/346 785/1805/346
f 785/1806/349 786/1807/349 782/1808/349 781/1809/349
f 783/1810/345 787/1811/345 785/1812/345 781/1813/345
f 788/1814/344 784/1815/344 782/1816/344 786/1817/344
f 789/1818/347 790/1819/347 792/1820/347 791/1821/347
f 791/1822/348 792/1823/348 796/1824/348 795/1825/348
f 795/1826/346 796/1827/346 794/1828/346 793/1829/346
f 793/1830/349 794/1831/349 790/1832/349 789/1833/349
f 791/1834/345 795/1835/345 793/1836/345 789/1837/345
f 796/1838/344 792/1839/344 790/1840/344 794/1841/344
f 797/1842/347 798/1843/347 800/1844/347 799/1845/347
f 799/1846/348 800/1847/348 804/1848/348 803/1849/348
f 803/1850/346 804/1851/346 802/1852/346 801/1853/346
f 801/1854/349 802/1855/349 798/1856/349 797/1857/349
f 799/1858/345 803/1859/345 801/1860/345 797/1861/345
f 804/1862/344 800/1863/344 798/1864/344 802/1865/344
f 805/1866/347 806/1867/347 808/1868/347 807/1869/347
f 807/1870/348 808/1871/348 812/1872/348 811/1873/348
f 811/1874/346 812/1875/346 810/1876/346 809/1877/346
f 809/1878/349 810/1879/349 806/1880/349 805/1881/349
f 807/1882/345 811/1883/345 809/1884/345 805/1885/345
f 812/1886/344 808/1887/344 806/1888/344 810/1889/344
f 813/1890/347 814/1891/347 816/1892/347 815/1893/347
f 815/1894/348 816/1895/348 820/1896/348 819/1897/348
f 819/1898/346 820/1899/346 818/1900/346 817/1901/346
f 817/1902/349 818/1903/349 814/1904/349 813/1905/349
f 815/1906/345 819/1907/345 817/1908/345 813/1909/345
f 820/1910/344 816/1911/344 814/1912/344 818/1913/344
f 821/1914/347 822/1915/347 824/1916/347 823/1917/347
f 823/1918/348 824/1919/348 828/1920/348 827/1921/348
f 827/1922/346 828/1923/346 826/1924/346 825/1925/346
f 825/1926/349 826/1927/349 822/1928/349 821/1929/349
f 823/1930/345 827/1931/345 825/1932/345 821/1933/345
f 828/1934/344 824/1935/344 822/1936/344 826/1937/344
f 834/1938/344 829/1939/344 831/1940/344 833/1941/344
f 845/1942/350 847/1943/350 829/1939/350 834/1938/350
f 836/1944/344 832/1945/344 830/1946/344 835/1947/344
f 853/1948/351 855/1949/351 832/1945/351 836/1944/351
f 842/1950/345 841/1951/345 839/1952/345 837/1953/345
f 849/1954/352 842/1950/352 837/1953/352 851/1955/352
f 844/1956/345 843/1957/345 838/1958/345 840/1959/345
f 857/1960/353 844/1956/353 840/1959/353 859/1961/353
f 836/1962/346 835/1963/346 843/1964/346 844/1965/346
f 834/1966/347 833/1967/347 841/1968/347 842/1969/347
f 856/1970/348 831/1971/348 839/1972/348 860/1973/348
f 848/1974/349 830/1975/349 838/1976/349 852/1977/349
f 853/1978/349 836/1979/349 844/1980/349 857/1981/349
f 845/1982/348 834/1983/348 842/1984/348 849/1985/348
f 830/1986/347 832/1987/347 840/1988/347 838/1989/347
f 831/1990/346 829/1991/346 837/1992/346 839/1993/346
f 835/1994/348 846/1995/348 850/1996/348 843/1997/348
f 846/1995/348 845/1982/348 849/1985/348 850/1996/348
f 829/1998/349 847/1999/349 851/2000/349 837/2001/349
f 847/1999/349 848/1974/349 852/1977/349 851/2000/349
f 843/1957/354 850/2002/354 852/2003/354 838/1958/354
f 850/2002/345 849/1954/345 851/1955/345 852/2003/345
f 835/1947/355 830/1946/355 848/2004/355 846/2005/355
f 846/2005/344 848/2004/344 847/1943/344 845/1942/344
f 833/2006/349 854/2007/349 858/2008/349 841/2009/349
f 854/2007/349 853/1978/349 857/1981/349 858/2008/349
f 832/2010/348 855/2011/348 859/2012/348 840/2013/348
f 855/2011/348 856/1970/348 860/1973/348 859/2012/348
f 841/1951/356 858/2014/356 860/2015/356 839/1952/356
f 858/2014/345 857/1960/345 859/1961/345 860/2015/345
f 833/1941/357 831/1940/357 856/2016/357 854/2017/357
f 854/2017/344 856/2016/344 855/1949/344 853/1948/344
o Circle
v 1.732420 0.913441 0.675955
v 1.706436 0.913441 0.678514
v 1.681449 0.913441 0.686093
v 1.658422 0.913441 0.698402
v 1.638238 0.913441 0.714966
v 1.621674 0.913441 0.735150
v 1.609365 0.913441 0.758177
v 1.601786 0.913441 0.783164
v 1.599227 0.913441 0.809148
v 1.601786 0.913441 0.835133
v 1.609365 0.913441 0.860119
v 1.621674 0.913441 0.883147
v 1.638238 0.913441 0.903331
v 1.658422 0.913441 0.919895
v 1.681449 0.913441 0.932203
v 1.706436 0.913441 0.939783
v 1.732420 0.913441 0.942342
v 1.758405 0.913441 0.939783
v 1.783391 0.913441 0.932203
v 1.806419 0.913441 0.919895
v 1.826603 0.913441 0.903331
v 1.843167 0.913441 0.883147
v 1.855475 0.913441 0.860119
v 1.863055 0.913441 0.835133
v 1.865614 0.913441 0.809148
v 1.863055 0.913441 0.783164
v 1.855475 0.913441 0.758177
v 1.843167 0.913441 0.735150
v 1.826603 0.913441 0.714966
v 1.806419 0.913441 0.698402
v 1.783391 0.913441 0.686093
v 1.758405 0.913441 0.678514
v 1.732420 0.976285 0.675955
v 1.706436 0.976285 0.678514
v 1.681449 0.976285 0.686093
v 1.658422 0.976285 0.698402
v 1.638238 0.976285 0.714966
v 1.621674 0.976285 0.735150
v 1.609365 0.976285 0.758177
v 1.601786 0.976285 0.783164
v 1.599227 0.976285 0.809148
v 1.601786 0.976285 0.835133
v 1.609365 0.976285 0.860119
v 1.621674 0.976285 0.883147
v 1.638238 0.976285 0.903331
v 1.658422 0.976285 0.919895
v 1.681449 0.976285 0.932203
v 1.706436 0.976285 0.939783
v 1.732420 0.976285 0.942342
v 1.758405 0.976285 0.939783
v 1.783391 0.976285 0.932203
v 1.806419 0.976285 0.919895
v 1.826603 0.976285 0.903331
v 1.843167 0.976285 0.883147
v 1.855475 0.976285 0.860119
v 1.863055 0.976285 0.835133
v 1.865614 0.976285 0.809148
v 1.863055 0.976285 0.783164
v 1.855475 0.976285 0.758177
v 1.843167 0.976285 0.735150
v 1.826603 0.976285 0.714966
v 1.806419 0.976285 0.698402
v 1.783391 0.976285 0.686093
v 1.758405 0.976285 0.678514
v 1.705615 0.913441 0.674388
v 1.732420 0.913441 0.671748
v 1.679840 0.913441 0.682207
v 1.656085 0.913441 0.694904
v 1.635264 0.913441 0.711992
v 1.618176 0.913441 0.732813
v 1.605479 0.913441 0.756568
v 1.597660 0.913441 0.782343
v 1.595020 0.913441 0.809148
v 1.597660 0.913441 0.835954
v 1.605479 0.913441 0.861729
v 1.618176 0.913441 0.885484
v 1.635264 0.913441 0.906305
v 1.656085 0.913441 0.923392
v 1.679840 0.913441 0.936090
v 1.705615 0.913441 0.943908
v 1.732420 0.913441 0.946549
v 1.759226 0.913441 0.943908
v 1.785001 0.913441 0.936090
v 1.808756 0.913441 0.923392
v 1.829577 0.913441 0.906305
v 1.846665 0.913441 0.885484
v 1.859362 0.913441 0.861729
v 1.867181 0.913441 0.835954
v 1.869821 0.913441 0.809148
v 1.867181 0.913441 0.782343
v 1.859362 0.913441 0.756568
v 1.846665 0.913441 0.732813
v 1.829577 0.913441 0.711992
v 1.808756 0.913441 0.694904
v 1.785001 0.913441 0.682207
v 1.759226 0.913441 0.674388
v 1.705615 0.976285 0.674388
v 1.732420 0.976285 0.671748
v 1.679840 0.976285 0.682207
v 1.656085 0.976285 0.694904
v 1.635264 0.976285 0.711992
v 1.618176 0.976285 0.732813
v 1.605479 0.976285 0.756568
v 1.597660 0.976285 0.782343
v 1.595020 0.976285 0.809148
v 1.597660 0.976285 0.835954
v 1.605479 0.976285 0.861729
v 1.618176 0.976285 0.885484
v 1.635264 0.976285 0.906305
v 1.656085 0.976285 0.923392
v 1.679840 0.976285 0.936090
v 1.705615 0.976285 0.943908
v 1.732420 0.976285 0.946549
v 1.759226 0.976285 0.943908
v 1.785001 0.976285 0.936090
v 1.808756 0.976285 0.923392
v 1.829577 0.976285 0.906305
v 1.846665 0.976285 0.885484
v 1.859362 0.976285 0.861729
v 1.867181 0.976285 0.835954
v 1.869821 0.976285 0.809148
v 1.867181 0.976285 0.782343
v 1.859362 0.976285 0.756568
v 1.846665 0.976285 0.732813
v 1.829577 0.976285 0.711992
v 1.808756 0.976285 0.694904
v 1.785001 0.976285 0.682207
v 1.759226 0.976285 0.674388
vt 0.063999 0.985585
vt 0.063999 0.927854
vt 0.039256 0.927854
vt 0.039256 0.985585
vt 0.732078 0.985585
vt 0.732078 0.927854
vt 0.707334 0.927854
vt 0.707334 0.985585
vt 0.410410 0.985585
vt 0.410410 0.927854
vt 0.385667 0.927854
vt 0.385667 0.985585
vt 0.088743 0.985585
vt 0.088743 0.927854
vt 0.756821 0.985585
vt 0.756821 0.927854
vt 0.435154 0.985585
vt 0.435154 0.927854
vt 0.113487 0.985585
vt 0.113486 0.927854
vt 0.781565 0.985585
vt 0.781565 0.927854
vt 0.459898 0.985585
vt 0.459898 0.927854
vt 0.138230 0.985585
vt 0.138230 0.927854
vt 0.806309 0.985585
vt 0.806309 0.927854
vt 0.484641 0.985585
vt 0.484641 0.927854
vt 0.162974 0.985585
vt 0.162974 0.927854
vt 0.831052 0.985585
vt 0.831052 0.927854
vt 0.509385 0.985585
vt 0.509385 0.927854
vt 0.187717 0.985585
vt 0.187717 0.927854
vt 0.534128 0.985585
vt 0.534128 0.927854
vt 0.212461 0.985585
vt 0.212461 0.927854
vt 0.558872 0.985585
vt 0.558872 0.927854
vt 0.237205 0.985585
vt 0.237205 0.927854
vt 0.583616 0.985585
vt 0.583616 0.927854
vt 0.261948 0.985585
vt 0.261948 0.927854
vt 0.608359 0.985585
vt 0.608359 0.927854
vt 0.286692 0.985585
vt 0.286692 0.927854
vt 0.633103 0.985585
vt 0.633103 0.927854
vt 0.311436 0.985585
vt 0.311436 0.927854
vt 0.657847 0.985585
vt 0.657847 0.927854
vt 0.336179 0.985585
vt 0.336179 0.927854
vt 0.682590 0.985585
vt 0.682590 0.927854
vt 0.360923 0.985585
vt 0.360923 0.927854
vt 0.836101 0.871805
vt 0.833703 0.871568
vt 0.833703 0.886999
vt 0.836101 0.886763
vt 0.839019 0.857134
vt 0.836713 0.856434
vt 0.844743 0.843314
vt 0.842618 0.842178
vt 0.853054 0.830876
vt 0.851191 0.829347
vt 0.863631 0.820299
vt 0.862102 0.818436
vt 0.876069 0.811989
vt 0.874933 0.809864
vt 0.889888 0.806264
vt 0.889189 0.803958
vt 0.904559 0.803346
vt 0.904323 0.800948
vt 0.919518 0.803346
vt 0.919754 0.800948
vt 0.934189 0.806264
vt 0.934888 0.803958
vt 0.948009 0.811989
vt 0.949145 0.809864
vt 0.960446 0.820299
vt 0.961975 0.818436
vt 0.971023 0.830876
vt 0.972886 0.829348
vt 0.979334 0.843314
vt 0.981459 0.842178
vt 0.985058 0.857134
vt 0.987364 0.856434
vt 0.987976 0.871805
vt 0.990375 0.871568
vt 0.987976 0.886763
vt 0.990375 0.886999
vt 0.985058 0.901434
vt 0.987364 0.902134
vt 0.979334 0.915254
vt 0.981459 0.916390
vt 0.971023 0.927691
vt 0.972886 0.929220
vt 0.960446 0.938268
vt 0.961975 0.940131
vt 0.948009 0.946579
vt 0.949145 0.948704
vt 0.934189 0.952303
vt 0.934888 0.954609
vt 0.919518 0.955221
vt 0.919754 0.957620
vt 0.904559 0.955221
vt 0.904323 0.957620
vt 0.889888 0.952303
vt 0.889189 0.954609
vt 0.876069 0.946579
vt 0.874933 0.948704
vt 0.863631 0.938268
vt 0.862102 0.940131
vt 0.853054 0.927691
vt 0.851191 0.929220
vt 0.844743 0.915254
vt 0.842618 0.916390
vt 0.839019 0.901434
vt 0.836713 0.902134
vt 0.919518 0.798550
vt 0.919754 0.800948
vt 0.934888 0.797938
vt 0.934189 0.795631
vt 0.949145 0.792032
vt 0.948009 0.789907
vt 0.961975 0.783459
vt 0.960446 0.781597
vt 0.972886 0.772548
vt 0.971023 0.771019
vt 0.981459 0.759718
vt 0.979334 0.758582
vt 0.987364 0.745462
vt 0.985058 0.744762
vt 0.990375 0.730327
vt 0.987976 0.730091
vt 0.990375 0.714897
vt 0.987976 0.715133
vt 0.987364 0.699762
vt 0.985058 0.700462
vt 0.981459 0.685506
vt 0.979334 0.686642
vt 0.972886 0.672676
vt 0.971023 0.674204
vt 0.961975 0.661764
vt 0.960446 0.663627
vt 0.949144 0.653192
vt 0.948008 0.655317
vt 0.934888 0.647286
vt 0.934188 0.649593
vt 0.919754 0.644276
vt 0.919517 0.646674
vt 0.904323 0.644276
vt 0.904559 0.646674
vt 0.889189 0.647287
vt 0.889888 0.649593
vt 0.874933 0.653192
vt 0.876068 0.655317
vt 0.862102 0.661765
vt 0.863631 0.663627
vt 0.851191 0.672676
vt 0.853054 0.674205
vt 0.842618 0.685506
vt 0.844743 0.686642
vt 0.836713 0.699762
vt 0.839019 0.700462
vt 0.833703 0.714897
vt 0.836101 0.715133
vt 0.833703 0.730327
vt 0.836101 0.730091
vt 0.836713 0.745462
vt 0.839019 0.744762
vt 0.842618 0.759718
vt 0.844744 0.758582
vt 0.851191 0.772548
vt 0.853054 0.771020
vt 0.862102 0.783460
vt 0.863631 0.781597
vt 0.874933 0.792032
vt 0.876069 0.789907
vt 0.889189 0.797938
vt 0.889888 0.795631
vt 0.904323 0.800948
vt 0.904559 0.798550
vt 0.039256 0.870123
vt 0.039256 0.927854
vt 0.063242 0.927854
vt 0.063242 0.870123
vt 0.087228 0.927854
vt 0.087228 0.870123
vt 0.111214 0.927854
vt 0.111214 0.870123
vt 0.135200 0.927854
vt 0.135200 0.870123
vt 0.159186 0.927854
vt 0.159186 0.870123
vt 0.183172 0.927854
vt 0.183172 0.870123
vt 0.207159 0.927854
vt 0.207159 0.870123
vt 0.231145 0.927854
vt 0.231145 0.870123
vt 0.255131 0.927854
vt 0.255131 0.870123
vt 0.279117 0.927854
vt 0.279117 0.870123
vt 0.303103 0.927854
vt 0.303103 0.870123
vt 0.327089 0.927854
vt 0.327089 0.870123
vt 0.351075 0.927854
vt 0.351075 0.870123
vt 0.375061 0.927854
vt 0.375061 0.870123
vt 0.399048 0.927854
vt 0.399048 0.870123
vt 0.423034 0.927854
vt 0.423034 0.870123
vt 0.447020 0.927854
vt 0.447020 0.870123
vt 0.471006 0.927854
vt 0.471006 0.870123
vt 0.494992 0.927854
vt 0.494992 0.870123
vt 0.518978 0.927854
vt 0.518978 0.870123
vt 0.542964 0.927854
vt 0.542964 0.870123
vt 0.566951 0.927854
vt 0.566951 0.870123
vt 0.590937 0.927854
vt 0.590937 0.870123
vt 0.614923 0.927854
vt 0.614923 0.870123
vt 0.638909 0.927854
vt 0.638909 0.870123
vt 0.662895 0.927854
vt 0.662895 0.870123
vt 0.686881 0.927854
vt 0.686881 0.870123
vt 0.710867 0.927854
vt 0.710867 0.870123
vt 0.734853 0.927854
vt 0.734853 0.870123
vt 0.758839 0.927854
vt 0.758840 0.870123
vt 0.782826 0.927854
vt 0.782826 0.870123
vt 0.806812 0.927854
vt 0.806812 0.870123
vn -0.1951 0.0000 -0.9808
vn 0.0000 0.0000 -1.0000
vn 0.7071 0.0000 -0.7071
vn 0.8315 0.0000 -0.5556
vn -0.1951 0.0000 0.9808
vn -0.3827 0.0000 0.9239
vn -0.3827 0.0000 -0.9239
vn 0.5556 0.0000 -0.8315
vn 0.0000 0.0000 1.0000
vn -0.5556 0.0000 -0.8315
vn 0.3827 0.0000 -0.9239
vn 0.1951 0.0000 0.9808
vn -0.7071 0.0000 -0.7071
vn 0.1951 0.0000 -0.9808
vn 0.3827 0.0000 0.9239
vn -0.8315 0.0000 -0.5556
vn 0.5556 0.0000 0.8315
vn -0.9239 0.0000 -0.3827
vn 0.7071 0.0000 0.7071
vn -0.9808 0.0000 -0.1951
vn 0.8315 0.0000 0.5556
vn -1.0000 0.0000 -0.0000
vn 0.9239 0.0000 0.3827
vn -0.9808 0.0000 0.1951
vn 0.9808 0.0000 0.1951
vn -0.9239 0.0000 0.3827
vn 1.0000 0.0000 -0.0000
vn -0.8315 0.0000 0.5556
vn 0.9808 0.0000 -0.1951
vn -0.7071 0.0000 0.7071
vn 0.9239 0.0000 -0.3827
vn -0.5556 0.0000 0.8315
vn 0.0000 -1.0000 -0.0000
vn 0.0000 1.0000 0.0000
usemtl Metal_01
s 1
f 925/2018/358 957/2019/358 958/2020/359 926/2021/359
f 953/2022/360 985/2023/360 984/2024/361 952/2025/361
f 940/2026/362 972/2027/362 971/2028/363 939/2029/363
f 927/2030/364 959/2031/364 957/2019/358 925/2018/358
f 954/2032/365 986/2033/365 985/2023/360 953/2022/360
f 941/2034/366 973/2035/366 972/2027/362 940/2026/362
f 928/2036/367 960/2037/367 959/2031/364 927/2030/364
f 955/2038/368 987/2039/368 986/2033/365 954/2032/365
f 942/2040/369 974/2041/369 973/2035/366 941/2034/366
f 929/2042/370 961/2043/370 960/2037/367 928/2036/367
f 956/2044/371 988/2045/371 987/2039/368 955/2038/368
f 943/2046/372 975/2047/372 974/2041/369 942/2040/369
f 930/2048/373 962/2049/373 961/2043/370 929/2042/370
f 926/2050/359 958/2051/359 988/2045/371 956/2044/371
f 944/2052/374 976/2053/374 975/2047/372 943/2046/372
f 931/2054/375 963/2055/375 962/2049/373 930/2048/373
f 945/2056/376 977/2057/376 976/2053/374 944/2052/374
f 932/2058/377 964/2059/377 963/2055/375 931/2054/375
f 946/2060/378 978/2061/378 977/2057/376 945/2056/376
f 933/2062/379 965/2063/379 964/2059/377 932/2058/377
f 947/2064/380 979/2065/380 978/2061/378 946/2060/378
f 934/2066/381 966/2067/381 965/2063/379 933/2062/379
f 948/2068/382 980/2069/382 979/2065/380 947/2064/380
f 935/2070/383 967/2071/383 966/2067/381 934/2066/381
f 949/2072/384 981/2073/384 980/2069/382 948/2068/382
f 936/2074/385 968/2075/385 967/2071/383 935/2070/383
f 950/2076/386 982/2077/386 981/2073/384 949/2072/384
f 937/2078/387 969/2079/387 968/2075/385 936/2074/385
f 951/2080/388 983/2081/388 982/2077/386 950/2076/386
f 938/2082/389 970/2083/389 969/2079/387 937/2078/387
f 952/2025/361 984/2024/361 983/2081/388 951/2080/388
f 939/2029/363 971/2028/363 970/2083/389 938/2082/389
f 862/2084/390 925/2085/390 926/2086/390 861/2087/390
f 863/2088/390 927/2089/390 925/2085/390 862/2084/390
f 864/2090/390 928/2091/390 927/2089/390 863/2088/390
f 865/2092/390 929/2093/390 928/2091/390 864/2090/390
f 866/2094/390 930/2095/390 929/2093/390 865/2092/390
f 867/2096/390 931/2097/390 930/2095/390 866/2094/390
f 868/2098/390 932/2099/390 931/2097/390 867/2096/390
f 869/2100/390 933/2101/390 932/2099/390 868/2098/390
f 870/2102/390 934/2103/390 933/2101/390 869/2100/390
f 871/2104/390 935/2105/390 934/2103/390 870/2102/390
f 872/2106/390 936/2107/390 935/2105/390 871/2104/390
f 873/2108/390 937/2109/390 936/2107/390 872/2106/390
f 874/2110/390 938/2111/390 937/2109/390 873/2108/390
f 875/2112/390 939/2113/390 938/2111/390 874/2110/390
f 876/2114/390 940/2115/390 939/2113/390 875/2112/390
f 877/2116/390 941/2117/390 940/2115/390 876/2114/390
f 878/2118/390 942/2119/390 941/2117/390 877/2116/390
f 879/2120/390 943/2121/390 942/2119/390 878/2118/390
f 880/2122/390 944/2123/390 943/2121/390 879/2120/390
f 881/2124/390 945/2125/390 944/2123/390 880/2122/390
f 882/2126/390 946/2127/390 945/2125/390 881/2124/390
f 883/2128/390 947/2129/390 946/2127/390 882/2126/390
f 884/2130/390 948/2131/390 947/2129/390 883/2128/390
f 885/2132/390 949/2133/390 948/2131/390 884/2130/390
f 886/2134/390 950/2135/390 949/2133/390 885/2132/390
f 887/2136/390 951/2137/390 950/2135/390 886/2134/390
f 888/2138/390 952/2139/390 951/2137/390 887/2136/390
f 889/2140/390 953/2141/390 952/2139/390 888/2138/390
f 890/2142/390 954/2143/390 953/2141/390 889/2140/390
f 891/2144/390 955/2145/390 954/2143/390 890/2142/390
f 892/2146/390 956/2147/390 955/2145/390 891/2144/390
f 861/2087/390 926/2086/390 956/2147/390 892/2146/390
f 893/2148/391 958/2149/391 957/2150/391 894/2151/391
f 894/2151/391 957/2150/391 959/2152/391 895/2153/391
f 895/2153/391 959/2152/391 960/2154/391 896/2155/391
f 896/2155/391 960/2154/391 961/2156/391 897/2157/391
f 897/2157/391 961/2156/391 962/2158/391 898/2159/391
f 898/2159/391 962/2158/391 963/2160/391 899/2161/391
f 899/2161/391 963/2160/391 964/2162/391 900/2163/391
f 900/2163/391 964/2162/391 965/2164/391 901/2165/391
f 901/2165/391 965/2164/391 966/2166/391 902/2167/391
f 902/2167/391 966/2166/391 967/2168/391 903/2169/391
f 903/2169/391 967/2168/391 968/2170/391 904/2171/391
f 904/2171/391 968/2170/391 969/2172/391 905/2173/391
f 905/2173/391 969/2172/391 970/2174/391 906/2175/391
f 906/2175/391 970/2174/391 971/2176/391 907/2177/391
f 907/2177/391 971/2176/391 972/2178/391 908/2179/391
f 908/2179/391 972/2178/391 973/2180/391 909/2181/391
f 909/2181/391 973/2180/391 974/2182/391 910/2183/391
f 910/2183/391 974/2182/391 975/2184/391 911/2185/391
f 911/2185/391 975/2184/391 976/2186/391 912/2187/391
f 912/2187/391 976/2186/391 977/2188/391 913/2189/391
f 913/2189/391 977/2188/391 978/2190/391 914/2191/391
f 914/2191/391 978/2190/391 979/2192/391 915/2193/391
f 915/2193/391 979/2192/391 980/2194/391 916/2195/391
f 916/2195/391 980/2194/391 981/2196/391 917/2197/391
f 917/2197/391 981/2196/391 982/2198/391 918/2199/391
f 918/2199/391 982/2198/391 983/2200/391 919/2201/391
f 919/2201/391 983/2200/391 984/2202/391 920/2203/391
f 920/2203/391 984/2202/391 985/2204/391 921/2205/391
f 921/2205/391 985/2204/391 986/2206/391 922/2207/391
f 922/2207/391 986/2206/391 987/2208/391 923/2209/391
f 923/2209/391 987/2208/391 988/2210/391 924/2211/391
f 924/2211/391 988/2210/391 958/2149/391 893/2148/391
f 893/2212/366 861/2213/366 892/2214/362 924/2215/362
f 924/2215/362 892/2214/362 891/2216/363 923/2217/363
f 923/2217/363 891/2216/363 890/2218/389 922/2219/389
f 922/2219/389 890/2218/389 889/2220/387 921/2221/387
f 921/2221/387 889/2220/387 888/2222/385 920/2223/385
f 920/2223/385 888/2222/385 887/2224/383 919/2225/383
f 919/2225/383 887/2224/383 886/2226/381 918/2227/381
f 918/2227/381 886/2226/381 885/2228/379 917/2229/379
f 917/2229/379 885/2228/379 884/2230/377 916/2231/377
f 916/2231/377 884/2230/377 883/2232/375 915/2233/375
f 915/2233/375 883/2232/375 882/2234/373 914/2235/373
f 914/2235/373 882/2234/373 881/2236/370 913/2237/370
f 913/2237/370 881/2236/370 880/2238/367 912/2239/367
f 912/2239/367 880/2238/367 879/2240/364 911/2241/364
f 911/2241/364 879/2240/364 878/2242/358 910/2243/358
f 910/2243/358 878/2242/358 877/2244/359 909/2245/359
f 909/2245/359 877/2244/359 876/2246/371 908/2247/371
f 908/2247/371 876/2246/371 875/2248/368 907/2249/368
f 907/2249/368 875/2248/368 874/2250/365 906/2251/365
f 906/2251/365 874/2250/365 873/2252/360 905/2253/360
f 905/2253/360 873/2252/360 872/2254/361 904/2255/361
f 904/2255/361 872/2254/361 871/2256/388 903/2257/388
f 903/2257/388 871/2256/388 870/2258/386 902/2259/386
f 902/2259/386 870/2258/386 869/2260/384 901/2261/384
f 901/2261/384 869/2260/384 868/2262/382 900/2263/382
f 900/2263/382 868/2262/382 867/2264/380 899/2265/380
f 899/2265/380 867/2264/380 866/2266/378 898/2267/378
f 898/2267/378 866/2266/378 865/2268/376 897/2269/376
f 897/2269/376 865/2268/376 864/2270/374 896/2271/374
f 896/2271/374 864/2270/374 863/2272/372 895/2273/372
f 895/2273/372 863/2272/372 862/2274/369 894/2275/369
f 894/2275/369 862/2274/369 861/2276/366 893/2277/366
o Cube.009_Cube.010
v 1.420020 0.084832 0.951976
v 1.420020 0.272314 0.951976
v 1.726966 0.272314 0.951976
v 1.420020 0.358473 0.951976
v 1.726966 0.358473 0.951976
v 1.542915 0.084832 0.951976
v 1.542915 0.272314 0.951976
v 1.542915 0.358473 0.951976
v 1.910701 0.272246 0.951976
v 1.910701 0.358473 0.951976
v 1.721592 0.084832 0.951976
v 1.821853 0.184980 0.951977
v 1.420020 0.084832 0.944643
v 1.420020 0.266826 0.944643
v 1.420020 0.358473 0.944643
v 1.726966 0.358473 0.944643
v 1.542915 0.084832 0.944643
v 1.542915 0.358473 0.944643
v 1.910701 0.272246 0.944643
v 1.910701 0.358473 0.944643
v 1.721592 0.084832 0.944643
v 1.821853 0.184980 0.944643
vt 0.744336 0.115920
vt 0.744336 0.218624
vt 0.674984 0.218624
vt 0.674984 0.115920
vt 0.848200 0.218624
vt 0.951886 0.221683
vt 0.951886 0.270343
vt 0.848200 0.270343
vt 0.845167 0.115920
vt 0.901748 0.172436
vt 0.744336 0.270343
vt 0.674984 0.270343
vt 0.674984 0.270343
vt 0.674984 0.218624
vt 0.744336 0.115920
vt 0.845167 0.115920
vt 0.674984 0.115920
vt 0.901748 0.172436
vt 0.744336 0.270343
vt 0.848200 0.270343
vt 0.951886 0.270343
vt 0.951886 0.221683
vn 0.0000 0.0000 1.0000
vn -1.0000 0.0000 0.0000
vn 0.0000 -1.0000 0.0000
vn 0.7067 -0.7075 0.0000
vn 0.0000 1.0000 0.0000
vn 0.7007 -0.7134 0.0000
vn 1.0000 0.0000 0.0000
usemtl Metal_01
s off
f 994/2278/392 995/2279/392 990/2280/392 989/2281/392
f 991/2282/392 997/2283/392 998/2284/392 993/2285/392
f 991/2282/392 999/2286/392 1000/2287/392 997/2283/392
f 995/2279/392 991/2282/392 993/2285/392 996/2288/392
f 990/2280/392 995/2279/392 996/2288/392 992/2289/392
f 999/2286/392 991/2282/392 995/2279/392 994/2278/392
f 990/2280/393 992/2289/393 1003/2290/393 1002/2291/393
f 999/2286/394 994/2278/394 1005/2292/394 1009/2293/394
f 994/2278/394 989/2281/394 1001/2294/394 1005/2292/394
f 1000/2287/395 999/2286/395 1009/2293/395 1010/2295/395
f 992/2289/396 996/2288/396 1006/2296/396 1003/2290/396
f 996/2288/396 993/2285/396 1004/2297/396 1006/2296/396
f 993/2285/396 998/2284/396 1008/2298/396 1004/2297/396
f 997/2283/397 1000/2287/397 1010/2295/397 1007/2299/397
f 989/2281/393 990/2280/393 1002/2291/393 1001/2294/393
f 998/2284/398 997/2283/398 1007/2299/398 1008/2298/398
o Cube.008_Cube.012
v 1.831428 0.175739 0.950569
v 1.831428 0.175739 0.666644
v 1.727169 0.913484 0.950569
v 1.727169 0.913484 0.666644
v 1.921011 0.263728 0.950569
v 1.924321 0.271619 0.950569
v 1.730440 0.074156 0.666644
v 1.924321 0.271619 0.666644
v 1.921011 0.263728 0.666644
v 1.730440 0.074157 0.950569
v 1.924321 0.372114 0.666644
v 1.924321 0.372114 0.950569
v 1.919682 0.913484 0.950569
v 1.924321 0.908845 0.950569
v 1.924321 0.908845 0.666644
v 1.919682 0.913484 0.666644
v 1.547294 0.913484 0.950569
v 1.547294 0.913484 0.666644
vt 0.163541 0.632987
vt 0.163541 0.856787
vt 0.021757 0.856787
vt 0.021757 0.632987
vt 0.315286 0.632987
vt 0.315286 0.856787
vt 0.638749 0.113708
vt 0.638749 0.231158
vt 0.327692 0.231158
vt 0.327692 0.113708
vt 0.319366 0.424137
vt 0.319366 0.520223
vt 0.050807 0.520223
vt 0.050807 0.424137
vt 0.638749 0.858442
vt 0.327692 0.858442
vt 0.318943 0.632987
vt 0.318943 0.856787
vt 0.050807 0.603450
vt 0.319366 0.603450
vt 0.319366 0.610913
vt 0.050807 0.610913
vn 0.0000 1.0000 0.0000
vn 0.3827 0.9239 0.0000
vn 0.9803 -0.1973 0.0000
vn 1.0000 0.0000 0.0000
vn 0.7092 -0.7050 0.0000
vn 0.7049 -0.7092 0.0000
vn 0.9239 0.3827 0.0000
vn 0.8277 -0.5611 0.0000
usemtl Metal_01
s 1
f 1013/2300/399 1014/2301/399 1028/2302/399 1027/2303/399
f 1023/2304/400 1026/2305/400 1014/2301/399 1013/2300/399
f 1018/2306/401 1021/2307/402 1022/2308/402 1016/2309/401
f 1017/2310/403 1012/2311/404 1011/2312/404 1020/2313/403
f 1021/2307/402 1025/2314/405 1024/2315/405 1022/2308/402
f 1024/2316/405 1025/2317/405 1026/2305/400 1023/2304/400
f 1015/2318/406 1019/2319/406 1018/2320/401 1016/2321/401
f 1011/2312/404 1012/2311/404 1019/2319/406 1015/2318/406
o Circle.001
v 1.732420 0.953001 0.675955
v 1.706436 0.953001 0.678514
v 1.681449 0.953001 0.686093
v 1.658422 0.953001 0.698402
v 1.638238 0.953001 0.714966
v 1.621674 0.953001 0.735150
v 1.609365 0.953001 0.758177
v 1.601786 0.953001 0.783164
v 1.599227 0.953001 0.809148
v 1.601786 0.953001 0.835133
v 1.609365 0.953001 0.860119
v 1.621674 0.953001 0.883147
v 1.638238 0.953001 0.903331
v 1.658422 0.953001 0.919895
v 1.681449 0.953001 0.932203
v 1.706436 0.953001 0.939783
v 1.732420 0.953001 0.942342
v 1.758405 0.953001 0.939783
v 1.783391 0.953001 0.932203
v 1.806419 0.953001 0.919895
v 1.826603 0.953001 0.903331
v 1.843167 0.953001 0.883147
v 1.855475 0.953001 0.860119
v 1.863055 0.953001 0.835133
v 1.865614 0.953001 0.809148
v 1.863055 0.953001 0.783164
v 1.855475 0.953001 0.758177
v 1.843167 0.953001 0.735150
v 1.826603 0.953001 0.714966
v 1.806419 0.953001 0.698402
v 1.783391 0.953001 0.686093
v 1.758405 0.953001 0.678514
vt 0.416620 0.927123
vt 0.335554 0.902532
vt 0.260843 0.862598
vt 0.195358 0.808856
vt 0.141616 0.743371
vt 0.101681 0.668660
vt 0.077090 0.587594
vt 0.068787 0.503287
vt 0.077090 0.418981
vt 0.101681 0.337915
vt 0.141616 0.263204
vt 0.195358 0.197719
vt 0.260843 0.143976
vt 0.335554 0.104043
vt 0.416620 0.079451
vt 0.500926 0.071148
vt 0.585232 0.079451
vt 0.666299 0.104043
vt 0.741010 0.143977
vt 0.806495 0.197719
vt 0.860237 0.263203
vt 0.900171 0.337915
vt 0.924762 0.418981
vt 0.933066 0.503287
vt 0.924762 0.587594
vt 0.900171 0.668660
vt 0.860237 0.743371
vt 0.806495 0.808856
vt 0.741010 0.862598
vt 0.666299 0.902532
vt 0.585232 0.927123
vt 0.500926 0.935427
vn 0.0000 1.0000 -0.0000
usemtl Vent
s 1
f 1030/2322/407 1031/2323/407 1032/2324/407 1033/2325/407 1034/2326/407 1035/2327/407 1036/2328/407 1037/2329/407 1038/2330/407 1039/2331/407 1040/2332/407 1041/2333/407 1042/2334/407 1043/2335/407 1044/2336/407 1045/2337/407 1046/2338/407 1047/2339/407 1048/2340/407 1049/2341/407 1050/2342/407 1051/2343/407 1052/2344/407 1053/2345/407 1054/2346/407 1055/2347/407 1056/2348/407 1057/2349/407 1058/2350/407 1059/2351/407 1060/2352/407 1029/2353/407
o Cube.011_Cube.019
v 1.558991 0.378964 0.665188
v 1.727183 0.378964 0.665188
v 1.909822 0.378964 0.665188
v 1.559926 0.900090 0.665188
v 1.558991 0.899155 0.665188
v 1.909822 0.899155 0.665188
v 1.908886 0.900090 0.665188
v 1.727183 0.900090 0.665188
v 1.558991 0.378964 0.672521
v 1.727183 0.378964 0.672521
v 1.909822 0.378964 0.672521
v 1.559926 0.900090 0.672521
v 1.558991 0.899155 0.672521
v 1.909822 0.899155 0.672521
v 1.908886 0.900090 0.672521
v 1.727183 0.900090 0.672521
vt 0.528342 0.524599
vt 0.528342 0.898139
vt 0.529027 0.898823
vt 0.647580 0.898824
vt 0.647580 0.524599
vt 0.778663 0.898824
vt 0.779348 0.898139
vt 0.779348 0.524599
vt 0.412378 0.922672
vt 0.412378 0.088347
vt 0.424128 0.088347
vt 0.424128 0.922672
vt 0.412378 0.088347
vt 0.412378 0.922672
vt 0.424128 0.922672
vt 0.424128 0.088347
vt 0.488586 0.494206
vt 0.222802 0.494206
vt 0.222802 0.505794
vt 0.488586 0.505794
vt 0.488586 0.494206
vt 0.775720 0.494206
vt 0.775720 0.505794
vt 0.488586 0.505794
vt 0.224280 0.494206
vt 0.488586 0.494206
vt 0.488586 0.505794
vt 0.224280 0.505794
vt 0.777198 0.494206
vt 0.488586 0.494206
vt 0.488586 0.505794
vt 0.777198 0.505794
vt 0.412378 0.924170
vt 0.424128 0.924170
vt 0.412378 0.922672
vt 0.424128 0.924170
vt 0.412378 0.924170
vt 0.424128 0.922672
vn 0.0000 0.0000 -1.0000
vn 1.0000 0.0000 0.0000
vn -1.0000 0.0000 0.0000
vn 0.0000 -1.0000 0.0000
vn 0.0000 1.0000 0.0000
vn -0.7071 0.7071 0.0000
vn 0.7071 0.7071 0.0000
usemtl Metal_01.002
s off
f 1061/2354/408 1065/2355/408 1064/2356/408 1068/2357/408 1062/2358/408
f 1062/2358/408 1068/2357/408 1067/2359/408 1066/2360/408 1063/2361/408
f 1066/2362/409 1074/2363/409 1071/2364/409 1063/2365/409
f 1061/2366/410 1069/2367/410 1073/2368/410 1065/2369/410
f 1062/2370/411 1070/2371/411 1069/2372/411 1061/2373/411
f 1068/2374/412 1076/2375/412 1075/2376/412 1067/2377/412
f 1064/2378/412 1072/2379/412 1076/2380/412 1068/2381/412
f 1063/2382/411 1071/2383/411 1070/2384/411 1062/2385/411
f 1064/2386/413 1065/2387/413 1073/2368/413 1072/2388/413
f 1075/2389/414 1074/2390/414 1066/2362/414 1067/2391/414
o Cube.001_Cube.002
v 1.906210 0.378964 0.952002
v 1.738018 0.378964 0.952002
v 1.555380 0.378964 0.952002
v 1.905275 0.900090 0.952002
v 1.906210 0.899155 0.952002
v 1.555380 0.899155 0.952002
v 1.556315 0.900090 0.952002
v 1.738018 0.900090 0.952002
v 1.906210 0.378964 0.944669
v 1.738018 0.378964 0.944669
v 1.555380 0.378964 0.944669
v 1.905275 0.900090 0.944669
v 1.906210 0.899155 0.944669
v 1.555380 0.899155 0.944669
v 1.556315 0.900090 0.944669
v 1.738018 0.900090 0.944669
vt 0.528342 0.524599
vt 0.528342 0.898139
vt 0.529027 0.898823
vt 0.647580 0.898824
vt 0.647580 0.524599
vt 0.778663 0.898824
vt 0.779348 0.898139
vt 0.779348 0.524599
vt 0.412378 0.922672
vt 0.412378 0.088347
vt 0.424128 0.088347
vt 0.424128 0.922672
vt 0.412378 0.088347
vt 0.412378 0.922672
vt 0.424128 0.922672
vt 0.424128 0.088347
vt 0.488586 0.494206
vt 0.222802 0.494206
vt 0.222802 0.505794
vt 0.488586 0.505794
vt 0.488586 0.494206
vt 0.775720 0.494206
vt 0.775720 0.505794
vt 0.488586 0.505794
vt 0.224280 0.494206
vt 0.488586 0.494206
vt 0.488586 0.505794
vt 0.224280 0.505794
vt 0.777198 0.494206
vt 0.488586 0.494206
vt 0.488586 0.505794
vt 0.777198 0.505794
vt 0.412378 0.924170
vt 0.424128 0.924170
vt 0.412378 0.922672
vt 0.424128 0.924170
vt 0.412378 0.924170
vt 0.424128 0.922672
vn -0.0000 0.0000 1.0000
vn -1.0000 0.0000 0.0000
vn 1.0000 0.0000 0.0000
vn 0.0000 -1.0000 0.0000
vn 0.0000 1.0000 0.0000
vn 0.7070 0.7072 0.0000
vn -0.7071 0.7071 0.0000
usemtl Metal_01.002
s off
f 1077/2392/415 1081/2393/415 1080/2394/415 1084/2395/415 1078/2396/415
f 1078/2396/415 1084/2395/415 1083/2397/415 1082/2398/415 1079/2399/415
f 1082/2400/416 1090/2401/416 1087/2402/416 1079/2403/416
f 1077/2404/417 1085/2405/417 1089/2406/417 1081/2407/417
f 1078/2408/418 1086/2409/418 1085/2410/418 1077/2411/418
f 1084/2412/419 1092/2413/419 1091/2414/419 1083/2415/419
f 1080/2416/419 1088/2417/419 1092/2418/419 1084/2419/419
f 1079/2420/418 1087/2421/418 1086/2422/418 1078/2423/418
f 1080/2424/420 1081/2425/420 1089/2406/420 1088/2426/420
f 1091/2427/421 1090/2428/421 1082/2400/421 1083/2429/421
o Cube.005_Cube.007
v 1.420020 0.084832 0.665573
v 1.420020 0.272314 0.665573
v 1.726966 0.272314 0.665573
v 1.420020 0.358473 0.665573
v 1.726966 0.358473 0.665573
v 1.542915 0.084832 0.665573
v 1.542915 0.272314 0.665573
v 1.542915 0.358473 0.665573
v 1.910701 0.272246 0.665573
v 1.910701 0.358473 0.665573
v 1.721592 0.084832 0.665573
v 1.821853 0.184980 0.665572
v 1.420020 0.084832 0.672906
v 1.420020 0.266826 0.672906
v 1.420020 0.358473 0.672906
v 1.726966 0.358473 0.672906
v 1.542915 0.084832 0.672906
v 1.542915 0.358473 0.672906
v 1.910701 0.272246 0.672906
v 1.910701 0.358473 0.672906
v 1.721592 0.084832 0.672906
v 1.821853 0.184980 0.672906
vt 0.744336 0.115920
vt 0.674984 0.115920
vt 0.674984 0.218624
vt 0.744336 0.218624
vt 0.848200 0.218624
vt 0.848200 0.270343
vt 0.951886 0.270343
vt 0.951886 0.221683
vt 0.901748 0.172436
vt 0.845167 0.115920
vt 0.744336 0.270343
vt 0.674984 0.270343
vt 0.674984 0.218624
vt 0.674984 0.270343
vt 0.845167 0.115920
vt 0.744336 0.115920
vt 0.674984 0.115920
vt 0.901748 0.172436
vt 0.744336 0.270343
vt 0.848200 0.270343
vt 0.951886 0.270343
vt 0.951886 0.221683
vn 0.0000 0.0000 -1.0000
vn -1.0000 0.0000 -0.0000
vn 0.0000 -1.0000 -0.0000
vn 0.7067 -0.7075 -0.0000
vn 0.0000 1.0000 -0.0000
vn 0.7007 -0.7134 -0.0000
vn 1.0000 0.0000 -0.0000
usemtl Metal_01
s off
f 1098/2430/422 1093/2431/422 1094/2432/422 1099/2433/422
f 1095/2434/422 1097/2435/422 1102/2436/422 1101/2437/422
f 1095/2434/422 1101/2437/422 1104/2438/422 1103/2439/422
f 1099/2433/422 1100/2440/422 1097/2435/422 1095/2434/422
f 1094/2432/422 1096/2441/422 1100/2440/422 1099/2433/422
f 1103/2439/422 1098/2430/422 1099/2433/422 1095/2434/422
f 1094/2432/423 1106/2442/423 1107/2443/423 1096/2441/423
f 1103/2439/424 1113/2444/424 1109/2445/424 1098/2430/424
f 1098/2430/424 1109/2445/424 1105/2446/424 1093/2431/424
f 1104/2438/425 1114/2447/425 1113/2444/425 1103/2439/425
f 1096/2441/426 1107/2443/426 1110/2448/426 1100/2440/426
f 1100/2440/426 1110/2448/426 1108/2449/426 1097/2435/426
f 1097/2435/426 1108/2449/426 1112/2450/426 1102/2436/426
f 1101/2437/427 1111/2451/427 1114/2447/427 1104/2438/427
f 1093/2431/423 1105/2446/423 1106/2442/423 1094/2432/423
f 1102/2436/428 1112/2450/428 1111/2451/428 1101/2437/428
